Date,NIFTY_50,India_VIX,NIFTY_IT,NIFTY_Bank,SP_500,NASDAQ_100,US_VIX,Brent_Crude,Gold,USD_INR
2016-01-05,7784.64990234375,16.700000762939453,10997.150390625,16542.30859375,2012.6600341796875,4497.85986328125,20.700000762939453,37.220001220703125,1075.0999755859375,66.19300079345703
2016-01-06,7741.0,16.549999237060547,11018.150390625,16432.958984375,2016.7099609375,4484.18017578125,19.34000015258789,36.41999816894531,1078.4000244140625,66.60099792480469
2016-01-07,7568.2998046875,18.959999084472656,10863.2001953125,16073.6630859375,1990.260009765625,4443.990234375,20.59000015258789,34.22999954223633,1091.9000244140625,66.52400207519531
2016-01-08,7601.35009765625,17.799999237060547,10989.5498046875,16142.462890625,1943.0899658203125,4305.72021484375,24.989999771118164,33.75,1107.699951171875,66.7239990234375
2016-01-11,7563.85009765625,18.690000534057617,10823.900390625,16016.0634765625,1922.030029296875,4270.77978515625,27.01000022888184,33.54999923706055,1097.800048828125,66.9209976196289
2016-01-12,7510.2998046875,18.709999084472656,10790.349609375,15734.6171875,1923.6700439453125,4283.5498046875,24.299999237060547,31.549999237060547,1096.5,66.83999633789062
2016-01-13,7562.39990234375,18.350000381469727,10839.849609375,15871.6650390625,1938.6800537109373,4333.72021484375,22.46999931335449,30.86000061035156,1085.5999755859375,66.79299926757812
2016-01-14,7536.7998046875,18.61000061035156,10980.4501953125,15609.6181640625,1890.280029296875,4183.1201171875,25.21999931335449,30.309999465942383,1087.5,66.91999816894531
2016-01-15,7437.7998046875,19.420000076293945,10994.9501953125,15206.123046875,1921.8399658203125,4272.97021484375,23.950000762939453,31.030000686645508,1073.9000244140625,66.93599700927734
2016-01-18,7351.0,20.229999542236328,10984.0,15020.625,1880.3299560546875,4141.080078125,27.020000457763672,31.01000022888184,1091.5,67.30400085449219
2016-01-19,7435.10009765625,18.43000030517578,10963.099609375,15269.47265625,1880.3299560546875,4141.080078125,27.020000457763672,31.01000022888184,1091.5,67.76699829101562
2016-01-20,7309.2998046875,20.96999931335449,10910.5,14935.326171875,1881.3299560546875,4147.06982421875,26.049999237060547,28.76000022888184,1089.9000244140625,67.71099853515625
2016-01-21,7276.7998046875,20.809999465942383,10934.7001953125,15101.0244140625,1859.3299560546875,4136.27978515625,27.59000015258789,27.8799991607666,1107.0999755859375,67.76699829101562
2016-01-22,7422.4501953125,18.81999969482422,11006.7001953125,15497.3701171875,1868.989990234375,4142.60009765625,26.690000534057617,29.25,1099.0999755859375,67.9489974975586
2016-01-25,7436.14990234375,18.270000457763672,11025.349609375,15560.9697265625,1906.9000244140625,4259.77001953125,22.34000015258789,32.18000030517578,1097.199951171875,67.80799865722656
2016-01-27,7437.75,19.059999465942383,11029.099609375,15534.4189453125,1903.6300048828125,4233.85009765625,22.5,31.799999237060547,1121.699951171875,67.74099731445312
2016-01-28,7424.64990234375,17.899999618530273,11002.7001953125,15381.271484375,1882.949951171875,4128.85986328125,23.11000061035156,33.099998474121094,1116.0999755859375,67.7699966430664
2016-01-29,7563.5498046875,17.239999771118164,11236.150390625,15522.2197265625,1893.3599853515625,4186.06005859375,22.420000076293945,33.88999938964844,1115.5999755859375,68.19599914550781
2016-02-01,7555.9501953125,17.889999389648438,11305.25,15314.2724609375,1940.239990234375,4279.169921875,20.200000762939453,34.7400016784668,1116.4000244140625,68.09300231933594
2016-02-02,7455.5498046875,18.040000915527344,11242.099609375,15067.8251953125,1939.3800048828125,4286.56005859375,19.979999542236328,34.689998626708984,1127.9000244140625,67.87000274658203
2016-02-03,7361.7998046875,18.59000015258789,11122.25,14833.876953125,1903.030029296875,4193.10009765625,21.979999542236328,32.720001220703125,1127.300048828125,67.88200378417969
2016-02-04,7404.0,18.209999084472656,11213.650390625,14868.9775390625,1912.530029296875,4171.97021484375,21.649999618530277,35.040000915527344,1141.300048828125,67.98600006103516
2016-02-05,7489.10009765625,18.11000061035156,11227.5498046875,15161.8740234375,1915.449951171875,4167.77001953125,21.84000015258789,34.459999084472656,1157.5999755859375,67.927001953125
2016-02-08,7387.25,20.26000022888184,11001.4501953125,15046.625,1880.050048828125,4024.469970703125,23.3799991607666,34.060001373291016,1157.800048828125,67.56400299072266
2016-02-09,7298.2001953125,21.729999542236328,10614.25,14874.9267578125,1853.43994140625,3960.669921875,26.0,32.880001068115234,1197.9000244140625,67.802001953125
2016-02-10,7215.7001953125,22.46999931335449,10600.4501953125,14588.2802734375,1852.2099609375,3947.800048828125,26.540000915527344,30.31999969482422,1198.699951171875,68.07599639892578
2016-02-11,6976.35009765625,25.96999931335449,10312.9501953125,14028.38671875,1851.8599853515625,3966.280029296875,26.290000915527344,30.84000015258789,1194.699951171875,67.9280014038086
2016-02-12,6980.9501953125,24.670000076293945,10324.4501953125,13971.337890625,1829.0799560546875,3962.219970703125,28.13999938964844,30.059999465942383,1247.9000244140625,67.89299774169922
2016-02-15,7162.9501953125,22.3799991607666,10493.75,14444.83203125,1864.780029296875,4019.18994140625,25.399999618530277,33.36000061035156,1239.0999755859375,68.4739990234375
2016-02-16,7048.25,23.040000915527344,10418.650390625,14166.28515625,1864.780029296875,4019.18994140625,25.399999618530277,33.36000061035156,1239.0999755859375,68.11100006103516
2016-02-17,7108.4501953125,21.82999992370605,10502.4501953125,14119.685546875,1895.5799560546875,4104.330078125,24.11000061035156,32.18000030517578,1207.9000244140625,68.13700103759766
2016-02-18,7191.75,21.489999771118164,10702.25,14297.984375,1926.8199462890625,4199.10009765625,22.309999465942383,34.5,1211.0999755859375,68.50599670410156
2016-02-19,7210.75,20.920000076293945,10768.900390625,14344.033203125,1917.8299560546875,4151.490234375,21.63999938964844,34.279998779296875,1226.0999755859375,68.35600280761719
2016-02-22,7234.5498046875,21.020000457763672,10720.599609375,14384.6328125,1917.780029296875,4164.08984375,20.530000686645508,33.0099983215332,1230.4000244140625,68.56600189208984
2016-02-23,7109.5498046875,23.84000015258789,10601.4501953125,14008.1865234375,1945.5,4231.27001953125,19.3799991607666,34.689998626708984,1209.5,68.53800201416016
2016-02-24,7018.7001953125,22.959999084472656,10468.0498046875,13793.8896484375,1921.27001953125,4162.5400390625,20.979999542236328,33.27000045776367,1222.300048828125,68.5739974975586
2016-02-25,6970.60009765625,22.75,10403.5,13555.54296875,1929.800048828125,4200.66015625,20.71999931335449,34.40999984741211,1238.699951171875,68.60299682617188
2016-02-26,7029.75,21.8700008392334,10463.349609375,13791.2900390625,1951.699951171875,4241.06005859375,19.11000061035156,35.290000915527344,1238.199951171875,68.3759994506836
2016-02-29,6987.0498046875,20.15999984741211,10278.400390625,13946.23828125,1948.050048828125,4235.6201171875,19.809999465942383,35.099998474121094,1219.800048828125,68.7969970703125
2016-03-01,7222.2998046875,18.670000076293945,10637.349609375,14412.732421875,1932.22998046875,4201.1201171875,20.549999237060547,35.970001220703125,1233.9000244140625,68.7300033569336
2016-03-02,7368.85009765625,18.989999771118164,10897.099609375,15092.2744140625,1978.3499755859373,4333.60986328125,17.700000762939453,35.959999084472656,1230.300048828125,68.21800231933594
2016-03-03,7475.60009765625,18.040000915527344,11054.9501953125,15177.5732421875,1986.449951171875,4334.39013671875,17.09000015258789,36.93000030517578,1241.0999755859375,67.74600219726562
2016-03-04,7485.35009765625,17.8799991607666,10980.849609375,15339.021484375,1993.4000244140625,4325.85986328125,16.700000762939453,37.06999969482422,1257.4000244140625,67.38800048828125
2016-03-08,7485.2998046875,18.46999931335449,10914.2001953125,15146.32421875,2001.760009765625,4303.330078125,17.350000381469727,40.84000015258789,1263.199951171875,66.93000030517578
2016-03-09,7531.7998046875,17.510000228881836,10925.7998046875,15278.8720703125,1979.260009765625,4265.509765625,18.670000076293945,39.650001525878906,1262.0999755859375,67.0459976196289
2016-03-10,7486.14990234375,17.899999618530273,10826.900390625,15180.4736328125,1989.260009765625,4293.22998046875,18.34000015258789,41.06999969482422,1256.5999755859375,67.35700225830078
2016-03-11,7510.2001953125,17.100000381469727,10835.4501953125,15168.0234375,1989.5699462890625,4286.97021484375,18.049999237060547,40.04999923706055,1272.0,67.1449966430664
2016-03-14,7538.75,17.100000381469727,10866.849609375,15277.6220703125,2022.18994140625,4361.830078125,16.5,40.38999938964844,1258.699951171875,67.30899810791016
2016-03-15,7460.60009765625,17.600000381469727,10730.4501953125,15326.6220703125,2019.6400146484373,4367.330078125,16.920000076293945,39.52999877929688,1244.4000244140625,66.91300201416016
2016-03-16,7498.75,17.110000610351562,10803.2001953125,15461.5205078125,2015.9300537109373,4367.080078125,16.84000015258789,38.7400016784668,1230.4000244140625,67.17400360107422
2016-03-17,7512.5498046875,16.84000015258789,10923.5,15443.8203125,2027.219970703125,4404.2001953125,14.989999771118164,40.33000183105469,1229.300048828125,67.35900115966797
2016-03-18,7604.35009765625,16.3799991607666,11159.7001953125,15654.66796875,2040.5899658203125,4400.259765625,14.4399995803833,41.540000915527344,1264.5,66.83000183105469
2016-03-21,7704.25,16.329999923706055,11193.849609375,15925.9140625,2049.580078125,4410.830078125,14.020000457763672,41.20000076293945,1253.800048828125,66.61199951171875
2016-03-22,7714.89990234375,16.43000030517578,11206.599609375,15935.814453125,2051.60009765625,4426.97998046875,13.789999961853027,41.540000915527344,1243.800048828125,66.3759994506836
2016-03-23,7716.5,16.350000381469727,11228.150390625,15887.5654296875,2049.800048828125,4437.6201171875,14.170000076293944,41.790000915527344,1248.199951171875,66.5199966430664
2016-03-28,7615.10009765625,17.489999771118164,11168.7001953125,15604.71875,2035.93994140625,4405.52978515625,14.739999771118164,40.43999862670898,1221.4000244140625,66.90699768066406
2016-03-29,7597.0,17.639999389648438,11114.7001953125,15666.068359375,2037.050048828125,4398.06982421875,15.239999771118164,40.27000045776367,1219.9000244140625,66.90699768066406
2016-03-30,7735.2001953125,16.809999465942383,11254.5498046875,16134.662109375,2055.010009765625,4467.72021484375,13.81999969482422,39.13999938964844,1235.5999755859375,66.90699768066406
2016-03-31,7738.39990234375,16.579999923706055,11309.2998046875,16141.462890625,2063.949951171875,4490.8798828125,13.5600004196167,39.2599983215332,1226.9000244140625,66.36799621582031
2016-04-01,7713.0498046875,17.280000686645508,11194.650390625,16174.7119140625,2059.739990234375,4483.66015625,13.949999809265137,39.59999847412109,1234.199951171875,66.36799621582031
2016-04-04,7758.7998046875,17.450000762939453,11387.7001953125,16190.4111328125,2072.780029296875,4532.080078125,13.100000381469728,39.65999984741211,1222.199951171875,66.24800109863281
2016-04-05,7603.2001953125,17.829999923706055,11274.9501953125,15694.8173828125,2066.1298828125,4511.7001953125,14.119999885559082,37.68999862670898,1218.0,66.35800170898438
2016-04-06,7614.35009765625,17.350000381469727,11224.9501953125,15636.7685546875,2045.1700439453125,4470.75,15.420000076293944,37.869998931884766,1228.4000244140625,66.13300323486328
2016-04-07,7546.4501953125,16.93000030517578,11102.599609375,15530.5693359375,2066.659912109375,4543.77978515625,14.09000015258789,39.84000015258789,1222.5,66.46800231933594
2016-04-08,7555.2001953125,16.43000030517578,11061.150390625,15568.1689453125,2041.9100341796875,4475.2900390625,16.15999984741211,39.43000030517578,1236.199951171875,66.53299713134766
2016-04-11,7671.39990234375,16.010000228881836,11291.349609375,15818.31640625,2047.5999755859373,4474.93017578125,15.359999656677246,41.93999862670898,1242.5,66.77899932861328
2016-04-12,7708.9501953125,16.020000457763672,11304.4501953125,15880.015625,2041.989990234375,4458.7099609375,16.260000228881836,42.83000183105469,1256.699951171875,66.54399871826172
2016-04-13,7850.4501953125,16.040000915527344,11351.849609375,16278.3603515625,2061.719970703125,4496.0400390625,14.850000381469728,44.68999862670898,1259.4000244140625,66.29000091552734
2016-04-18,7914.7001953125,16.950000762939453,11597.25,16222.51171875,2080.72998046875,4543.16015625,13.619999885559082,43.09999847412109,1233.0999755859375,66.63700103759766
2016-04-20,7914.75,17.079999923706055,11552.75,16349.509765625,2100.800048828125,4537.08984375,13.239999771118164,44.02999877929688,1253.0,66.40899658203125
2016-04-21,7912.0498046875,16.510000228881836,11355.400390625,16636.95703125,2102.39990234375,4540.43994140625,13.279999732971191,45.79999923706055,1253.199951171875,66.22200012207031
2016-04-22,7899.2998046875,16.3799991607666,11304.0498046875,16703.20703125,2091.47998046875,4540.7998046875,13.949999809265137,44.52999877929688,1249.0,66.2040023803711
2016-04-25,7855.0498046875,16.56999969482422,11315.4501953125,16678.45703125,2091.580078125,4474.18994140625,13.220000267028809,45.11000061035156,1228.699951171875,66.51200103759766
2016-04-26,7962.64990234375,16.579999923706055,11417.349609375,17002.353515625,2087.7900390625,4474.1298828125,14.079999923706056,44.47999954223633,1238.9000244140625,66.65299987792969
2016-04-27,7979.89990234375,16.350000381469727,11453.0,16872.75390625,2091.699951171875,4452.97021484375,13.960000038146973,45.7400016784668,1242.199951171875,66.70500183105469
2016-04-28,7847.25,16.600000381469727,11287.150390625,16716.70703125,2095.14990234375,4416.6298828125,13.770000457763672,47.18000030517578,1249.199951171875,66.45700073242188
2016-04-29,7849.7998046875,16.540000915527344,11196.25,16794.8046875,2075.81005859375,4363.990234375,15.220000267028809,48.13999938964844,1265.5,66.3550033569336
2016-05-02,7805.89990234375,17.09000015258789,11117.7001953125,16542.80859375,2065.300048828125,4341.2998046875,15.699999809265137,48.130001068115234,1289.199951171875,66.43800354003906
2016-05-03,7747.0,17.459999084472656,10925.7001953125,16388.5078125,2081.429931640625,4381.2998046875,14.68000030517578,48.09999847412109,1294.699951171875,66.41799926757812
2016-05-04,7706.5498046875,17.450000762939453,10948.599609375,16274.060546875,2063.3701171875,4341.39013671875,15.600000381469728,46.75,1290.699951171875,66.37100219726562
2016-05-05,7735.5,17.170000076293945,10973.849609375,16280.810546875,2051.1201171875,4312.009765625,16.049999237060547,44.619998931884766,1273.300048828125,66.59200286865234
2016-05-06,7733.4501953125,16.950000762939453,10887.0,16296.41015625,2050.6298828125,4309.47998046875,15.90999984741211,45.0099983215332,1271.4000244140625,66.62000274658203
2016-05-09,7866.0498046875,16.610000610351562,10991.5,16685.90625,2057.139892578125,4330.169921875,14.720000267028809,45.369998931884766,1292.9000244140625,66.60199737548828
2016-05-10,7887.7998046875,16.420000076293945,11034.400390625,16784.75390625,2058.68994140625,4341.22998046875,14.56999969482422,43.630001068115234,1265.5999755859375,66.59400177001953
2016-05-11,7848.85009765625,16.959999084472656,10960.400390625,16754.25390625,2084.389892578125,4402.0400390625,13.630000114440918,45.52000045776367,1263.9000244140625,66.72100067138672
2016-05-12,7900.39990234375,16.329999923706055,11081.099609375,16923.501953125,2064.4599609375,4361.02978515625,14.6899995803833,47.59999847412109,1274.5999755859375,66.66600036621094
2016-05-13,7814.89990234375,17.0,11030.7001953125,16716.70703125,2064.110107421875,4342.81005859375,14.40999984741211,48.08000183105469,1270.300048828125,66.59100341796875
2016-05-16,7860.75,17.030000686645508,11087.75,16737.35546875,2046.6099853515625,4326.52978515625,15.039999961853027,47.83000183105469,1271.9000244140625,66.7509994506836
2016-05-17,7890.75,16.3700008392334,11125.099609375,16762.5546875,2066.659912109375,4380.47998046875,14.68000030517578,48.970001220703125,1273.4000244140625,66.9000015258789
2016-05-18,7870.14990234375,16.450000762939453,11120.0498046875,16728.75390625,2047.2099609375,4322.56005859375,15.56999969482422,49.27999877929688,1276.199951171875,66.875
2016-05-19,7783.39990234375,17.059999465942383,11094.599609375,16565.056640625,2047.6300048828125,4338.22998046875,15.949999809265137,48.93000030517578,1273.699951171875,66.86799621582031
2016-05-20,7749.7001953125,16.43000030517578,11036.150390625,16481.2578125,2040.0400390625,4315.580078125,16.329999923706055,48.810001373291016,1254.199951171875,67.16000366210938
2016-05-23,7731.0498046875,16.15999984741211,10939.900390625,16407.359375,2052.320068359375,4362.89990234375,15.199999809265137,48.720001220703125,1252.4000244140625,67.47699737548828
2016-05-24,7748.85009765625,16.219999313354492,10924.7998046875,16456.458984375,2048.0400390625,4355.10009765625,15.81999969482422,48.34999847412109,1251.0999755859375,67.4229965209961
2016-05-25,7934.89990234375,15.520000457763672,11215.5,16997.251953125,2076.06005859375,4444.2998046875,14.420000076293944,48.61000061035156,1228.9000244140625,67.447998046875
2016-05-26,8069.64990234375,15.329999923706056,11337.150390625,17359.099609375,2090.5400390625,4476.43017578125,13.899999618530272,49.7400016784668,1223.5,67.6510009765625
2016-05-27,8156.64990234375,15.260000228881836,11420.849609375,17511.59765625,2090.10009765625,4487.9599609375,13.43000030517578,49.59000015258789,1220.0999755859375,67.30400085449219
2016-05-30,8178.5,15.979999542236328,11547.5,17520.447265625,2099.06005859375,4512.5400390625,13.119999885559082,49.31999969482422,1213.800048828125,66.9540023803711
2016-05-31,8160.10009765625,16.049999237060547,11395.849609375,17620.6953125,2099.06005859375,4512.5400390625,13.119999885559082,49.31999969482422,1213.800048828125,67.02400207519531
2016-06-01,8179.9501953125,15.84000015258789,11494.900390625,17423.24609375,2096.949951171875,4523.89013671875,14.1899995803833,49.68999862670898,1214.800048828125,67.13300323486328
2016-06-02,8218.9501953125,15.09000015258789,11458.2001953125,17567.595703125,2099.330078125,4520.06982421875,14.199999809265137,49.709999084472656,1211.9000244140625,67.23100280761719
2016-06-03,8220.7998046875,15.0,11462.0,17680.595703125,2105.260009765625,4531.35009765625,13.630000114440918,50.040000915527344,1209.800048828125,67.4260025024414
2016-06-06,8201.0498046875,15.359999656677246,11395.7998046875,17671.1953125,2099.1298828125,4509.7900390625,13.470000267028809,49.63999938964844,1240.0999755859375,67.29199981689453
2016-06-07,8266.4501953125,14.869999885559082,11413.349609375,17947.94140625,2109.409912109375,4523.6298828125,13.649999618530272,50.54999923706055,1244.5999755859375,66.99199676513672
2016-06-08,8273.0498046875,15.140000343322754,11404.5,17946.591796875,2112.1298828125,4513.08984375,14.050000190734863,51.43999862670898,1244.4000244140625,66.8010025024414
2016-06-09,8203.599609375,15.670000076293944,11264.849609375,17887.4921875,2119.1201171875,4520.6298828125,14.079999923706056,52.5099983215332,1259.800048828125,66.76300048828125
2016-06-10,8170.0498046875,15.970000267028809,11229.0498046875,17828.392578125,2115.47998046875,4512.68994140625,14.640000343322754,51.95000076293945,1270.199951171875,66.51000213623047
2016-06-13,8110.60009765625,16.579999923706055,11191.5498046875,17593.744140625,2096.070068359375,4461.0498046875,17.030000686645508,50.540000915527344,1273.4000244140625,66.74099731445312
2016-06-14,8108.85009765625,17.190000534057617,11169.4501953125,17672.1953125,2079.06005859375,4422.759765625,20.96999931335449,50.34999847412109,1284.4000244140625,66.94499969482422
2016-06-15,8206.599609375,17.059999465942383,11282.0498046875,17917.69140625,2075.320068359375,4424.91015625,20.5,49.83000183105469,1285.5999755859375,67.15399932861328
2016-06-16,8140.75,17.700000762939453,11244.25,17671.095703125,2071.5,4409.509765625,20.13999938964844,48.970001220703125,1285.800048828125,67.2979965209961
2016-06-17,8170.2001953125,17.350000381469727,11290.7998046875,17695.845703125,2077.989990234375,4424.22998046875,19.3700008392334,47.18999862670898,1296.0999755859375,67.072998046875
2016-06-20,8238.5,17.520000457763672,11506.599609375,17718.39453125,2071.219970703125,4374.3798828125,19.40999984741211,49.16999816894531,1292.5,67.30699920654297
2016-06-21,8219.900390625,17.260000228881836,11488.4501953125,17618.89453125,2083.25,4400.16015625,18.3700008392334,50.650001525878906,1290.0,67.06600189208984
2016-06-22,8203.7001953125,18.18000030517578,11490.7998046875,17625.845703125,2088.89990234375,4413.39990234375,18.479999542236328,50.619998931884766,1270.5,67.12999725341797
2016-06-23,8270.4501953125,18.020000457763672,11487.0498046875,17892.2421875,2085.449951171875,4404.72998046875,21.170000076293945,49.880001068115234,1268.0,67.60600280761719
2016-06-24,8088.60009765625,18.6299991607666,11203.150390625,17425.84765625,2113.320068359375,4467.47998046875,17.25,50.90999984741211,1261.199951171875,67.4219970703125
2016-06-27,8094.7001953125,18.530000686645508,11008.0498046875,17514.74609375,2037.4100341796875,4285.7001953125,25.76000022888184,48.40999984741211,1320.0,67.24199676513672
2016-06-28,8127.85009765625,17.729999542236328,10884.650390625,17561.345703125,2000.5400390625,4201.0498046875,23.850000381469727,47.15999984741211,1322.5,67.87699890136719
2016-06-29,8204.0,16.15999984741211,11057.400390625,17689.6953125,2036.0899658203125,4290.47021484375,18.75,48.58000183105469,1315.300048828125,67.9209976196289
2016-06-30,8287.75,16.290000915527344,11120.150390625,17935.19140625,2070.77001953125,4364.740234375,16.639999389648438,50.61000061035156,1323.9000244140625,67.70500183105469
2016-07-01,8328.349609375,15.739999771118164,11098.400390625,17985.44140625,2098.860107421875,4417.7001953125,15.630000114440918,49.68000030517578,1318.4000244140625,67.41600036621094
2016-07-04,8370.7001953125,15.579999923706056,11184.849609375,18097.439453125,2102.949951171875,4437.4501953125,14.770000457763672,49.84000015258789,1336.699951171875,67.5009994506836
2016-07-05,8335.9501953125,15.359999656677246,11141.0,18004.041015625,2102.949951171875,4437.4501953125,14.770000457763672,49.84000015258789,1336.699951171875,67.18199920654297
2016-07-07,8337.900390625,15.3100004196167,10942.0,18084.689453125,2099.72998046875,4444.7001953125,14.960000038146973,48.79999923706055,1364.9000244140625,67.4260025024414
2016-07-08,8323.2001953125,15.079999923706056,10946.7001953125,18016.041015625,2097.89990234375,4459.580078125,14.760000228881836,46.400001525878906,1360.0999755859375,67.4010009765625
2016-07-11,8467.900390625,14.850000381469728,11045.9501953125,18390.736328125,2129.89990234375,4528.35986328125,13.199999809265137,46.7599983215332,1356.5999755859375,67.49700164794922
2016-07-12,8521.0498046875,14.779999732971191,11056.7998046875,18667.3828125,2137.159912109375,4554.7099609375,13.539999961853027,46.25,1355.0,67.13200378417969
2016-07-13,8519.5,15.329999923706056,11128.2001953125,18618.732421875,2152.139892578125,4577.60986328125,13.550000190734863,48.470001220703125,1334.0999755859375,67.1449966430664
2016-07-14,8565.0,15.609999656677246,11157.849609375,18863.53125,2152.429931640625,4565.77001953125,13.039999961853027,46.2599983215332,1342.4000244140625,66.87000274658203
2016-07-15,8541.400390625,15.640000343322754,10716.4501953125,18953.4296875,2163.75,4596.490234375,12.81999969482422,47.369998931884766,1331.300048828125,67.00599670410156
2016-07-18,8508.7001953125,15.989999771118164,10735.099609375,18923.1796875,2161.739990234375,4589.830078125,12.670000076293944,47.61000061035156,1326.5,66.83799743652344
2016-07-19,8528.5498046875,15.800000190734863,10766.2998046875,18904.9296875,2166.889892578125,4619.68017578125,12.4399995803833,46.959999084472656,1328.4000244140625,67.13300323486328
2016-07-20,8565.849609375,15.989999771118164,10764.7001953125,18967.978515625,2163.780029296875,4603.27978515625,11.970000267028809,46.65999984741211,1331.5,67.13899993896484
2016-07-21,8510.099609375,15.710000038146973,10772.25,18674.083984375,2173.02001953125,4657.2001953125,11.770000457763672,47.16999816894531,1318.800048828125,67.20600128173828
2016-07-22,8541.2001953125,15.5,10756.0,18690.18359375,2165.169921875,4647.02001953125,12.739999771118164,46.20000076293945,1330.5,67.16400146484375
2016-07-25,8635.650390625,15.720000267028809,10870.900390625,18989.37890625,2175.030029296875,4666.06982421875,12.020000457763672,45.68999862670898,1323.0999755859375,67.15399932861328
2016-07-26,8590.650390625,15.619999885559082,10877.650390625,18860.630859375,2168.47998046875,4665.93017578125,12.869999885559082,44.720001220703125,1319.300048828125,67.14600372314453
2016-07-27,8615.7998046875,15.43000030517578,10928.4501953125,19021.728515625,2169.179931640625,4672.10986328125,13.050000190734863,44.869998931884766,1320.699951171875,67.40499877929688
2016-07-28,8666.2998046875,15.149999618530272,10935.650390625,19076.328125,2166.580078125,4702.8798828125,12.829999923706056,43.470001220703125,1326.5999755859375,67.28399658203125
2016-07-29,8638.5,14.920000076293944,10913.2998046875,18952.9296875,2170.06005859375,4721.41015625,12.720000267028809,42.70000076293945,1332.300048828125,67.06300354003906
2016-08-01,8636.5498046875,15.18000030517578,11139.0498046875,18740.380859375,2173.60009765625,4730.22998046875,11.869999885559082,42.459999084472656,1349.0,67.00700378417969
2016-08-02,8622.900390625,15.6899995803833,11179.0,18708.033203125,2170.840087890625,4756.0400390625,12.4399995803833,42.45000076293945,1351.4000244140625,66.64800262451172
2016-08-03,8544.849609375,16.239999771118164,11181.400390625,18601.783203125,2157.030029296875,4719.2099609375,13.369999885559082,41.79999923706055,1364.4000244140625,66.7509994506836
2016-08-04,8551.099609375,15.140000343322754,11148.4501953125,18571.482421875,2163.7900390625,4734.330078125,12.859999656677246,43.09999847412109,1356.0999755859375,66.6760025024414
2016-08-05,8683.150390625,14.350000381469728,11137.0498046875,18925.728515625,2164.25,4743.81005859375,12.420000076293944,44.290000915527344,1358.800048828125,66.76000213623047
2016-08-08,8711.349609375,14.59000015258789,11197.2001953125,18939.228515625,2182.8701171875,4791.2099609375,11.390000343322754,44.27000045776367,1336.4000244140625,66.84100341796875
2016-08-09,8678.25,14.539999961853027,11198.0,18933.080078125,2180.889892578125,4784.740234375,11.5,45.38999938964844,1333.4000244140625,66.83499908447266
2016-08-10,8575.2998046875,14.920000076293944,11175.900390625,18647.583984375,2181.739990234375,4795.75,11.65999984741211,44.97999954223633,1339.0,66.79399871826172
2016-08-11,8592.150390625,14.210000038146973,11222.2001953125,18640.18359375,2175.489990234375,4783.39013671875,12.050000190734863,44.04999923706055,1344.300048828125,66.78299713134766
2016-08-16,8642.5498046875,14.18000030517578,10993.5498046875,19001.9296875,2190.14990234375,4827.1201171875,11.8100004196167,48.34999847412109,1340.300048828125,66.89959716796875
2016-08-17,8624.0498046875,14.779999732971191,10808.75,19041.029296875,2178.14990234375,4797.18994140625,12.640000343322754,49.22999954223633,1350.5,66.86489868164062
2016-08-18,8673.25,14.550000190734863,10783.5,19352.576171875,2182.219970703125,4805.4501953125,12.1899995803833,49.84999847412109,1342.699951171875,66.85769653320312
2016-08-19,8666.900390625,14.539999961853027,10727.599609375,19414.47265625,2187.02001953125,4808.68017578125,11.43000030517578,50.88999938964844,1351.199951171875,66.90550231933594
2016-08-22,8629.150390625,14.239999771118164,10593.2001953125,19330.025390625,2183.8701171875,4806.14013671875,11.34000015258789,50.880001068115234,1340.4000244140625,66.81999969482422
2016-08-23,8632.599609375,13.899999618530272,10767.099609375,19341.42578125,2182.639892578125,4808.56005859375,12.270000457763672,49.15999984741211,1337.699951171875,67.12750244140625
2016-08-24,8650.2998046875,13.489999771118164,10786.349609375,19355.375,2186.89990234375,4818.47998046875,12.380000114440918,49.959999084472656,1340.5999755859375,67.1874008178711
2016-08-25,8592.2001953125,13.289999961853027,10665.650390625,19304.025390625,2175.43994140625,4783.490234375,13.449999809265137,49.04999923706055,1324.4000244140625,67.12999725341797
2016-08-26,8572.5498046875,13.56999969482422,10523.0498046875,19195.52734375,2172.469970703125,4775.43017578125,13.630000114440918,49.66999816894531,1320.0999755859375,67.16000366210938
2016-08-29,8607.4501953125,13.170000076293944,10385.349609375,19216.77734375,2169.0400390625,4783.68994140625,13.649999618530272,49.91999816894531,1321.5,67.00559997558594
2016-08-30,8744.349609375,13.020000457763672,10572.2998046875,19531.32421875,2180.3798828125,4791.08984375,12.9399995803833,49.2599983215332,1322.9000244140625,67.12899780273438
2016-08-31,8786.2001953125,13.239999771118164,10546.099609375,19787.369140625,2176.1201171875,4775.990234375,13.119999885559082,48.369998931884766,1311.699951171875,67.08999633789062
2016-09-01,8774.650390625,13.34000015258789,10533.25,19788.619140625,2170.949951171875,4771.0498046875,13.420000076293944,47.040000915527344,1306.9000244140625,67.12660217285156
2016-09-02,8809.650390625,12.9399995803833,10528.349609375,19882.96875,2170.860107421875,4783.93994140625,13.479999542236328,47.04999923706055,1312.199951171875,66.97470092773438
2016-09-06,8943.0,12.75,10545.2998046875,20425.9609375,2179.97998046875,4798.740234375,11.979999542236328,46.83000183105469,1322.0999755859375,66.57279968261719
2016-09-07,8917.9501953125,13.149999618530272,10499.900390625,20406.6640625,2186.47998046875,4829.509765625,12.020000457763672,47.2599983215332,1349.4000244140625,66.45999908447266
2016-09-08,8952.5,13.119999885559082,10240.5,20417.01171875,2186.159912109375,4831.85986328125,11.9399995803833,47.97999954223633,1344.300048828125,66.25520324707031
2016-09-09,8866.7001953125,13.229999542236328,10291.900390625,20245.06640625,2181.300048828125,4804.0,12.510000228881836,49.9900016784668,1336.800048828125,66.47160339355469
2016-09-12,8715.599609375,15.239999771118164,10374.9501953125,19790.369140625,2127.81005859375,4681.5400390625,17.5,48.0099983215332,1330.0999755859375,66.44999694824219
2016-09-14,8726.599609375,14.760000228881836,10302.849609375,19908.919921875,2127.02001953125,4722.85009765625,17.850000381469727,47.09999847412109,1319.0,66.7229995727539
2016-09-15,8742.5498046875,14.68000030517578,10289.5,19837.3203125,2125.77001953125,4746.06005859375,18.13999938964844,45.84999847412109,1321.5,66.99500274658203
2016-09-16,8779.849609375,14.579999923706056,10399.25,19855.21875,2147.260009765625,4819.89990234375,16.299999237060547,46.59000015258789,1313.5,66.75810241699219
2016-09-19,8808.400390625,14.9399995803833,10463.400390625,19906.619140625,2139.159912109375,4818.0498046875,15.369999885559082,45.77000045776367,1305.800048828125,66.85030364990234
2016-09-20,8775.900390625,14.779999732971191,10426.7001953125,19852.0703125,2139.1201171875,4796.06982421875,15.529999732971191,45.95000076293945,1313.5,67.06529998779297
2016-09-21,8777.150390625,14.8100004196167,10456.5,19828.21875,2139.760009765625,4805.22021484375,15.920000076293944,45.880001068115234,1313.699951171875,66.9552001953125
2016-09-22,8867.4501953125,13.34000015258789,10397.150390625,20109.365234375,2163.1201171875,4853.75,13.300000190734863,46.83000183105469,1326.9000244140625,66.9749984741211
2016-09-23,8831.5498046875,13.25,10391.0498046875,19901.5703125,2177.179931640625,4891.35986328125,12.020000457763672,47.650001525878906,1340.4000244140625,66.76119995117188
2016-09-26,8723.0498046875,14.56999969482422,10330.0,19591.521484375,2164.68994140625,4858.91015625,12.289999961853027,45.88999938964844,1337.199951171875,66.62259674072266
2016-09-27,8706.400390625,14.25,10397.0,19518.47265625,2146.10009765625,4817.169921875,14.5,47.34999847412109,1339.699951171875,66.69650268554688
2016-09-28,8745.150390625,13.850000381469728,10360.5,19653.322265625,2159.929931640625,4866.7099609375,13.100000381469728,45.970001220703125,1325.9000244140625,66.60649871826172
2016-09-29,8591.25,18.450000762939453,10257.7998046875,19183.427734375,2171.3701171875,4875.27001953125,12.390000343322754,48.68999862670898,1319.4000244140625,66.44129943847656
2016-09-30,8611.150390625,17.18000030517578,10292.2998046875,19285.474609375,2151.1298828125,4838.2998046875,14.020000457763672,49.2400016784668,1321.699951171875,66.33280181884766
2016-10-03,8738.099609375,15.619999885559082,10309.849609375,19588.822265625,2168.27001953125,4875.7001953125,13.289999961853027,49.060001373291016,1313.300048828125,66.81629943847656
2016-10-04,8769.150390625,14.989999771118164,10394.2998046875,19672.470703125,2161.199951171875,4866.6298828125,13.56999969482422,49.09999847412109,1309.0,66.54650115966797
2016-10-05,8743.9501953125,14.93000030517578,10333.400390625,19536.623046875,2150.489990234375,4859.47021484375,13.630000114440918,50.869998931884766,1266.300048828125,66.38030242919922
2016-10-06,8709.5498046875,14.84000015258789,10242.5,19394.826171875,2159.72998046875,4877.75,12.989999771118164,51.86000061035156,1265.199951171875,66.5780029296875
2016-10-07,8697.599609375,14.489999771118164,10184.25,19399.875,2160.77001953125,4873.919921875,12.84000015258789,52.5099983215332,1249.800048828125,66.56320190429688
2016-10-10,8708.7998046875,14.289999961853027,10270.9501953125,19378.326171875,2153.739990234375,4864.52001953125,13.479999542236328,51.93000030517578,1248.9000244140625,66.68710327148438
2016-10-13,8573.349609375,15.43000030517578,10243.75,18954.029296875,2139.179931640625,4819.64013671875,15.90999984741211,51.810001373291016,1251.0999755859375,66.79850006103516
2016-10-14,8583.400390625,14.890000343322754,10228.650390625,19019.9296875,2132.550048828125,4803.10009765625,16.690000534057617,52.02999877929688,1255.0,66.81809997558594
2016-10-17,8520.400390625,15.65999984741211,10158.75,19070.1796875,2132.97998046875,4808.47998046875,16.1200008392334,51.95000076293945,1253.0999755859375,66.78399658203125
2016-10-18,8677.900390625,14.539999961853027,10377.150390625,19494.82421875,2126.5,4796.169921875,16.209999084472656,51.52000045776367,1254.4000244140625,66.7052993774414
2016-10-19,8659.099609375,14.609999656677246,10411.099609375,19411.873046875,2139.60009765625,4839.72021484375,15.279999732971191,51.68000030517578,1260.800048828125,66.78359985351562
2016-10-20,8699.400390625,14.170000076293944,10372.9501953125,19658.470703125,2144.2900390625,4836.60986328125,14.40999984741211,52.66999816894531,1267.9000244140625,66.73799896240234
2016-10-21,8693.0498046875,13.829999923706056,10477.099609375,19710.671875,2141.340087890625,4832.7099609375,13.75,51.380001068115234,1265.5999755859375,66.63639831542969
2016-10-24,8708.9501953125,14.329999923706056,10327.7001953125,19807.669921875,2141.159912109375,4851.85986328125,13.34000015258789,51.77999877929688,1265.9000244140625,66.84130096435547
2016-10-25,8691.2998046875,14.479999542236328,10261.400390625,19834.669921875,2151.330078125,4909.97021484375,13.020000457763672,51.459999084472656,1262.0,66.91120147705078
2016-10-26,8615.25,14.449999809265137,10157.349609375,19483.373046875,2143.159912109375,4891.4501953125,13.460000038146973,50.790000915527344,1271.9000244140625,66.83399963378906
2016-10-27,8615.25,14.09000015258789,10052.900390625,19514.373046875,2139.429931640625,4860.58984375,14.239999771118164,49.97999954223633,1264.800048828125,66.78130340576172
2016-10-28,8638.0,14.649999618530272,10048.400390625,19555.72265625,2133.0400390625,4836.4501953125,15.359999656677246,50.470001220703125,1267.9000244140625,66.86399841308594
2016-11-01,8626.25,15.739999771118164,9990.599609375,19458.373046875,2126.14990234375,4801.27001953125,17.059999465942383,48.29999923706055,1271.5,66.78140258789062
2016-11-02,8514.0,16.799999237060547,9871.25,19227.677734375,2111.719970703125,4766.93994140625,18.559999465942383,48.33000183105469,1286.4000244140625,66.66549682617188
2016-11-03,8484.9501953125,16.469999313354492,9809.75,19178.4765625,2097.93994140625,4726.91015625,19.31999969482422,46.86000061035156,1306.800048828125,66.67849731445312
2016-11-04,8433.75,16.850000381469727,9924.0498046875,19057.87890625,2088.659912109375,4679.10009765625,22.07999992370605,46.34999847412109,1302.0999755859375,66.77749633789062
2016-11-07,8497.0498046875,16.510000228881836,9970.0,19355.775390625,2085.179931640625,4660.4599609375,22.51000022888184,45.58000183105469,1303.300048828125,66.68450164794922
2016-11-08,8543.5498046875,16.770000457763672,10008.400390625,19500.57421875,2131.52001953125,4773.72998046875,18.709999084472656,46.150001525878906,1278.300048828125,66.7853012084961
2016-11-09,8432.0,16.6200008392334,9683.25,19518.0234375,2139.56005859375,4804.919921875,18.739999771118164,46.040000915527344,1273.4000244140625,66.73500061035156
2016-11-10,8525.75,15.460000038146973,9654.75,20200.015625,2163.260009765625,4825.18017578125,14.380000114440918,46.36000061035156,1272.5999755859375,66.22949981689453
2016-11-11,8296.2998046875,17.360000610351562,9434.599609375,19738.572265625,2167.47998046875,4747.02978515625,14.739999771118164,45.84000015258789,1265.5,66.50749969482422
2016-11-15,8108.4501953125,20.149999618530277,9487.0,19289.525390625,2164.199951171875,4702.0400390625,14.479999542236328,44.43000030517578,1221.199951171875,67.54679870605469
2016-11-16,8111.60009765625,19.5,9641.0,19107.876953125,2180.389892578125,4764.47021484375,13.369999885559082,46.95000076293945,1224.0,67.77549743652344
2016-11-17,8079.9501953125,18.709999084472656,9496.2001953125,19087.626953125,2176.93994140625,4792.27001953125,13.720000267028809,46.630001068115234,1223.4000244140625,67.74800109863281
2016-11-18,8074.10009765625,17.809999465942383,9476.4501953125,18958.830078125,2187.1201171875,4826.58984375,13.350000381469728,46.4900016784668,1216.5,67.98149871826172
2016-11-21,7929.10009765625,19.100000381469727,9453.75,18446.185546875,2181.89990234375,4808.0400390625,12.850000381469728,46.86000061035156,1208.5,67.97480010986328
2016-11-22,8002.2998046875,18.46999931335449,9509.4501953125,18548.435546875,2198.179931640625,4859.0,12.420000076293944,48.900001525878906,1209.5999755859375,68.16999816894531
2016-11-23,8033.2998046875,18.040000915527344,9549.849609375,18540.685546875,2202.93994140625,4873.83984375,12.40999984741211,49.119998931884766,1211.0,68.21549987792969
2016-11-24,7965.5,17.15999984741211,9656.25,18255.88671875,2204.719970703125,4853.85986328125,12.43000030517578,48.95000076293945,1189.0999755859375,68.385498046875
2016-11-25,8114.2998046875,17.610000610351562,10114.900390625,18507.0859375,2204.719970703125,4853.85986328125,12.43000030517578,48.95000076293945,1189.0999755859375,68.79850006103516
2016-11-28,8126.89990234375,18.059999465942383,10106.2001953125,18301.236328125,2213.35009765625,4870.02001953125,12.34000015258789,47.2400016784668,1178.199951171875,68.74549865722656
2016-11-29,8142.14990234375,17.709999084472656,10059.599609375,18223.5390625,2201.719970703125,4857.02001953125,13.149999618530272,48.2400016784668,1190.5999755859375,68.50849914550781
2016-11-30,8224.5,16.850000381469727,10087.7001953125,18627.583984375,2204.659912109375,4873.2099609375,12.899999618530272,46.380001068115234,1187.9000244140625,68.55549621582031
2016-12-01,8192.900390625,16.690000534057617,10049.75,18428.234375,2198.81005859375,4810.81005859375,13.329999923706056,50.470001220703125,1170.800048828125,68.60800170898438
2016-12-02,8086.7998046875,17.93000030517578,9922.7998046875,18247.4375,2191.080078125,4734.10009765625,14.06999969482422,50.459999084472656,1166.9000244140625,68.58799743652344
2016-12-05,8128.75,17.290000915527344,9836.0,18408.685546875,2191.949951171875,4739.3701171875,14.119999885559082,54.459999084472656,1175.0999755859375,68.21649932861328
2016-12-06,8143.14990234375,17.110000610351562,9834.9501953125,18420.685546875,2204.7099609375,4778.14013671875,12.140000343322754,54.93999862670898,1174.0,68.0114974975586
2016-12-07,8102.0498046875,16.850000381469727,9777.900390625,18233.9375,2212.22998046875,4788.669921875,11.789999961853027,53.93000030517578,1167.5999755859375,68.01249694824219
2016-12-08,8246.849609375,15.529999732971191,9935.900390625,18515.234375,2241.35009765625,4851.93994140625,12.220000267028809,53.0,1175.0,67.72200012207031
2016-12-09,8261.75,15.06999969482422,9997.5,18695.583984375,2246.18994140625,4859.18994140625,12.640000343322754,53.88999938964844,1169.800048828125,67.43150329589844
2016-12-12,8170.7998046875,16.190000534057617,9953.900390625,18392.736328125,2259.530029296875,4895.89990234375,11.75,54.33000183105469,1159.4000244140625,67.40599822998047
2016-12-13,8221.7998046875,15.920000076293944,10058.650390625,18465.8359375,2256.9599609375,4874.2998046875,12.640000343322754,55.68999862670898,1163.5,67.46050262451172
2016-12-14,8182.4501953125,16.59000015258789,10128.9501953125,18341.287109375,2271.719970703125,4935.83984375,12.720000267028809,55.720001220703125,1156.699951171875,67.41799926757812
2016-12-15,8153.60009765625,15.65999984741211,10195.75,18400.935546875,2253.280029296875,4921.22021484375,13.1899995803833,53.900001525878906,1161.300048828125,67.3864974975586
2016-12-16,8139.4501953125,15.25,10222.9501953125,18312.587890625,2262.030029296875,4933.41015625,12.789999961853027,54.02000045776367,1127.800048828125,67.81999969482422
2016-12-19,8104.35009765625,14.84000015258789,10223.650390625,18256.837890625,2258.070068359375,4914.85986328125,12.199999809265137,55.209999084472656,1135.300048828125,67.84500122070312
2016-12-20,8082.39990234375,14.539999961853027,10322.849609375,18069.189453125,2262.530029296875,4934.85009765625,11.710000038146973,54.91999816894531,1140.5,67.83499908447266
2016-12-21,8061.2998046875,14.710000038146973,10228.25,18084.2890625,2270.760009765625,4953.7998046875,11.449999809265137,55.34999847412109,1131.5,67.84020233154297
2016-12-22,7979.10009765625,15.550000190734863,10163.0,17891.2421875,2265.179931640625,4948.91015625,11.270000457763672,54.459999084472656,1131.0999755859375,67.89700317382812
2016-12-23,7985.75,15.130000114440918,10071.0498046875,17883.79296875,2260.9599609375,4934.39013671875,11.43000030517578,55.04999923706055,1128.800048828125,67.82550048828125
2016-12-26,7908.25,16.600000381469727,10023.2998046875,17655.345703125,2263.7900390625,4940.02001953125,11.4399995803833,55.15999984741211,1131.9000244140625,67.83799743652344
2016-12-27,8032.85009765625,15.079999923706056,10170.7001953125,17879.34375,2263.7900390625,4940.02001953125,11.4399995803833,55.15999984741211,1131.9000244140625,67.83080291748047
2016-12-28,8034.85009765625,15.539999961853027,10198.599609375,17876.4921875,2268.8798828125,4965.81005859375,11.989999771118164,56.09000015258789,1137.300048828125,67.77200317382812
2016-12-29,8103.60009765625,15.279999732971191,10291.849609375,18032.94140625,2249.919921875,4926.2900390625,12.949999809265137,56.220001220703125,1139.4000244140625,67.96800231933594
2016-12-30,8185.7998046875,15.470000267028809,10399.25,18176.98828125,2249.260009765625,4918.27978515625,13.369999885559082,56.13999938964844,1156.4000244140625,68.20500183105469
2017-01-02,8179.5,15.829999923706056,10367.0498046875,17969.390625,2238.830078125,4863.6201171875,14.039999961853027,56.130001068115234,1150.0,67.93299865722656
2017-01-03,8192.25,15.960000038146973,10362.25,18035.390625,2238.830078125,4863.6201171875,14.039999961853027,56.130001068115234,1150.0,67.9448013305664
2017-01-04,8190.5,15.890000343322754,10496.900390625,17890.79296875,2257.830078125,4911.330078125,12.850000381469728,55.470001220703125,1160.4000244140625,68.13390350341797
2017-01-05,8273.7998046875,15.050000190734863,10400.0498046875,18115.73828125,2270.75,4937.2099609375,11.850000381469728,56.459999084472656,1163.800048828125,68.2697982788086
2017-01-06,8243.7998046875,14.90999984741211,10110.4501953125,18263.787109375,2269.0,4964.9501953125,11.670000076293944,56.88999938964844,1179.699951171875,67.885498046875
2017-01-09,8236.0498046875,15.479999542236328,10198.4501953125,18286.4375,2276.97998046875,5007.080078125,11.31999969482422,57.09999847412109,1171.9000244140625,67.73300170898438
2017-01-10,8288.599609375,15.199999809265137,10221.5,18409.384765625,2268.89990234375,5024.89990234375,11.5600004196167,54.93999862670898,1183.5,68.1426010131836
2017-01-11,8380.650390625,14.8100004196167,10220.5498046875,18829.78125,2268.89990234375,5035.169921875,11.489999771118164,53.63999938964844,1184.199951171875,68.09700012207031
2017-01-12,8407.2001953125,14.609999656677246,10398.7998046875,18873.73046875,2275.320068359375,5050.2099609375,11.260000228881836,55.09999847412109,1195.5999755859375,68.31800079345703
2017-01-13,8400.349609375,14.380000114440918,10263.5498046875,18911.87890625,2270.43994140625,5041.43017578125,11.539999961853027,56.0099983215332,1198.9000244140625,68.13999938964844
2017-01-16,8412.7998046875,15.06999969482422,10173.099609375,19096.2265625,2274.639892578125,5059.509765625,11.229999542236328,55.45000076293945,1195.300048828125,68.12950134277344
2017-01-17,8398.0,15.390000343322754,10206.7998046875,19066.830078125,2274.639892578125,5059.509765625,11.229999542236328,55.45000076293945,1195.300048828125,68.15779876708984
2017-01-18,8417.0,15.18000030517578,10231.599609375,19164.27734375,2267.889892578125,5044.64990234375,11.869999885559082,55.470001220703125,1212.0,68.09459686279297
2017-01-19,8435.099609375,15.020000457763672,10222.150390625,19124.02734375,2271.889892578125,5055.85009765625,12.479999542236328,53.91999816894531,1211.300048828125,67.89949798583984
2017-01-20,8349.349609375,15.789999961853027,10132.650390625,18820.58203125,2263.68994140625,5051.169921875,12.779999732971191,54.15999984741211,1200.9000244140625,68.197998046875
2017-01-23,8391.5,15.90999984741211,10219.400390625,18842.48046875,2271.31005859375,5063.2001953125,11.539999961853027,55.4900016784668,1204.300048828125,68.09030151367188
2017-01-24,8475.7998046875,15.289999961853027,10201.599609375,19023.279296875,2265.199951171875,5065.7001953125,11.770000457763672,55.22999954223633,1215.0,68.07720184326172
2017-01-25,8602.75,15.170000076293944,10164.4501953125,19472.97265625,2280.070068359375,5101.06005859375,11.06999969482422,55.43999862670898,1210.300048828125,68.05139923095703
2017-01-27,8641.25,16.010000228881836,10181.849609375,19708.072265625,2296.679931640625,5156.919921875,10.630000114440918,56.2400016784668,1189.5,67.9729995727539
2017-01-30,8632.75,16.670000076293945,10170.650390625,19585.021484375,2294.68994140625,5168.06005859375,10.579999923706056,55.52000045776367,1188.0999755859375,68.14900207519531
2017-01-31,8561.2998046875,16.829999923706055,9848.5,19514.923828125,2280.89990234375,5129.330078125,11.880000114440918,55.22999954223633,1193.199951171875,68.11000061035156
2017-02-01,8716.400390625,13.970000267028809,9750.0,20020.3671875,2278.8701171875,5116.77001953125,11.989999771118164,55.70000076293945,1208.5999755859375,67.82099914550781
2017-02-02,8734.25,13.520000457763672,9926.0,20070.068359375,2279.550048828125,5152.68994140625,11.8100004196167,55.65999984741211,1205.5999755859375,67.50160217285156
2017-02-03,8740.9501953125,13.130000114440918,10025.7998046875,20196.56640625,2280.85009765625,5147.7001953125,11.93000030517578,56.560001373291016,1216.699951171875,67.39540100097656
2017-02-06,8801.0498046875,13.399999618530272,10029.0498046875,20371.36328125,2297.419921875,5161.60009765625,10.970000267028809,56.810001373291016,1218.5,67.2656021118164
2017-02-07,8768.2998046875,13.510000228881836,9997.9501953125,20327.013671875,2292.56005859375,5167.9599609375,11.369999885559082,55.720001220703125,1230.0,67.15730285644531
2017-02-08,8769.0498046875,13.350000381469728,10007.0498046875,20245.166015625,2293.080078125,5185.8798828125,11.289999961853027,55.04999923706055,1234.199951171875,67.19529724121094
2017-02-09,8778.400390625,13.239999771118164,10167.900390625,20150.916015625,2294.669921875,5196.580078125,11.449999809265137,55.119998931884766,1237.5999755859375,67.34049987792969
2017-02-10,8793.5498046875,13.18000030517578,10387.849609375,20213.666015625,2307.8701171875,5212.16015625,10.880000114440918,55.630001068115234,1235.0999755859375,66.96430206298828
2017-02-13,8805.0498046875,13.6899995803833,10452.900390625,20251.564453125,2316.10009765625,5226.68994140625,10.850000381469728,56.70000076293945,1234.4000244140625,66.74530029296875
2017-02-14,8792.2998046875,13.800000190734863,10474.099609375,20257.86328125,2328.25,5256.81982421875,11.06999969482422,55.59000015258789,1224.4000244140625,66.84369659423828
2017-02-15,8724.7001953125,14.210000038146973,10427.650390625,20163.46484375,2337.580078125,5271.06982421875,10.739999771118164,55.970001220703125,1223.9000244140625,66.91539764404297
2017-02-16,8778.0,13.729999542236328,10628.0498046875,20243.46484375,2349.25,5302.39013671875,11.970000267028809,55.75,1231.699951171875,66.7759017944336
2017-02-17,8821.7001953125,13.43000030517578,10527.2001953125,20551.111328125,2347.219970703125,5300.64013671875,11.760000228881836,55.650001525878906,1240.0,66.8655014038086
2017-02-20,8879.2001953125,13.609999656677246,10671.25,20676.859375,2351.159912109375,5324.72021484375,11.489999771118164,55.810001373291016,1237.5999755859375,67.16480255126953
2017-02-21,8907.849609375,13.529999732971191,10680.75,20860.70703125,2351.159912109375,5324.72021484375,11.489999771118164,55.810001373291016,1237.5999755859375,67.06520080566406
2017-02-22,8926.900390625,13.699999809265137,10514.7998046875,20868.20703125,2365.3798828125,5350.72998046875,11.56999969482422,56.65999984741211,1237.5,66.96499633789062
2017-02-23,8939.5,13.399999618530272,10689.650390625,20876.408203125,2362.820068359375,5352.1298828125,11.739999771118164,55.84000015258789,1232.0,66.96510314941406
2017-02-27,8896.7001953125,13.68000030517578,10706.7001953125,20612.810546875,2367.340087890625,5343.31005859375,11.470000267028809,55.9900016784668,1256.9000244140625,66.68280029296875
2017-02-28,8879.599609375,13.789999961853027,10680.9501953125,20607.009765625,2369.75,5347.5498046875,12.09000015258789,55.93000030517578,1257.4000244140625,66.63500213623047
2017-03-01,8945.7998046875,13.579999923706056,10748.0498046875,20783.5078125,2363.639892578125,5330.31005859375,12.920000076293944,55.59000015258789,1252.5999755859375,66.69319915771484
2017-03-02,8899.75,13.359999656677246,10741.599609375,20559.8125,2395.9599609375,5390.990234375,12.539999961853027,55.59999847412109,1248.9000244140625,66.7051010131836
2017-03-03,8897.5498046875,13.350000381469728,10806.25,20495.361328125,2381.919921875,5363.259765625,11.8100004196167,55.08000183105469,1231.9000244140625,66.85800170898438
2017-03-06,8963.4501953125,13.640000343322754,10779.0498046875,20663.41015625,2383.1201171875,5373.47998046875,10.960000038146973,55.900001525878906,1225.5,66.84510040283203
2017-03-07,8946.900390625,13.880000114440918,10799.099609375,20627.259765625,2375.31005859375,5360.31005859375,11.239999771118164,56.0099983215332,1224.5,66.77300262451172
2017-03-08,8924.2998046875,14.079999923706056,10739.4501953125,20676.310546875,2368.389892578125,5351.27978515625,11.449999809265137,55.91999816894531,1215.0999755859375,66.66470336914062
2017-03-09,8927.0,14.390000343322754,10724.75,20721.109375,2362.97998046875,5359.81005859375,11.859999656677246,53.11000061035156,1208.5,66.61620330810547
2017-03-10,8934.5498046875,13.960000038146973,10749.849609375,20727.310546875,2364.8701171875,5363.97998046875,12.300000190734863,52.18999862670898,1202.4000244140625,66.76499938964844
2017-03-14,9087.0,12.399999618530272,10879.25,21102.453125,2373.469970703125,5394.56982421875,11.350000381469728,51.34999847412109,1202.4000244140625,66.48500061035156
2017-03-15,9084.7998046875,12.420000076293944,10696.5498046875,21157.654296875,2365.449951171875,5382.169921875,12.300000190734863,50.91999816894531,1201.9000244140625,66.17009735107422
2017-03-16,9153.7001953125,11.90999984741211,10822.099609375,21249.654296875,2385.260009765625,5416.25,11.630000114440918,51.810001373291016,1200.0999755859375,65.77510070800781
2017-03-17,9160.0498046875,11.850000381469728,10900.75,21174.8046875,2381.3798828125,5412.080078125,11.210000038146973,51.7400016784668,1226.5,65.62049865722656
2017-03-20,9126.849609375,12.020000457763672,10776.75,21110.00390625,2378.25,5408.759765625,11.279999732971191,51.7599983215332,1229.800048828125,65.40450286865234
2017-03-21,9121.5,11.9399995803833,10787.2001953125,21018.755859375,2373.469970703125,5413.31005859375,11.34000015258789,51.619998931884766,1233.5999755859375,65.46810150146484
2017-03-22,9030.4501953125,12.270000457763672,10783.2998046875,20781.107421875,2344.02001953125,5332.52978515625,12.470000267028809,50.959999084472656,1246.0999755859375,65.33529663085938
2017-03-23,9086.2998046875,11.84000015258789,10850.7998046875,20895.2578125,2348.449951171875,5367.5498046875,12.8100004196167,50.63999938964844,1249.300048828125,65.49500274658203
2017-03-24,9108.0,11.979999542236328,10768.9501953125,21122.3046875,2345.9599609375,5355.14013671875,13.119999885559082,50.560001373291016,1246.9000244140625,65.36499786376953
2017-03-27,9045.2001953125,12.4399995803833,10648.5,21056.65625,2343.97998046875,5364.0,12.960000038146973,50.79999923706055,1248.199951171875,65.44439697265625
2017-03-28,9100.7998046875,12.119999885559082,10681.0498046875,21225.154296875,2341.590087890625,5374.27001953125,12.5,50.75,1255.4000244140625,65.39309692382812
2017-03-29,9143.7998046875,12.09000015258789,10741.25,21390.90234375,2358.570068359375,5407.2099609375,11.529999732971191,51.33000183105469,1255.300048828125,65.04499816894531
2017-03-30,9173.75,12.149999618530272,10730.75,21620.447265625,2361.1298828125,5430.27001953125,11.420000076293944,52.41999816894531,1253.4000244140625,65.11000061035156
2017-03-31,9173.75,12.420000076293944,10703.25,21443.900390625,2368.06005859375,5439.740234375,11.539999961853027,52.959999084472656,1245.0,64.77999877929688
2017-04-03,9237.849609375,11.489999771118164,10592.0,21547.5,2362.719970703125,5436.22998046875,12.369999885559082,52.83000183105469,1247.300048828125,64.79000091552734
2017-04-05,9265.150390625,11.550000190734863,10510.2998046875,21652.447265625,2360.159912109375,5440.41015625,11.789999961853027,54.16999816894531,1255.0,64.87750244140625
2017-04-06,9261.9501953125,11.289999961853027,10538.150390625,21622.697265625,2352.949951171875,5418.52001953125,12.890000343322754,54.36000061035156,1245.4000244140625,65.05000305175781
2017-04-07,9198.2998046875,11.6899995803833,10485.75,21430.900390625,2357.489990234375,5420.8798828125,12.390000343322754,54.88999938964844,1250.300048828125,65.04000091552734
2017-04-10,9181.4501953125,11.619999885559082,10338.150390625,21519.900390625,2355.5400390625,5418.3701171875,12.869999885559082,55.2400016784668,1254.300048828125,64.58000183105469
2017-04-11,9237.0,11.399999618530272,10398.849609375,21735.8984375,2357.159912109375,5421.68017578125,14.050000190734863,55.97999954223633,1251.0999755859375,64.26000213623047
2017-04-12,9203.4501953125,11.630000114440918,10323.4501953125,21666.548828125,2353.780029296875,5398.39990234375,15.06999969482422,56.22999954223633,1271.199951171875,64.57499694824219
2017-04-13,9150.7998046875,11.579999923706056,10064.2001953125,21686.34765625,2344.929931640625,5377.02978515625,15.770000457763672,55.86000061035156,1275.300048828125,64.62999725341797
2017-04-17,9139.2998046875,11.890000343322754,10000.900390625,21647.34765625,2328.949951171875,5353.58984375,15.960000038146973,55.88999938964844,1285.9000244140625,64.44999694824219
2017-04-18,9105.150390625,12.380000114440918,9981.5498046875,21671.59765625,2349.010009765625,5399.2001953125,14.65999984741211,55.36000061035156,1289.4000244140625,64.45369720458984
2017-04-19,9103.5,12.220000267028809,9944.7998046875,21556.099609375,2342.18994140625,5391.66015625,14.420000076293944,54.88999938964844,1291.699951171875,64.4083023071289
2017-04-20,9136.400390625,11.5600004196167,10039.0498046875,21491.150390625,2338.169921875,5399.64013671875,14.93000030517578,52.93000030517578,1281.4000244140625,64.56999969482422
2017-04-21,9119.400390625,11.420000076293944,10008.150390625,21551.19921875,2355.840087890625,5443.52978515625,14.149999618530272,52.9900016784668,1281.9000244140625,64.64669799804688
2017-04-24,9217.9501953125,11.630000114440918,10058.349609375,21857.146484375,2348.68994140625,5442.0498046875,14.630000114440918,51.959999084472656,1287.4000244140625,64.66000366210938
2017-04-25,9306.599609375,11.15999984741211,10091.25,22054.443359375,2374.14990234375,5508.02978515625,10.84000015258789,51.59999847412109,1275.800048828125,64.63999938964844
2017-04-26,9351.849609375,11.739999771118164,9966.75,22242.591796875,2388.610107421875,5548.18994140625,10.760000228881836,52.09999847412109,1265.5999755859375,64.38999938964844
2017-04-27,9342.150390625,11.06999969482422,10012.349609375,22326.041015625,2387.449951171875,5541.08984375,10.850000381469728,51.81999969482422,1262.0999755859375,64.3499984741211
2017-04-28,9304.0498046875,10.859999656677246,9943.7001953125,22357.990234375,2388.77001953125,5571.27978515625,10.359999656677246,51.43999862670898,1263.699951171875,64.0199966430664
2017-05-02,9313.7998046875,11.449999809265137,10006.349609375,22341.08984375,2388.330078125,5629.6298828125,10.109999656677246,51.52000045776367,1253.300048828125,64.25830078125
2017-05-03,9311.9501953125,11.529999732971191,10131.0498046875,22307.041015625,2391.169921875,5644.06982421875,10.59000015258789,50.459999084472656,1255.0999755859375,64.18000030517578
2017-05-04,9359.900390625,11.329999923706056,10106.5,22719.8359375,2388.1298828125,5625.16015625,10.68000030517578,50.790000915527344,1246.4000244140625,64.06999969482422
2017-05-05,9285.2998046875,11.989999771118164,10086.349609375,22604.685546875,2389.52001953125,5626.31982421875,10.460000038146973,48.380001068115234,1226.5,64.20999908447266
2017-05-08,9314.0498046875,11.670000076293944,10209.150390625,22767.0859375,2399.2900390625,5646.08984375,10.56999969482422,49.09999847412109,1224.800048828125,64.16999816894531
2017-05-09,9316.849609375,11.109999656677246,10279.599609375,22707.037109375,2399.3798828125,5659.06982421875,9.770000457763672,49.34000015258789,1225.300048828125,64.30799865722656
2017-05-10,9407.2998046875,10.949999809265137,10219.5498046875,22830.083984375,2396.919921875,5678.31005859375,9.960000038146973,48.72999954223633,1214.300048828125,64.41179656982422
2017-05-11,9422.400390625,10.84000015258789,10256.099609375,22818.18359375,2399.6298828125,5681.68017578125,10.210000038146973,50.220001220703125,1217.300048828125,64.63999938964844
2017-05-12,9400.900390625,10.630000114440918,10367.2998046875,22671.435546875,2394.43994140625,5674.22021484375,10.600000381469728,50.77000045776367,1222.699951171875,64.55000305175781
2017-05-15,9445.400390625,10.68000030517578,10339.75,22821.234375,2390.89990234375,5686.81005859375,10.399999618530272,50.84000015258789,1226.199951171875,64.36000061035156
2017-05-16,9512.25,10.5600004196167,10461.2998046875,22928.333984375,2402.320068359375,5704.47998046875,10.420000076293944,51.81999969482422,1228.5999755859375,64.16549682617188
2017-05-17,9525.75,10.640000343322754,10437.2998046875,22935.68359375,2400.669921875,5724.43994140625,10.649999618530272,51.650001525878906,1235.0,64.03829956054688
2017-05-18,9429.4501953125,11.789999961853027,10545.599609375,22698.3359375,2357.030029296875,5580.5498046875,15.59000015258789,52.209999084472656,1257.5,63.900001525878906
2017-05-19,9427.900390625,11.300000190734863,10456.349609375,22769.53515625,2365.719970703125,5626.31005859375,14.65999984741211,52.5099983215332,1251.699951171875,64.2300033569336
2017-05-22,9438.25,11.199999809265137,10504.849609375,22652.5859375,2381.72998046875,5651.56005859375,12.039999961853027,53.61000061035156,1252.699951171875,64.87110137939453
2017-05-23,9386.150390625,12.199999809265137,10510.2001953125,22582.5390625,2394.02001953125,5699.39990234375,10.93000030517578,53.869998931884766,1260.699951171875,64.44850158691406
2017-05-24,9360.5498046875,11.829999923706056,10509.2001953125,22536.0390625,2398.419921875,5703.35009765625,10.720000267028809,54.150001525878906,1254.800048828125,64.50019836425781
2017-05-25,9509.75,10.449999809265137,10738.349609375,23190.53125,2404.389892578125,5730.2998046875,10.020000457763672,53.959999084472656,1252.4000244140625,64.88520050048828
2017-05-26,9595.099609375,10.859999656677246,10735.400390625,23361.927734375,2415.070068359375,5778.3701171875,9.989999771118164,51.459999084472656,1255.800048828125,64.76010131835938
2017-05-29,9604.900390625,11.789999961853027,10568.349609375,23182.48046875,2415.820068359375,5788.35986328125,9.8100004196167,52.150001525878906,1267.5999755859375,64.54540252685547
2017-05-30,9624.5498046875,11.770000457763672,10609.0,23306.978515625,2415.820068359375,5788.35986328125,9.8100004196167,52.150001525878906,1267.5999755859375,64.51319885253906
2017-05-31,9621.25,11.760000228881836,10549.099609375,23424.529296875,2412.909912109375,5794.6298828125,10.380000114440918,51.84000015258789,1262.0999755859375,64.50859832763672
2017-06-01,9616.099609375,11.3100004196167,10574.7001953125,23309.87890625,2411.800048828125,5788.7998046875,10.40999984741211,50.310001373291016,1272.0,64.61859893798828
2017-06-02,9653.5,10.8100004196167,10608.9501953125,23375.62890625,2430.06005859375,5816.509765625,9.890000343322754,50.33000183105469,1267.0,64.5000991821289
2017-06-05,9675.099609375,11.020000457763672,10660.099609375,23459.376953125,2439.070068359375,5881.4599609375,9.75,49.95000076293945,1276.800048828125,64.37229919433594
2017-06-06,9637.150390625,11.130000114440918,10907.25,23416.029296875,2436.10009765625,5878.1201171875,10.06999969482422,49.470001220703125,1279.300048828125,64.40499877929688
2017-06-07,9663.900390625,10.890000343322754,10701.25,23567.376953125,2429.330078125,5856.77001953125,10.449999809265137,50.119998931884766,1294.4000244140625,64.34400177001953
2017-06-08,9647.25,11.06999969482422,10550.0,23535.826171875,2433.139892578125,5877.58984375,10.390000343322754,48.060001373291016,1290.0999755859375,64.42050170898438
2017-06-09,9668.25,10.859999656677246,10442.650390625,23690.625,2433.7900390625,5885.2998046875,10.15999984741211,47.86000061035156,1276.300048828125,64.41829681396484
2017-06-12,9616.400390625,11.420000076293944,10470.75,23470.17578125,2431.77001953125,5741.93994140625,10.699999809265137,48.150001525878906,1268.5,64.243896484375
2017-06-13,9606.900390625,11.34000015258789,10339.0,23477.576171875,2429.389892578125,5708.18017578125,11.460000038146973,48.290000915527344,1266.0999755859375,64.37699890136719
2017-06-14,9618.150390625,11.18000030517578,10366.099609375,23498.42578125,2440.35009765625,5751.81982421875,10.420000076293944,48.720001220703125,1265.800048828125,64.46910095214844
2017-06-15,9578.0498046875,11.329999923706056,10278.0498046875,23391.478515625,2437.919921875,5727.06982421875,10.640000343322754,47.0,1272.800048828125,64.35749816894531
2017-06-16,9588.0498046875,10.920000076293944,10189.5,23502.4765625,2432.4599609375,5700.89013671875,10.899999618530272,46.91999816894531,1252.199951171875,64.16580200195312
2017-06-19,9657.5498046875,10.630000114440918,10197.900390625,23741.875,2433.14990234375,5681.47998046875,10.380000114440918,47.369998931884766,1254.0,64.55999755859375
2017-06-20,9653.5,10.65999984741211,10289.9501953125,23697.673828125,2453.4599609375,5772.22021484375,10.369999885559082,46.90999984741211,1244.199951171875,64.3949966430664
2017-06-21,9633.599609375,10.920000076293944,10223.400390625,23708.474609375,2437.030029296875,5726.31005859375,10.859999656677246,46.02000045776367,1241.0,64.48760223388672
2017-06-22,9630.0,11.210000038146973,10199.5498046875,23735.82421875,2435.610107421875,5782.39013671875,10.75,44.81999969482422,1243.4000244140625,64.53050231933594
2017-06-23,9574.9501953125,11.5600004196167,10170.599609375,23542.4765625,2434.5,5779.8701171875,10.479999542236328,45.220001220703125,1247.5999755859375,64.5416030883789
2017-06-27,9511.400390625,12.510000228881836,10068.849609375,23215.98046875,2439.070068359375,5777.58984375,9.899999618530272,45.83000183105469,1246.300048828125,64.49800109863281
2017-06-28,9491.25,11.989999771118164,10133.5498046875,23235.580078125,2419.3798828125,5671.60009765625,11.0600004196167,46.650001525878906,1246.4000244140625,64.42130279541016
2017-06-29,9504.099609375,11.380000114440918,10124.400390625,23227.03125,2440.68994140625,5753.02978515625,10.029999732971191,47.310001373291016,1248.0,64.5248031616211
2017-06-30,9520.900390625,11.729999542236328,10155.0498046875,23210.9296875,2419.699951171875,5653.02001953125,11.4399995803833,47.41999816894531,1244.199951171875,64.51190185546875
2017-07-03,9615.0,11.199999809265137,10189.849609375,23272.53125,2423.409912109375,5646.919921875,11.18000030517578,47.91999816894531,1240.699951171875,64.78510284423828
2017-07-04,9613.2998046875,11.279999732971191,10213.400390625,23213.9296875,2429.010009765625,5596.9599609375,11.220000267028809,49.68000030517578,1217.9000244140625,64.60679626464844
2017-07-05,9637.599609375,11.149999618530272,10160.650390625,23352.328125,2429.010009765625,5596.9599609375,11.220000267028809,49.68000030517578,1217.9000244140625,64.84269714355469
2017-07-06,9674.5498046875,10.979999542236328,10148.900390625,23466.376953125,2432.5400390625,5648.81982421875,11.06999969482422,47.790000915527344,1220.4000244140625,64.7688980102539
2017-07-07,9665.7998046875,10.869999885559082,10087.7998046875,23448.876953125,2409.75,5597.89990234375,12.539999961853027,48.11000061035156,1222.199951171875,64.79139709472656
2017-07-10,9771.0498046875,10.90999984741211,10360.099609375,23674.775390625,2425.179931640625,5656.47021484375,11.1899995803833,46.709999084472656,1208.5999755859375,64.71330261230469
2017-07-11,9786.0498046875,10.890000343322754,10430.0,23584.326171875,2427.429931640625,5694.14990234375,11.109999656677246,46.880001068115234,1212.0999755859375,64.61170196533203
2017-07-12,9816.099609375,11.050000190734863,10401.5,23695.173828125,2425.530029296875,5709.7998046875,10.890000343322754,47.52000045776367,1213.5999755859375,64.61170196533203
2017-07-13,9891.7001953125,11.25,10440.5498046875,23888.373046875,2443.25,5778.9501953125,10.300000190734863,47.7400016784668,1218.0999755859375,64.52559661865234
2017-07-14,9886.349609375,11.170000076293944,10330.650390625,23937.421875,2447.830078125,5793.35986328125,9.899999618530272,48.41999816894531,1216.300048828125,64.36499786376953
2017-07-17,9915.9501953125,11.460000038146973,10445.849609375,24014.771484375,2459.27001953125,5838.080078125,9.510000228881836,48.90999984741211,1226.5999755859375,64.42579650878906
2017-07-18,9827.150390625,11.489999771118164,10493.2001953125,24021.771484375,2459.139892578125,5839.740234375,9.81999969482422,48.41999816894531,1232.800048828125,64.26730346679688
2017-07-19,9899.599609375,11.260000228881836,10583.7998046875,24152.369140625,2460.610107421875,5880.10009765625,9.890000343322754,48.84000015258789,1241.0999755859375,64.33000183105469
2017-07-20,9873.2998046875,11.31999969482422,10491.150390625,24213.068359375,2473.830078125,5916.16015625,9.789999961853027,49.70000076293945,1241.199951171875,64.3062973022461
2017-07-21,9915.25,11.09000015258789,10711.5498046875,24256.76953125,2473.449951171875,5921.22021484375,9.579999923706056,49.29999923706055,1244.800048828125,64.26329803466797
2017-07-24,9966.400390625,11.3100004196167,10823.5498046875,24420.56640625,2472.5400390625,5921.52978515625,9.359999656677246,48.060001373291016,1254.300048828125,64.32499694824219
2017-07-25,9964.5498046875,10.90999984741211,10810.349609375,24520.4140625,2469.909912109375,5941.3701171875,9.43000030517578,48.59999847412109,1253.9000244140625,64.46109771728516
2017-07-26,10020.650390625,11.170000076293944,10782.9501953125,24670.412109375,2477.1298828125,5930.64990234375,9.43000030517578,50.20000076293945,1251.699951171875,64.36509704589844
2017-07-27,10020.5498046875,11.220000267028809,10612.2998046875,24922.111328125,2477.830078125,5950.72998046875,9.600000381469728,50.970001220703125,1249.0,64.4469985961914
2017-07-28,10014.5,11.140000343322754,10699.4501953125,24811.01171875,2475.419921875,5917.02978515625,10.109999656677246,51.4900016784668,1259.5999755859375,64.3447036743164
2017-07-31,10077.099609375,11.899999618530272,10755.75,25103.359375,2472.10009765625,5908.919921875,10.289999961853027,52.52000045776367,1268.4000244140625,64.18499755859375
2017-08-01,10114.650390625,11.90999984741211,10801.849609375,25122.5078125,2470.300048828125,5880.330078125,10.260000228881836,52.650001525878906,1266.5999755859375,64.12349700927734
2017-08-02,10081.5,11.9399995803833,10727.349609375,25054.908203125,2476.35009765625,5895.169921875,10.09000015258789,52.630001068115234,1272.5999755859375,64.18949890136719
2017-08-03,10013.650390625,11.640000343322754,10682.5,24674.763671875,2477.570068359375,5914.22998046875,10.279999732971191,52.36000061035156,1271.800048828125,64.05580139160156
2017-08-04,10066.400390625,11.390000343322754,10757.9501953125,24827.16015625,2472.159912109375,5891.2001953125,10.4399995803833,52.0099983215332,1267.800048828125,63.64059829711914
2017-08-07,10057.400390625,11.899999618530272,10678.7998046875,24906.060546875,2476.830078125,5899.91015625,10.029999732971191,52.41999816894531,1258.300048828125,63.696998596191406
2017-08-08,9978.5498046875,12.770000457763672,10623.7001953125,24599.21484375,2480.909912109375,5934.72998046875,9.93000030517578,52.369998931884766,1258.199951171875,63.66510009765625
2017-08-09,9908.0498046875,13.449999809265137,10613.5498046875,24374.31640625,2474.919921875,5926.35009765625,10.960000038146973,52.13999938964844,1256.4000244140625,63.8301010131836
2017-08-10,9820.25,13.800000190734863,10662.349609375,24217.068359375,2474.02001953125,5919.39013671875,11.109999656677246,52.70000076293945,1273.0,63.70289993286133
2017-08-11,9710.7998046875,15.199999809265137,10647.0498046875,23985.470703125,2438.2099609375,5788.18994140625,16.040000915527344,51.900001525878906,1283.699951171875,63.88769912719727
2017-08-14,9794.150390625,14.380000114440918,10587.2998046875,24115.46875,2441.320068359375,5831.52978515625,15.510000228881836,52.09999847412109,1287.699951171875,64.13860321044922
2017-08-16,9897.2998046875,14.239999771118164,10659.7001953125,24437.416015625,2464.610107421875,5907.72998046875,12.039999961853027,50.79999923706055,1273.699951171875,64.17430114746094
2017-08-17,9904.150390625,14.34000015258789,10797.7998046875,24236.96875,2468.110107421875,5917.419921875,11.739999771118164,50.27000045776367,1276.9000244140625,64.26300048828125
2017-08-18,9837.400390625,14.56999969482422,10570.0,24074.169921875,2430.010009765625,5796.31982421875,15.550000190734863,51.02999877929688,1286.4000244140625,64.1604995727539
2017-08-21,9754.349609375,14.81999969482422,10440.0498046875,23936.22265625,2425.550048828125,5790.91015625,14.260000228881836,52.720001220703125,1285.699951171875,64.18890380859375
2017-08-22,9765.5498046875,14.109999656677246,10446.25,23974.169921875,2428.3701171875,5786.5400390625,13.1899995803833,51.65999984741211,1290.800048828125,64.07589721679688
2017-08-23,9852.5,13.18000030517578,10478.25,24316.517578125,2452.510009765625,5873.330078125,11.350000381469728,51.869998931884766,1285.0999755859375,64.15750122070312
2017-08-24,9857.0498046875,12.56999969482422,10503.900390625,24273.91796875,2444.0400390625,5851.77978515625,12.25,52.56999969482422,1288.9000244140625,64.05750274658203
2017-08-28,9912.7998046875,12.640000343322754,10592.2998046875,24376.81640625,2443.050048828125,5822.52978515625,11.279999732971191,52.40999984741211,1292.5,64.03500366210938
2017-08-29,9796.0498046875,13.539999961853027,10506.0,24128.66796875,2444.239990234375,5838.080078125,11.31999969482422,51.88999938964844,1309.699951171875,63.99549865722656
2017-08-30,9884.400390625,12.890000343322754,10493.25,24308.416015625,2446.300048828125,5862.14013671875,11.699999809265137,52.0,1313.0999755859375,63.78929901123047
2017-08-31,9917.900390625,11.949999809265137,10558.25,24318.1171875,2457.590087890625,5932.89990234375,11.220000267028809,50.86000061035156,1308.0999755859375,63.98680114746094
2017-09-01,9974.400390625,11.68000030517578,10514.400390625,24433.716796875,2471.64990234375,5988.60009765625,10.59000015258789,52.380001068115234,1316.199951171875,63.976200103759766
2017-09-04,9912.849609375,13.170000076293944,10441.75,24236.568359375,2476.550048828125,5987.89990234375,10.130000114440918,52.31999969482422,1324.5,63.91189956665039
2017-09-05,9952.2001953125,12.890000343322754,10498.0,24328.017578125,2476.550048828125,5987.89990234375,10.130000114440918,52.31999969482422,1324.5,64.0155029296875
2017-09-06,9916.2001953125,13.119999885559082,10421.650390625,24278.869140625,2457.85009765625,5932.72998046875,12.229999542236328,53.380001068115234,1339.199951171875,64.02629852294922
2017-09-07,9929.900390625,13.010000228881836,10460.9501953125,24304.6171875,2465.5400390625,5951.1298828125,11.630000114440918,54.20000076293945,1333.9000244140625,64.0999984741211
2017-09-08,9934.7998046875,12.960000038146973,10456.650390625,24370.517578125,2465.10009765625,5964.31005859375,11.550000190734863,54.4900016784668,1345.0999755859375,64.0154037475586
2017-09-11,10006.0498046875,12.359999656677246,10459.5,24671.962890625,2461.429931640625,5913.3701171875,12.119999885559082,53.77999877929688,1346.0,63.95009994506836
2017-09-12,10093.0498046875,11.760000228881836,10501.099609375,24784.412109375,2488.110107421875,5980.52978515625,10.729999542236328,53.84000015258789,1331.0,63.930999755859375
2017-09-13,10079.2998046875,11.760000228881836,10505.2998046875,24831.51171875,2496.47998046875,5995.64013671875,10.579999923706056,54.27000045776367,1328.0,63.97999954223633
2017-09-14,10086.599609375,11.470000267028809,10496.0498046875,24911.9609375,2498.3701171875,6004.3798828125,10.5,55.15999984741211,1323.4000244140625,63.98759841918945
2017-09-15,10085.400390625,11.68000030517578,10599.75,24844.01171875,2495.6201171875,5968.81982421875,10.4399995803833,55.470001220703125,1324.699951171875,64.11509704589844
2017-09-18,10153.099609375,11.4399995803833,10649.5,25046.609375,2500.22998046875,5988.0,10.170000076293944,55.619998931884766,1320.4000244140625,64.15499877929688
2017-09-19,10147.5498046875,11.470000267028809,10654.849609375,25041.259765625,2503.8701171875,5981.1201171875,10.149999618530272,55.47999954223633,1306.300048828125,64.12020111083984
2017-09-20,10141.150390625,11.630000114440918,10651.349609375,24964.759765625,2506.64990234375,5991.080078125,10.18000030517578,55.13999938964844,1306.199951171875,64.2146987915039
2017-09-21,10121.900390625,11.630000114440918,10653.849609375,24798.9609375,2508.239990234375,5973.60986328125,9.779999732971191,56.290000915527344,1312.0,64.29869842529297
2017-09-22,9964.400390625,12.8100004196167,10632.099609375,24368.56640625,2500.60009765625,5934.91015625,9.670000076293944,56.43000030517578,1290.5999755859375,64.28369903564453
2017-09-25,9872.599609375,13.34000015258789,10569.150390625,24164.76953125,2502.219970703125,5932.31982421875,9.59000015258789,56.86000061035156,1293.300048828125,64.80229949951172
2017-09-26,9871.5,12.93000030517578,10548.5,24198.869140625,2496.659912109375,5867.35009765625,10.210000038146973,59.02000045776367,1306.800048828125,64.89099884033203
2017-09-27,9735.75,13.859999656677246,10544.2001953125,23812.671875,2496.840087890625,5881.33984375,10.170000076293944,58.43999862670898,1297.0,65.26509857177734
2017-09-28,9768.9501953125,13.170000076293944,10521.900390625,24007.87109375,2507.0400390625,5937.7900390625,9.869999885559082,57.900001525878906,1283.4000244140625,65.3499984741211
2017-09-29,9788.599609375,12.489999771118164,10475.349609375,24052.720703125,2510.06005859375,5933.06982421875,9.550000190734863,57.40999984741211,1285.5,65.5250015258789
2017-10-03,9859.5,12.460000038146973,10546.099609375,24103.12109375,2529.1201171875,5981.919921875,9.449999809265137,56.119998931884766,1272.699951171875,65.29329681396484
2017-10-04,9914.900390625,11.800000190734863,10539.849609375,24113.021484375,2534.580078125,5995.06005859375,9.510000228881836,56.0,1271.5,65.57170104980469
2017-10-05,9888.7001953125,11.710000038146973,10524.650390625,24057.771484375,2537.739990234375,5998.83984375,9.630000114440918,55.79999923706055,1273.699951171875,65.44309997558594
2017-10-06,9979.7001953125,11.119999885559082,10655.349609375,24189.71875,2552.070068359375,6057.14013671875,9.1899995803833,57.0,1269.9000244140625,65.01950073242188
2017-10-09,9988.75,11.390000343322754,10680.2001953125,24251.619140625,2549.330078125,6064.56982421875,9.649999618530272,55.619998931884766,1271.5999755859375,65.20999908447266
2017-10-10,10016.9501953125,11.109999656677246,10726.2001953125,24347.166015625,2544.72998046875,6058.52978515625,10.329999923706056,55.790000915527344,1281.800048828125,65.41419982910156
2017-10-11,9984.7998046875,11.729999542236328,10785.25,24107.169921875,2550.639892578125,6063.52001953125,10.079999923706056,56.61000061035156,1290.5999755859375,65.41459655761719
2017-10-12,10096.400390625,11.039999961853027,10881.2998046875,24360.966796875,2555.239990234375,6081.25,9.850000381469728,56.93999862670898,1285.800048828125,65.23889923095703
2017-10-13,10167.4501953125,11.260000228881836,10924.2001953125,24688.86328125,2550.929931640625,6069.990234375,9.90999984741211,56.25,1293.300048828125,65.20539855957031
2017-10-16,10230.849609375,11.3100004196167,10961.599609375,24702.763671875,2553.169921875,6092.4501953125,9.609999656677246,57.16999816894531,1301.5,65.0459976196289
2017-10-17,10234.4501953125,11.609999656677246,10942.7001953125,24645.3125,2557.639892578125,6114.52978515625,9.90999984741211,57.81999969482422,1299.9000244140625,64.6729965209961
2017-10-18,10210.849609375,11.539999961853027,10910.150390625,24313.466796875,2559.360107421875,6122.60986328125,10.3100004196167,57.880001068115234,1283.0,64.6946029663086
2017-10-19,10146.5498046875,12.399999618530272,10890.7998046875,24009.470703125,2561.260009765625,6114.35009765625,10.06999969482422,58.150001525878906,1279.9000244140625,64.92870330810547
2017-10-23,10184.849609375,12.329999923706056,10997.849609375,24088.62109375,2575.2099609375,6108.81982421875,9.970000267028809,57.75,1277.4000244140625,64.90460205078125
2017-10-24,10207.7001953125,11.59000015258789,10884.7998046875,24221.869140625,2564.97998046875,6067.830078125,11.06999969482422,57.369998931884766,1277.699951171875,65.1041030883789
2017-10-25,10295.349609375,11.760000228881836,10925.4501953125,25035.609375,2569.1298828125,6080.22021484375,11.15999984741211,58.33000183105469,1275.0,65.03489685058594
2017-10-26,10343.7998046875,11.619999885559082,10883.0498046875,25021.908203125,2557.14990234375,6055.0400390625,11.229999542236328,58.43999862670898,1275.4000244140625,65.07949829101562
2017-10-27,10323.0498046875,11.479999542236328,10862.0498046875,24839.26171875,2560.39990234375,6037.8701171875,11.300000190734863,59.29999923706055,1266.300048828125,64.83999633789062
2017-10-30,10363.650390625,12.109999656677246,10854.2998046875,24988.259765625,2581.070068359375,6213.47021484375,9.800000190734863,60.43999862670898,1268.5,64.5999984741211
2017-10-31,10335.2998046875,12.4399995803833,10837.900390625,25019.05859375,2572.830078125,6227.58984375,10.5,60.900001525878906,1274.0999755859375,64.87339782714844
2017-11-01,10440.5,12.140000343322754,10817.2998046875,25490.15234375,2575.260009765625,6248.56005859375,10.18000030517578,61.369998931884766,1267.0,64.84239959716797
2017-11-02,10423.7998046875,12.010000228881836,10845.849609375,25427.005859375,2579.360107421875,6248.64990234375,10.199999809265137,61.290000915527344,1274.0999755859375,64.67009735107422
2017-11-03,10452.5,11.90999984741211,10839.0498046875,25650.400390625,2579.85009765625,6236.39013671875,9.93000030517578,60.619998931884766,1274.9000244140625,64.55509948730469
2017-11-06,10451.7998046875,13.020000457763672,10929.900390625,25570.853515625,2587.840087890625,6295.580078125,9.140000343322754,62.06999969482422,1266.5,64.50050354003906
2017-11-07,10350.150390625,13.239999771118164,11172.099609375,25300.505859375,2591.1298828125,6313.60986328125,9.399999618530272,64.2699966430664,1279.4000244140625,64.69339752197266
2017-11-08,10303.150390625,13.609999656677246,11245.900390625,25184.056640625,2590.639892578125,6320.77978515625,9.890000343322754,63.68999862670898,1273.699951171875,64.59089660644531
2017-11-09,10308.9501953125,13.270000457763672,11248.4501953125,25291.0546875,2594.3798828125,6345.81005859375,9.779999732971191,63.4900016784668,1281.5999755859375,65.16449737548828
2017-11-10,10321.75,13.479999542236328,11222.5498046875,25498.65234375,2584.6201171875,6312.2099609375,10.5,63.93000030517578,1285.5999755859375,64.9104995727539
2017-11-13,10224.9501953125,14.050000190734863,11236.2001953125,25358.005859375,2582.300048828125,6309.06982421875,11.289999961853027,63.52000045776367,1272.4000244140625,64.96800231933594
2017-11-14,10186.599609375,14.170000076293944,11168.75,25284.306640625,2584.840087890625,6316.18017578125,11.5,63.15999984741211,1277.300048828125,65.1603012084961
2017-11-15,10118.0498046875,14.270000457763672,11122.900390625,25218.607421875,2578.8701171875,6293.64013671875,11.59000015258789,62.209999084472656,1281.5,65.43840026855469
2017-11-16,10214.75,13.460000038146973,11317.25,25446.3046875,2564.6201171875,6258.35986328125,13.130000114440918,61.869998931884766,1276.5,65.41339874267578
2017-11-17,10283.599609375,13.710000038146973,11150.0,25728.1015625,2585.639892578125,6339.14013671875,11.760000228881836,61.36000061035156,1277.4000244140625,65.41339874267578
2017-11-20,10298.75,13.43000030517578,11100.099609375,25768.30078125,2578.85009765625,6314.509765625,11.43000030517578,62.720001220703125,1295.800048828125,65.20999908447266
2017-11-21,10326.900390625,13.720000267028809,11119.4501953125,25757.201171875,2582.139892578125,6308.60986328125,10.649999618530272,62.220001220703125,1274.5999755859375,64.90499877929688
2017-11-22,10342.2998046875,14.039999961853027,11117.5,25766.3515625,2599.030029296875,6378.6298828125,9.729999542236328,62.56999969482422,1281.0999755859375,65.0250015258789
2017-11-23,10348.75,13.869999885559082,11230.599609375,25735.951171875,2597.080078125,6386.1201171875,9.880000114440918,63.31999969482422,1291.5999755859375,64.76129913330078
2017-11-24,10389.7001953125,13.510000228881836,11306.400390625,25779.3515625,2597.080078125,6386.1201171875,9.880000114440918,63.31999969482422,1291.5999755859375,64.7699966430664
2017-11-27,10399.5498046875,13.029999732971191,11314.25,25891.6484375,2602.419921875,6409.2900390625,9.670000076293944,63.86000061035156,1286.699951171875,64.57939910888672
2017-11-28,10370.25,13.149999618530272,11270.599609375,25846.099609375,2601.419921875,6405.97021484375,9.869999885559082,63.84000015258789,1293.800048828125,64.54499816894531
2017-11-29,10361.2998046875,13.0600004196167,11232.9501953125,25795.3984375,2627.0400390625,6422.56005859375,10.029999732971191,63.61000061035156,1294.699951171875,64.43389892578125
2017-11-30,10226.5498046875,13.550000190734863,11115.349609375,25332.10546875,2626.070068359375,6311.3798828125,10.699999809265137,63.11000061035156,1282.0999755859375,64.47000122070312
2017-12-01,10121.7998046875,14.800000190734863,10948.5,25191.65625,2647.580078125,6365.56005859375,11.279999732971191,63.56999969482422,1273.199951171875,64.41480255126953
2017-12-04,10127.75,14.859999656677246,11081.650390625,25074.80859375,2642.219970703125,6337.8701171875,11.43000030517578,63.4900016784668,1278.800048828125,64.49939727783203
2017-12-05,10118.25,15.010000228881836,11025.400390625,25124.556640625,2639.43994140625,6263.7001953125,11.68000030517578,62.45000076293945,1274.300048828125,64.50900268554688
2017-12-06,10044.099609375,15.09000015258789,11074.900390625,24851.51171875,2629.570068359375,6265.10986328125,11.329999923706056,62.86000061035156,1261.5999755859375,64.35140228271484
2017-12-07,10166.7001953125,14.270000457763672,11163.5,25056.958984375,2629.27001953125,6293.0498046875,11.020000457763672,61.220001220703125,1262.800048828125,64.35690307617188
2017-12-08,10265.650390625,13.670000076293944,11173.400390625,25320.85546875,2636.97998046875,6316.27978515625,10.15999984741211,62.20000076293945,1249.800048828125,64.51519775390625
2017-12-11,10322.25,14.149999618530272,11324.0,25404.5546875,2651.5,6344.56982421875,9.579999923706056,63.400001525878906,1245.199951171875,64.54239654541016
2017-12-12,10240.150390625,15.260000228881836,11272.4501953125,25125.15625,2659.989990234375,6393.89013671875,9.34000015258789,64.69000244140625,1243.699951171875,64.4729995727539
2017-12-13,10192.9501953125,15.949999809265137,11251.7001953125,25000.05859375,2664.110107421875,6383.64990234375,9.920000076293944,63.34000015258789,1238.5,64.3499984741211
2017-12-14,10252.099609375,16.40999984741211,11275.400390625,25167.90625,2662.85009765625,6394.669921875,10.18000030517578,62.43999862670898,1245.4000244140625,64.55000305175781
2017-12-15,10333.25,14.9399995803833,11288.2998046875,25440.005859375,2652.010009765625,6389.91015625,10.489999771118164,63.310001373291016,1253.800048828125,64.31999969482422
2017-12-18,10388.75,13.119999885559082,11315.2001953125,25594.25390625,2675.81005859375,6466.31982421875,9.420000076293944,63.22999954223633,1254.300048828125,64.2750015258789
2017-12-19,10463.2001953125,12.1899995803833,11240.650390625,25715.900390625,2690.159912109375,6513.27001953125,9.529999732971191,63.40999984741211,1262.199951171875,64.07230377197266
2017-12-20,10444.2001953125,12.1899995803833,11304.2001953125,25591.40234375,2681.469970703125,6480.669921875,10.029999732971191,63.79999923706055,1260.699951171875,64.20010375976562
2017-12-21,10440.2998046875,12.09000015258789,11374.2998046875,25554.00390625,2679.25,6472.47998046875,9.720000267028809,64.55999755859375,1266.0999755859375,64.04759979248047
2017-12-22,10493.0,11.59000015258789,11501.900390625,25648.251953125,2684.570068359375,6472.68994140625,9.619999885559082,64.9000015258789,1267.300048828125,63.96500015258789
2017-12-26,10531.5,12.050000190734863,11507.400390625,25674.951171875,2683.340087890625,6465.169921875,9.899999618530272,65.25,1275.4000244140625,64.00779724121094
2017-12-27,10490.75,12.489999771118164,11509.25,25495.75390625,2680.5,6433.16015625,10.25,67.0199966430664,1284.0999755859375,64.010498046875
2017-12-28,10477.900390625,12.300000190734863,11496.400390625,25489.703125,2682.6201171875,6435.14990234375,10.470000267028809,66.44000244140625,1287.0,64.0281982421875
2017-12-29,10530.7001953125,12.670000076293944,11665.75,25539.15234375,2687.5400390625,6441.419921875,10.18000030517578,66.72000122070312,1294.0999755859375,64.11499786376953
2018-01-02,10442.2001953125,13.6899995803833,11602.349609375,25337.955078125,2673.610107421875,6396.419921875,11.039999961853027,66.5999984741211,1306.300048828125,63.84080123901367
2018-01-03,10443.2001953125,13.619999885559082,11586.7001953125,25318.3046875,2695.81005859375,6511.33984375,9.770000457763672,66.56999969482422,1313.699951171875,63.86759948730469
2018-01-04,10504.7998046875,13.420000076293944,11590.7998046875,25462.302734375,2713.06005859375,6575.7998046875,9.149999618530272,67.83999633789062,1316.199951171875,63.459999084472656
2018-01-05,10558.849609375,13.109999656677246,11633.5498046875,25601.552734375,2723.989990234375,6584.580078125,9.220000267028809,68.06999969482422,1319.4000244140625,63.41910171508789
2018-01-08,10623.599609375,13.739999771118164,11776.849609375,25675.80078125,2743.14990234375,6653.2900390625,9.220000267028809,67.62000274658203,1320.300048828125,63.36959838867188
2018-01-09,10637.0,13.850000381469728,11790.849609375,25703.501953125,2747.7099609375,6676.6298828125,9.520000457763672,67.77999877929688,1318.5999755859375,63.26499938964844
2018-01-10,10632.2001953125,14.039999961853027,12054.7001953125,25617.00390625,2751.2900390625,6677.93994140625,10.079999923706056,68.81999969482422,1311.699951171875,63.45199966430664
2018-01-11,10651.2001953125,14.010000228881836,12103.099609375,25660.6015625,2748.22998046875,6662.66015625,9.81999969482422,69.19999694824219,1317.4000244140625,63.63610076904297
2018-01-12,10681.25,13.729999542236328,12099.2001953125,25748.751953125,2767.56005859375,6708.490234375,9.880000114440918,69.26000213623047,1320.5999755859375,63.7599983215332
2018-01-15,10741.5498046875,14.3100004196167,11992.7998046875,26068.896484375,2786.239990234375,6758.5400390625,10.15999984741211,69.87000274658203,1333.4000244140625,63.67210006713867
2018-01-16,10700.4501953125,14.09000015258789,12430.9501953125,25974.59765625,2786.239990234375,6758.5400390625,10.15999984741211,69.87000274658203,1333.4000244140625,63.5885009765625
2018-01-17,10788.5498046875,13.859999656677246,12531.400390625,26288.794921875,2776.419921875,6737.14013671875,11.65999984741211,69.1500015258789,1335.4000244140625,63.52119827270508
2018-01-18,10817.0,13.960000038146973,12570.7001953125,26537.091796875,2802.56005859375,6810.27978515625,11.90999984741211,69.37999725341797,1338.0,63.99430084228516
2018-01-19,10894.7001953125,13.979999542236328,12633.849609375,26909.1875,2798.030029296875,6811.3798828125,12.220000267028809,69.30999755859375,1326.0,63.82500076293945
2018-01-22,10966.2001953125,15.390000343322754,12894.9501953125,27040.884765625,2810.300048828125,6834.330078125,11.270000457763672,68.61000061035156,1331.9000244140625,63.86759948730469
2018-01-23,11083.7001953125,16.229999542236328,13048.900390625,27390.28125,2832.969970703125,6906.27978515625,11.029999732971191,69.02999877929688,1330.9000244140625,63.83209991455078
2018-01-24,11086.0,18.040000915527344,13249.5498046875,27398.232421875,2839.1298828125,6963.4599609375,11.100000381469728,69.95999908447266,1335.699951171875,63.88010025024414
2018-01-25,11069.650390625,17.510000228881836,13117.849609375,27445.33203125,2837.5400390625,6919.35009765625,11.470000267028809,70.52999877929688,1355.9000244140625,63.7504997253418
2018-01-29,11130.400390625,17.889999389648438,13242.5,27498.12890625,2872.8701171875,7022.97021484375,11.079999923706056,70.5199966430664,1351.5999755859375,63.57310104370117
2018-01-30,11049.650390625,16.420000076293945,13107.9501953125,27268.734375,2853.530029296875,6988.31982421875,13.84000015258789,69.45999908447266,1351.5999755859375,63.56999969482422
2018-01-31,11027.7001953125,15.93000030517578,12986.400390625,27379.130859375,2822.429931640625,6930.72998046875,14.789999961853027,69.0199966430664,1335.4000244140625,63.66939926147461
2018-02-01,11016.900390625,14.109999656677246,12964.599609375,27220.3828125,2823.81005859375,6949.990234375,13.539999961853027,69.05000305175781,1339.0,63.769901275634766
2018-02-02,10760.599609375,15.25,12983.599609375,26450.84375,2821.97998046875,6901.5,13.470000267028809,69.08000183105469,1344.300048828125,63.665000915527344
2018-02-05,10666.5498046875,16.049999237060547,12936.900390625,26098.447265625,2762.1298828125,6760.2900390625,17.309999465942383,68.58000183105469,1333.699951171875,63.97499847412109
2018-02-06,10498.25,20.020000457763672,12562.349609375,25811.0,2648.93994140625,6495.919921875,37.31999969482422,67.62000274658203,1333.0,64.13249969482422
2018-02-07,10476.7001953125,19.46999931335449,12450.0498046875,25669.701171875,2695.139892578125,6665.97998046875,29.979999542236328,66.86000061035156,1326.0999755859375,64.314697265625
2018-02-08,10576.849609375,17.770000457763672,12588.349609375,25920.349609375,2681.659912109375,6582.02001953125,27.729999542236328,65.51000213623047,1311.5999755859375,63.97999954223633
2018-02-09,10454.9501953125,19.229999542236328,12492.7001953125,25463.353515625,2581.0,6306.10009765625,33.459999084472656,64.80999755859375,1316.9000244140625,64.19999694824219
2018-02-12,10539.75,17.8799991607666,12422.650390625,25701.30078125,2619.550048828125,6412.68017578125,29.059999465942383,62.790000915527344,1313.0999755859375,64.44049835205078
2018-02-14,10500.900390625,17.18000030517578,12420.0,25340.955078125,2662.93994140625,6553.85986328125,24.96999931335449,62.720001220703125,1328.0999755859375,64.28350067138672
2018-02-15,10545.5,16.31999969482422,12456.5,25424.0546875,2698.6298828125,6675.02978515625,19.26000022888184,64.36000061035156,1355.5,64.2500991821289
2018-02-16,10452.2998046875,16.3799991607666,12437.9501953125,25163.607421875,2731.199951171875,6794.919921875,19.1299991607666,64.33000183105469,1352.0999755859375,64.02519989013672
2018-02-19,10378.400390625,16.670000076293945,12331.400390625,25058.259765625,2732.219970703125,6770.66015625,19.459999084472656,64.83999633789062,1353.199951171875,63.890899658203125
2018-02-20,10360.400390625,16.8700008392334,12372.0,24874.111328125,2732.219970703125,6770.66015625,19.459999084472656,64.83999633789062,1353.199951171875,64.37999725341797
2018-02-21,10397.4501953125,15.920000076293944,12660.0498046875,24936.41015625,2716.260009765625,6779.68994140625,20.600000381469727,65.25,1328.800048828125,64.50499725341797
2018-02-22,10382.7001953125,14.829999923706056,12730.25,24954.908203125,2701.330078125,6759.259765625,20.020000457763672,65.41999816894531,1330.0,64.86499786376953
2018-02-23,10491.0498046875,14.199999809265137,12871.150390625,25302.205078125,2703.9599609375,6761.85009765625,18.71999931335449,66.38999938964844,1330.5999755859375,64.8949966430664
2018-02-26,10582.599609375,13.699999809265137,12713.150390625,25687.6015625,2747.300048828125,6896.60009765625,16.489999771118164,67.30999755859375,1328.199951171875,64.95140075683594
2018-02-27,10554.2998046875,13.920000076293944,12746.7998046875,25383.3046875,2779.60009765625,6989.10009765625,15.800000190734863,67.5,1330.699951171875,64.7030029296875
2018-02-28,10492.849609375,13.8100004196167,12809.0,25107.109375,2744.280029296875,6900.35009765625,18.59000015258789,66.62999725341797,1315.5,64.78040313720703
2018-03-01,10458.349609375,14.06999969482422,12769.4501953125,24902.26171875,2713.830078125,6854.419921875,19.850000381469727,65.77999877929688,1315.5,64.91000366210938
2018-03-05,10358.849609375,15.399999618530272,12857.650390625,24818.41015625,2691.25,6811.0400390625,19.59000015258789,64.37000274658203,1321.0999755859375,65.1500015258789
2018-03-06,10249.25,16.25,12706.099609375,24448.166015625,2720.93994140625,6881.27978515625,18.729999542236328,65.54000091552734,1318.0999755859375,65.18669891357422
2018-03-07,10154.2001953125,15.699999809265137,12677.150390625,24133.818359375,2728.1201171875,6913.02001953125,18.36000061035156,65.79000091552734,1333.5999755859375,65.00370025634766
2018-03-08,10242.650390625,14.59000015258789,12682.400390625,24477.365234375,2726.800048828125,6929.39013671875,17.760000228881836,64.33999633789062,1326.0,64.88999938964844
2018-03-09,10226.849609375,14.529999732971191,12747.25,24296.166015625,2738.969970703125,6966.43017578125,16.540000915527344,63.61000061035156,1319.9000244140625,64.89119720458984
2018-03-12,10421.400390625,14.489999771118164,12923.400390625,24663.912109375,2786.570068359375,7101.18017578125,14.640000343322754,65.48999786376953,1322.4000244140625,65.09040069580078
2018-03-13,10426.849609375,14.460000038146973,12734.2001953125,24738.36328125,2783.02001953125,7131.1201171875,15.779999732971191,64.94999694824219,1319.4000244140625,64.96489715576172
2018-03-14,10410.900390625,14.359999656677246,12786.9501953125,24851.361328125,2765.31005859375,7046.509765625,16.350000381469727,64.63999938964844,1325.9000244140625,64.94550323486328
2018-03-15,10360.150390625,14.329999923706056,12762.2998046875,24791.560546875,2749.47998046875,7040.97998046875,17.229999542236328,64.88999938964844,1324.4000244140625,64.8281021118164
2018-03-16,10195.150390625,15.220000267028809,12698.400390625,24489.265625,2747.330078125,7030.97021484375,16.59000015258789,65.12000274658203,1316.800048828125,64.83679962158203
2018-03-19,10094.25,15.81999969482422,12421.2998046875,24244.818359375,2752.010009765625,7019.9501953125,15.800000190734863,66.20999908447266,1311.300048828125,65.01439666748047
2018-03-20,10124.349609375,15.609999656677246,12609.099609375,24167.91796875,2712.919921875,6864.8798828125,19.020000457763672,66.05000305175781,1316.800048828125,65.06500244140625
2018-03-21,10155.25,15.109999656677246,12608.849609375,24255.318359375,2716.93994140625,6885.919921875,18.200000762939453,67.41999816894531,1311.0999755859375,65.21009826660156
2018-03-22,10114.75,15.25,12489.599609375,24141.21875,2711.929931640625,6853.4501953125,17.860000610351562,69.47000122070312,1320.699951171875,65.2323989868164
2018-03-23,9998.0498046875,15.550000190734863,12541.099609375,23670.125,2643.68994140625,6682.259765625,23.34000015258789,68.91000366210938,1326.5999755859375,65.06559753417969
2018-03-26,10130.650390625,15.199999809265137,12462.400390625,24244.068359375,2588.260009765625,6508.08984375,24.8700008392334,70.44999694824219,1349.300048828125,65.16000366210938
2018-03-27,10184.150390625,15.550000190734863,12518.2001953125,24433.8671875,2658.550048828125,6753.830078125,21.030000686645508,70.12000274658203,1354.4000244140625,65.01499938964844
2018-03-28,10113.7001953125,15.760000228881836,12511.5498046875,24263.068359375,2612.6201171875,6529.83984375,22.5,70.11000061035156,1341.300048828125,64.69499969482422
2018-04-02,10211.7998046875,15.350000381469728,12707.099609375,24328.216796875,2640.8701171875,6581.1298828125,19.96999931335449,70.2699966430664,1322.800048828125,65.02999877929688
2018-04-03,10245.0,15.1899995803833,12615.4501953125,24510.314453125,2581.8798828125,6390.83984375,23.6200008392334,67.63999938964844,1342.0999755859375,65.10549926757812
2018-04-04,10128.400390625,16.34000015258789,12490.849609375,24129.21875,2614.449951171875,6458.830078125,21.100000381469727,68.12000274658203,1332.800048828125,65.13999938964844
2018-04-05,10325.150390625,14.800000190734863,12682.5498046875,24759.513671875,2644.68994140625,6560.06005859375,20.059999465942383,68.0199966430664,1335.800048828125,64.90499877929688
2018-04-06,10331.599609375,14.75,12603.349609375,24872.861328125,2662.840087890625,6594.83984375,18.940000534057617,68.33000183105469,1324.300048828125,64.99500274658203
2018-04-09,10379.349609375,14.869999885559082,12531.2001953125,25093.509765625,2604.469970703125,6433.2099609375,21.489999771118164,67.11000061035156,1331.9000244140625,64.86150360107422
2018-04-10,10402.25,14.5,12576.5498046875,25226.5078125,2613.159912109375,6472.33984375,21.770000457763672,68.6500015258789,1336.300048828125,64.90450286865234
2018-04-11,10417.150390625,14.720000267028809,12759.099609375,25097.958984375,2656.8701171875,6615.8701171875,20.46999931335449,71.04000091552734,1342.0,64.87000274658203
2018-04-12,10458.650390625,14.5600004196167,13168.2001953125,25194.806640625,2642.18994140625,6583.43994140625,20.239999771118164,72.05999755859375,1356.5,64.92530059814453
2018-04-13,10480.599609375,14.140000343322754,13260.4501953125,25200.306640625,2663.989990234375,6656.259765625,18.489999771118164,72.0199966430664,1338.4000244140625,65.19000244140625
2018-04-16,10528.349609375,14.260000228881836,13203.099609375,25320.5546875,2656.300048828125,6628.33984375,17.40999984741211,72.58000183105469,1344.800048828125,65.27570343017578
2018-04-17,10548.7001953125,14.039999961853027,13162.2998046875,25334.154296875,2677.840087890625,6675.18017578125,16.559999465942383,71.41999816894531,1347.5,65.19560241699219
2018-04-18,10526.2001953125,14.109999656677246,13124.0,25102.009765625,2706.389892578125,6816.3701171875,15.25,71.58000183105469,1347.199951171875,65.4292984008789
2018-04-19,10565.2998046875,13.75,13273.4501953125,25125.857421875,2708.639892578125,6833.2099609375,15.600000381469728,73.4800033569336,1351.199951171875,65.67500305175781
2018-04-20,10564.0498046875,12.9399995803833,13910.349609375,24943.560546875,2693.1298828125,6774.89013671875,15.960000038146973,73.77999877929688,1346.800048828125,66.01000213623047
2018-04-23,10584.7001953125,13.149999618530272,14013.9501953125,24960.359375,2670.139892578125,6667.75,16.8799991607666,74.05999755859375,1336.699951171875,66.11479949951172
2018-04-24,10614.349609375,11.899999618530272,13734.7998046875,25041.80859375,2670.2900390625,6648.7998046875,16.34000015258789,74.70999908447266,1322.5,66.1968994140625
2018-04-25,10570.5498046875,12.399999618530272,13892.400390625,24814.111328125,2634.56005859375,6509.0498046875,18.020000457763672,73.86000061035156,1331.4000244140625,66.54499816894531
2018-04-26,10617.7998046875,12.039999961853027,14026.650390625,25010.609375,2639.39990234375,6513.93994140625,17.84000015258789,74.0,1321.199951171875,66.41410064697266
2018-04-27,10692.2998046875,12.020000457763672,13794.900390625,25394.3046875,2666.93994140625,6649.64990234375,16.239999771118164,74.73999786376953,1316.300048828125,66.90769958496094
2018-04-30,10739.349609375,12.359999656677246,13986.25,25531.302734375,2669.909912109375,6656.35009765625,15.40999984741211,74.63999938964844,1320.300048828125,66.9000015258789
2018-05-02,10718.0498046875,12.84000015258789,13754.2998046875,25568.00390625,2654.800048828125,6681.9599609375,15.489999771118164,75.16999816894531,1303.800048828125,66.44999694824219
2018-05-03,10679.650390625,12.989999771118164,13473.9501953125,25604.953125,2635.669921875,6644.47998046875,15.970000267028809,73.36000061035156,1302.5999755859375,66.7886962890625
2018-05-04,10618.25,13.25,13453.2998046875,25645.1015625,2629.72998046875,6643.47998046875,15.899999618530272,73.62000274658203,1310.699951171875,67.08000183105469
2018-05-07,10715.5,13.760000228881836,13424.900390625,25851.75,2663.419921875,6769.1201171875,14.770000457763672,74.87000274658203,1312.699951171875,66.66000366210938
2018-05-08,10717.7998046875,14.0600004196167,13379.650390625,26090.197265625,2672.6298828125,6821.8701171875,14.75,76.16999816894531,1312.199951171875,66.81050109863281
2018-05-09,10741.7001953125,14.270000457763672,13453.400390625,26154.14453125,2671.919921875,6815.47998046875,14.710000038146973,74.8499984741211,1312.0,67.1187973022461
2018-05-10,10716.5498046875,14.43000030517578,13427.2998046875,26130.6953125,2697.7900390625,6893.2099609375,13.420000076293944,77.20999908447266,1311.300048828125,67.1624984741211
2018-05-11,10806.5,13.979999542236328,13478.599609375,26412.84375,2723.070068359375,6963.5498046875,13.229999542236328,77.47000122070312,1320.800048828125,67.62000274658203
2018-05-14,10806.599609375,14.25,13446.150390625,26474.841796875,2727.719970703125,6952.56005859375,12.649999618530272,77.12000274658203,1319.0,67.38999938964844
2018-05-15,10801.849609375,13.170000076293944,13504.9501953125,26473.69140625,2730.1298828125,6964.3701171875,12.93000030517578,78.2300033569336,1316.5,67.3822021484375
2018-05-16,10741.099609375,13.4399995803833,13525.599609375,26181.845703125,2711.449951171875,6888.5400390625,14.630000114440918,78.43000030517578,1288.9000244140625,67.6780014038086
2018-05-17,10682.7001953125,13.40999984741211,13504.75,26073.498046875,2722.4599609375,6929.97021484375,13.420000076293944,79.27999877929688,1290.199951171875,68.45999908447266
2018-05-18,10596.400390625,14.149999618530272,13459.150390625,25875.298828125,2720.1298828125,6901.6298828125,13.43000030517578,79.30000305175781,1288.199951171875,68.05999755859375
2018-05-21,10516.7001953125,14.40999984741211,13483.849609375,25750.501953125,2712.969970703125,6866.25,13.420000076293944,78.51000213623047,1290.199951171875,68.13999938964844
2018-05-22,10536.7001953125,13.600000381469728,13484.5498046875,25777.400390625,2733.010009765625,6905.52978515625,13.079999923706056,79.22000122070312,1290.199951171875,67.9749984741211
2018-05-23,10430.349609375,14.15999984741211,13464.349609375,25684.650390625,2724.43994140625,6893.6201171875,13.220000267028809,79.56999969482422,1291.699951171875,68.4000015258789
2018-05-24,10513.849609375,13.149999618530272,13775.7001953125,26016.498046875,2733.2900390625,6953.6298828125,12.579999923706056,79.80000305175781,1289.300048828125,68.43000030517578
2018-05-25,10605.150390625,12.649999618530272,13762.349609375,26273.24609375,2727.760009765625,6949.7001953125,12.529999732971191,78.79000091552734,1303.699951171875,68.6500015258789
2018-05-28,10688.650390625,13.0600004196167,13497.7001953125,26613.94140625,2721.330078125,6960.919921875,13.220000267028809,76.44000244140625,1303.300048828125,68.26010131835938
2018-05-29,10633.2998046875,13.06999969482422,13561.0498046875,26254.49609375,2721.330078125,6960.919921875,13.220000267028809,76.44000244140625,1303.300048828125,67.7217025756836
2018-05-30,10614.349609375,13.40999984741211,13557.7001953125,26327.494140625,2689.860107421875,6926.5400390625,17.020000457763672,75.38999938964844,1298.699951171875,67.40280151367188
2018-05-31,10736.150390625,13.220000267028809,13666.0,26955.88671875,2724.010009765625,6976.3701171875,14.9399995803833,77.5,1301.5,68.12999725341797
2018-06-01,10696.2001953125,13.56999969482422,13558.5498046875,26692.490234375,2705.27001953125,6967.72998046875,15.43000030517578,77.58999633789062,1300.0999755859375,67.43000030517578
2018-06-04,10628.5,13.880000114440918,13595.099609375,26257.24609375,2734.6201171875,7083.93017578125,13.460000038146973,77.58999633789062,1294.800048828125,67.43499755859375
2018-06-05,10593.150390625,13.31999969482422,13408.900390625,26250.6953125,2746.8701171875,7143.56982421875,12.739999771118164,75.29000091552734,1293.0999755859375,66.92500305175781
2018-06-06,10684.650390625,12.550000190734863,13528.7998046875,26367.29296875,2748.800048828125,7166.75,12.399999618530272,75.37999725341797,1297.5,67.05999755859375
2018-06-07,10768.349609375,12.779999732971191,13683.75,26517.4921875,2772.35009765625,7210.080078125,11.640000343322754,75.36000061035156,1297.0999755859375,67.08999633789062
2018-06-08,10767.650390625,12.699999809265137,13769.7998046875,26451.04296875,2770.3701171875,7152.830078125,12.130000114440918,77.31999969482422,1298.699951171875,66.8301010131836
2018-06-11,10786.9501953125,13.18000030517578,13775.099609375,26453.244140625,2779.030029296875,7152.6201171875,12.18000030517578,76.45999908447266,1298.0999755859375,67.41000366210938
2018-06-12,10842.849609375,12.729999542236328,13859.849609375,26606.791015625,2782.0,7168.47998046875,12.350000381469728,76.45999908447266,1298.9000244140625,67.51000213623047
2018-06-13,10856.7001953125,12.640000343322754,14034.150390625,26642.490234375,2786.85009765625,7209.18017578125,12.34000015258789,75.87999725341797,1295.0999755859375,67.48999786376953
2018-06-14,10808.0498046875,12.100000381469728,13825.400390625,26561.94140625,2775.6298828125,7205.259765625,12.9399995803833,76.73999786376953,1296.9000244140625,67.91000366210938
2018-06-15,10817.7001953125,12.06999969482422,14121.5,26417.09375,2782.489990234375,7279.58984375,12.119999885559082,75.94000244140625,1304.0,67.77999877929688
2018-06-18,10799.849609375,12.380000114440918,14024.2001953125,26408.994140625,2779.659912109375,7255.759765625,11.979999542236328,73.44000244140625,1274.5999755859375,68.12999725341797
2018-06-19,10710.4501953125,12.920000076293944,13849.4501953125,26265.4453125,2773.75,7251.41015625,12.3100004196167,75.33999633789062,1276.199951171875,68.05000305175781
2018-06-20,10772.0498046875,12.170000076293944,13810.900390625,26557.390625,2762.590087890625,7228.0400390625,13.350000381469728,75.08000183105469,1275.5999755859375,68.01000213623047
2018-06-21,10741.099609375,12.449999809265137,13771.7001953125,26496.640625,2767.320068359375,7280.7001953125,12.789999961853027,74.73999786376953,1271.199951171875,68.05000305175781
2018-06-22,10821.849609375,12.020000457763672,13777.099609375,26766.5390625,2749.760009765625,7217.490234375,14.640000343322754,73.05000305175781,1267.199951171875,68.3499984741211
2018-06-25,10762.4501953125,12.579999923706056,13865.2001953125,26609.390625,2754.8798828125,7197.509765625,13.770000457763672,75.55000305175781,1267.4000244140625,67.83000183105469
2018-06-26,10769.150390625,12.800000190734863,13943.5,26601.390625,2717.070068359375,7038.169921875,17.329999923706055,74.7300033569336,1265.5999755859375,67.85489654541016
2018-06-27,10671.400390625,13.510000228881836,14018.400390625,26423.09375,2723.06005859375,7068.2001953125,15.920000076293944,76.30999755859375,1256.5999755859375,68.33999633789062
2018-06-28,10589.099609375,13.949999809265137,13873.7998046875,26324.29296875,2699.6298828125,6969.669921875,17.90999984741211,77.62000274658203,1252.800048828125,68.36499786376953
2018-06-29,10714.2998046875,12.9399995803833,13989.5,26363.892578125,2716.31005859375,7031.60009765625,16.850000381469727,77.8499984741211,1247.800048828125,69.23999786376953
2018-07-02,10657.2998046875,13.369999885559082,14072.2998046875,26229.99609375,2718.3701171875,7040.7998046875,16.09000015258789,79.44000244140625,1251.300048828125,68.79669952392578
2018-07-03,10699.900390625,13.0,14222.5498046875,26203.794921875,2726.7099609375,7097.81982421875,15.600000381469728,77.30000305175781,1239.800048828125,68.43499755859375
2018-07-04,10769.900390625,12.65999984741211,14126.150390625,26433.642578125,2713.219970703125,7014.5498046875,16.139999389648438,77.76000213623047,1251.5999755859375,68.6948013305664
2018-07-05,10749.75,12.579999923706056,13970.5,26502.9921875,2713.219970703125,7014.5498046875,16.139999389648438,77.76000213623047,1251.5999755859375,68.83000183105469
2018-07-06,10772.650390625,12.4399995803833,14015.9501953125,26493.541015625,2736.610107421875,7101.0498046875,14.970000267028809,77.38999938964844,1257.300048828125,68.9800033569336
2018-07-09,10852.900390625,12.390000343322754,14108.849609375,26752.990234375,2759.820068359375,7207.330078125,13.369999885559082,77.11000061035156,1254.300048828125,69.06999969482422
2018-07-10,10947.25,12.399999618530272,14222.75,26894.23828125,2784.169921875,7276.0,12.6899995803833,78.06999969482422,1258.0999755859375,68.75499725341797
2018-07-11,10948.2998046875,12.779999732971191,14536.4501953125,26815.88671875,2793.840087890625,7282.60009765625,12.640000343322754,78.86000061035156,1253.800048828125,68.65979766845703
2018-07-12,11023.2001953125,12.510000228881836,14515.650390625,27026.236328125,2774.02001953125,7243.97998046875,13.630000114440918,73.4000015258789,1242.800048828125,68.9000015258789
2018-07-13,11018.900390625,12.300000190734863,14534.900390625,26935.63671875,2798.2900390625,7366.25,12.579999923706056,74.44999694824219,1245.0,68.72000122070312
2018-07-16,10936.849609375,12.949999809265137,14617.0498046875,26679.490234375,2801.31005859375,7375.81982421875,12.18000030517578,75.33000183105469,1239.5999755859375,68.54000091552734
2018-07-17,11008.0498046875,12.829999923706056,14618.25,27007.78515625,2798.429931640625,7357.89990234375,12.829999923706056,71.83999633789062,1238.0999755859375,68.48670196533203
2018-07-18,10980.4501953125,13.68000030517578,14631.7001953125,26880.587890625,2809.550048828125,7403.89013671875,12.0600004196167,72.16000366210938,1225.699951171875,68.72000122070312
2018-07-19,10957.099609375,13.59000015258789,14489.849609375,26789.33984375,2815.6201171875,7390.1298828125,12.100000381469728,72.9000015258789,1226.300048828125,68.35600280761719
2018-07-20,11010.2001953125,13.539999961853027,14701.400390625,26872.88671875,2804.489990234375,7352.35986328125,12.869999885559082,72.58000183105469,1222.4000244140625,68.6155014038086
2018-07-23,11084.75,13.010000228881836,14683.2001953125,27007.8359375,2801.830078125,7350.22998046875,12.859999656677246,73.06999969482422,1229.5,68.93509674072266
2018-07-24,11134.2998046875,12.470000267028809,14663.900390625,26974.0859375,2806.97998046875,7371.77978515625,12.619999885559082,73.05999755859375,1224.0,68.7332992553711
2018-07-25,11132.0,12.210000038146973,14575.349609375,27030.986328125,2820.39990234375,7406.25,12.40999984741211,73.44000244140625,1223.9000244140625,69.19999694824219
2018-07-26,11167.2998046875,12.029999732971191,14468.099609375,27406.08203125,2846.070068359375,7508.58984375,12.289999961853027,73.93000030517578,1231.4000244140625,68.80999755859375
2018-07-27,11278.349609375,12.3100004196167,14517.900390625,27634.080078125,2837.43994140625,7400.75,12.140000343322754,74.54000091552734,1225.300048828125,68.83999633789062
2018-07-30,11319.5498046875,12.59000015258789,14420.5498046875,27842.275390625,2818.820068359375,7296.77978515625,13.029999732971191,74.29000091552734,1222.5999755859375,68.73999786376953
2018-07-31,11356.5,12.479999542236328,14587.7998046875,27763.828125,2802.60009765625,7193.10009765625,14.260000228881836,74.97000122070312,1221.300048828125,68.61499786376953
2018-08-01,11346.2001953125,12.529999732971191,14679.349609375,27596.279296875,2816.2900390625,7231.97998046875,12.829999923706056,74.25,1223.699951171875,68.68499755859375
2018-08-02,11244.7001953125,12.5600004196167,14552.599609375,27355.630859375,2813.360107421875,7272.89013671875,13.149999618530272,74.25,1217.9000244140625,68.4968032836914
2018-08-03,11360.7998046875,12.079999923706056,14649.099609375,27695.177734375,2827.219970703125,7372.14990234375,12.1899995803833,73.44999694824219,1210.5999755859375,68.30709838867188
2018-08-06,11387.099609375,12.5600004196167,14605.5498046875,27898.17578125,2840.35009765625,7395.490234375,11.640000343322754,73.20999908447266,1214.199951171875,68.6155014038086
2018-08-07,11389.4501953125,12.579999923706056,14613.75,27875.576171875,2850.39990234375,7438.990234375,11.270000457763672,73.75,1208.5999755859375,68.50499725341797
2018-08-08,11450.0,12.539999961853027,14608.2001953125,28062.123046875,2858.449951171875,7462.64990234375,10.93000030517578,74.6500015258789,1209.5999755859375,68.80999755859375
2018-08-09,11470.7001953125,12.68000030517578,14603.349609375,28319.669921875,2857.699951171875,7469.5498046875,10.850000381469728,72.27999877929688,1212.5999755859375,68.59600067138672
2018-08-10,11429.5,12.850000381469728,14679.2998046875,28123.923828125,2853.580078125,7466.9599609375,11.270000457763672,72.06999969482422,1211.9000244140625,68.45500183105469
2018-08-13,11355.75,13.399999618530272,14880.25,27794.078125,2833.280029296875,7408.2998046875,13.15999984741211,72.80999755859375,1211.0999755859375,69.0999984741211
2018-08-14,11435.099609375,13.279999732971191,15009.25,28021.373046875,2821.929931640625,7401.169921875,14.779999732971191,72.61000061035156,1191.300048828125,69.08499908447266
2018-08-16,11385.0498046875,13.649999618530272,15044.349609375,27826.2265625,2818.3701171875,7354.66015625,14.640000343322754,70.76000213623047,1177.5,69.94999694824219
2018-08-17,11470.75,13.15999984741211,15126.400390625,28128.224609375,2840.68994140625,7374.2900390625,13.449999809265137,71.43000030517578,1176.199951171875,70.66000366210938
2018-08-20,11551.75,13.029999732971191,14996.099609375,28273.921875,2850.1298828125,7377.5400390625,12.640000343322754,71.83000183105469,1176.5,70.00499725341797
2018-08-21,11570.900390625,12.899999618530272,15134.650390625,28257.572265625,2857.050048828125,7371.419921875,12.489999771118164,72.20999908447266,1186.800048828125,69.78500366210938
2018-08-23,11582.75,12.760000228881836,15321.9501953125,28027.57421875,2861.820068359375,7424.60009765625,12.25,74.77999877929688,1196.300048828125,69.80999755859375
2018-08-24,11557.099609375,12.40999984741211,15260.0498046875,27834.375,2856.97998046875,7413.83984375,12.40999984741211,74.7300033569336,1187.0,69.79000091552734
2018-08-27,11691.9501953125,12.239999771118164,15514.9501953125,28263.87109375,2874.68994140625,7485.39990234375,11.989999771118164,75.81999969482422,1206.300048828125,70.2750015258789
2018-08-28,11738.5,12.43000030517578,15583.0498046875,28269.322265625,2896.739990234375,7559.1298828125,12.15999984741211,76.20999908447266,1209.0,69.76499938964844
2018-08-29,11691.900390625,12.4399995803833,15524.9501953125,28223.771484375,2897.52001953125,7570.25,12.5,75.94999694824219,1207.4000244140625,69.94499969482422
2018-08-30,11676.7998046875,12.40999984741211,15529.849609375,28102.923828125,2914.0400390625,7660.18017578125,12.25,77.13999938964844,1204.5,70.54000091552734
2018-08-31,11680.5,12.600000381469728,15811.400390625,28061.423828125,2901.1298828125,7642.669921875,13.529999732971191,77.7699966430664,1197.699951171875,70.91000366210938
2018-09-03,11582.349609375,13.390000343322754,15724.7001953125,27819.17578125,2901.52001953125,7654.5498046875,12.859999656677246,77.41999816894531,1200.300048828125,71.40499877929688
2018-09-04,11520.2998046875,13.779999732971191,16048.7001953125,27430.431640625,2901.52001953125,7654.5498046875,12.859999656677246,77.41999816894531,1200.300048828125,70.99500274658203
2018-09-05,11476.9501953125,13.649999618530272,16039.900390625,27375.732421875,2896.719970703125,7622.31982421875,13.15999984741211,78.16999816894531,1192.699951171875,71.06999969482422
2018-09-06,11536.900390625,13.720000267028809,16081.650390625,27468.380859375,2888.60009765625,7523.259765625,13.90999984741211,77.2699966430664,1194.9000244140625,71.75
2018-09-07,11589.099609375,13.890000343322754,16104.7998046875,27481.12890625,2878.050048828125,7453.169921875,14.649999618530272,76.5,1197.9000244140625,71.88999938964844
2018-09-10,11438.099609375,15.199999809265137,16105.2998046875,27201.43359375,2871.679931640625,7430.259765625,14.880000114440918,76.83000183105469,1193.5999755859375,71.93890380859375
2018-09-11,11287.5,15.329999923706056,15993.2001953125,26807.1875,2877.1298828125,7447.68017578125,14.15999984741211,77.37000274658203,1193.0,72.09500122070312
2018-09-12,11369.900390625,14.25,16054.0498046875,26818.88671875,2887.889892578125,7507.8701171875,13.220000267028809,79.05999755859375,1195.4000244140625,72.44499969482422
2018-09-14,11515.2001953125,13.84000015258789,16072.5,27163.533203125,2904.179931640625,7561.68994140625,12.369999885559082,78.18000030517578,1202.0,71.92520141601562
2018-09-17,11377.75,14.5,16119.7998046875,26819.98828125,2904.97998046875,7545.5,12.06999969482422,78.08999633789062,1195.0,72.02749633789062
2018-09-18,11278.900390625,14.420000076293944,16031.0,26441.142578125,2888.800048828125,7434.72998046875,13.68000030517578,78.05000305175781,1199.699951171875,72.09500122070312
2018-09-19,11234.349609375,14.010000228881836,16063.9501953125,26277.044921875,2904.31005859375,7494.39990234375,12.789999961853027,79.02999877929688,1196.800048828125,72.53479766845703
2018-09-21,11143.099609375,15.539999961853027,15833.5,25596.603515625,2930.75,7569.02978515625,11.800000190734863,78.69999694824219,1206.199951171875,72.34500122070312
2018-09-24,10967.400390625,17.43000030517578,16175.2998046875,24970.05859375,2929.669921875,7531.06982421875,11.68000030517578,78.80000305175781,1196.199951171875,71.72000122070312
2018-09-25,11067.4501953125,16.68000030517578,16234.900390625,25330.0546875,2919.3701171875,7548.75,12.199999809265137,81.19999694824219,1199.300048828125,72.2300033569336
2018-09-26,11053.7998046875,17.09000015258789,15932.4501953125,25376.005859375,2915.56005859375,7563.18994140625,12.420000076293944,81.87000274658203,1200.0,73.30000305175781
2018-09-27,10977.5498046875,16.920000076293945,16018.0,25041.859375,2905.969970703125,7563.08984375,12.890000343322754,81.33999633789062,1194.0,73.08999633789062
2018-09-28,10930.4501953125,17.0,15838.0498046875,25119.55859375,2914.0,7629.56982421875,12.40999984741211,81.72000122070312,1182.300048828125,72.7699966430664
2018-10-01,11008.2998046875,16.84000015258789,16213.599609375,25366.705078125,2913.97998046875,7627.64990234375,12.119999885559082,82.72000122070312,1191.5,72.94999694824219
2018-10-03,10858.25,18.1200008392334,15909.7998046875,25069.609375,2923.429931640625,7628.27978515625,12.050000190734863,84.80000305175781,1202.4000244140625,73.75499725341797
2018-10-04,10599.25,18.920000076293945,15441.099609375,24819.01171875,2925.510009765625,7637.43017578125,11.609999656677246,86.29000091552734,1198.300048828125,73.27999877929688
2018-10-05,10316.4501953125,19.729999542236328,15591.650390625,24443.166015625,2901.610107421875,7490.0,14.220000267028809,84.58000183105469,1197.199951171875,73.8499984741211
2018-10-08,10348.0498046875,20.149999618530277,15305.2001953125,24618.0625,2885.570068359375,7399.009765625,14.81999969482422,84.16000366210938,1201.199951171875,74.22000122070312
2018-10-09,10301.0498046875,19.76000022888184,15369.7998046875,24527.365234375,2884.429931640625,7352.81982421875,15.6899995803833,83.91000366210938,1184.4000244140625,73.76300048828125
2018-10-10,10460.099609375,17.90999984741211,15143.2001953125,25321.404296875,2880.340087890625,7371.6201171875,15.949999809265137,85.0,1187.199951171875,73.88999938964844
2018-10-11,10234.650390625,20.549999237060547,14683.0,24783.662109375,2785.679931640625,7044.5,22.959999084472656,83.08999633789062,1189.300048828125,74.55000305175781
2018-10-12,10472.5,18.6299991607666,14539.2001953125,25395.5546875,2728.3701171875,6964.02978515625,24.979999542236328,80.26000213623047,1223.5,74.5999984741211
2018-10-15,10512.5,18.88999938964844,14797.2001953125,25387.755859375,2767.1298828125,7157.2099609375,21.309999465942383,80.43000030517578,1218.0999755859375,74.16000366210938
2018-10-16,10584.75,17.3700008392334,14887.349609375,25589.353515625,2750.7900390625,7068.669921875,21.299999237060547,80.77999877929688,1226.4000244140625,73.6760025024414
2018-10-17,10453.0498046875,17.979999542236328,14949.599609375,25188.306640625,2809.919921875,7276.43017578125,17.6200008392334,81.41000366210938,1227.300048828125,74.08000183105469
2018-10-19,10303.5498046875,19.790000915527344,14476.849609375,25085.509765625,2768.780029296875,7116.08984375,20.059999465942383,79.29000091552734,1226.5,73.91999816894531
2018-10-22,10245.25,21.36000061035156,14421.4501953125,25078.30859375,2767.780029296875,7107.22998046875,19.88999938964844,79.77999877929688,1225.300048828125,74.16000366210938
2018-10-23,10146.7998046875,19.040000915527344,14014.7001953125,24972.158203125,2755.8798828125,7141.2099609375,19.63999938964844,79.83000183105469,1221.199951171875,73.46499633789062
2018-10-24,10224.75,18.8799991607666,14049.150390625,25063.908203125,2740.68994140625,7118.669921875,20.709999084472656,76.44000244140625,1233.4000244140625,73.8594970703125
2018-10-25,10124.900390625,18.959999084472656,14070.7998046875,24817.16015625,2656.10009765625,6789.14990234375,25.229999542236328,76.16999816894531,1227.800048828125,73.22129821777344
2018-10-26,10030.0,19.229999542236328,13798.599609375,24420.767578125,2705.570068359375,7016.39013671875,24.21999931335449,76.88999938964844,1229.0999755859375,73.22049713134766
2018-10-29,10250.849609375,19.82999992370605,14132.650390625,24959.408203125,2658.68994140625,6852.39990234375,24.15999984741211,77.62000274658203,1232.5,73.22019958496094
2018-10-30,10198.400390625,20.5,14355.849609375,24807.4609375,2641.25,6713.89990234375,24.700000762939453,77.33999633789062,1224.5,73.125
2018-10-31,10386.599609375,19.799999237060547,14940.099609375,25152.95703125,2682.6298828125,6810.1201171875,23.350000381469727,75.91000366210938,1222.5999755859375,73.5905990600586
2018-11-01,10380.4501953125,19.190000534057617,14622.0,25323.35546875,2711.739990234375,6967.10009765625,21.229999542236328,75.47000122070312,1212.300048828125,73.6500015258789
2018-11-02,10553.0,18.229999542236328,14396.7001953125,25701.3515625,2740.3701171875,7069.169921875,19.34000015258789,75.5,1236.0,74.06999969482422
2018-11-05,10524.0,19.479999542236328,14471.75,25731.900390625,2723.06005859375,6965.2900390625,19.51000022888184,72.83000183105469,1230.9000244140625,73.30999755859375
2018-11-06,10530.0,18.51000022888184,14577.2998046875,25597.703125,2738.31005859375,6937.08984375,19.959999084472656,73.16999816894531,1229.800048828125,72.90499877929688
2018-11-07,10598.400390625,17.719999313354492,14683.099609375,25769.400390625,2755.449951171875,6988.85009765625,19.90999984741211,72.12999725341797,1223.800048828125,72.86000061035156
2018-11-09,10585.2001953125,17.770000457763672,14553.25,25770.701171875,2806.830078125,7158.58984375,16.719999313354492,70.6500015258789,1222.9000244140625,72.37999725341797
2018-11-12,10482.2001953125,19.3700008392334,14650.5,25539.453125,2781.010009765625,7039.14990234375,17.360000610351562,70.18000030517578,1206.4000244140625,72.9000015258789
2018-11-13,10582.5,18.700000762939453,14698.2001953125,25768.30078125,2726.219970703125,6829.10009765625,20.450000762939453,70.12000274658203,1201.300048828125,72.47000122070312
2018-11-14,10576.2998046875,18.82999992370605,14338.5,25929.849609375,2722.179931640625,6830.91015625,20.020000457763672,65.47000122070312,1199.199951171875,73.18000030517578
2018-11-15,10616.7001953125,18.450000762939453,14354.150390625,26154.4453125,2701.580078125,6769.8701171875,21.25,66.12000274658203,1207.9000244140625,72.55000305175781
2018-11-16,10682.2001953125,18.350000381469727,14473.150390625,26245.24609375,2730.199951171875,6890.4501953125,19.979999542236328,66.62000274658203,1212.800048828125,72.4000015258789
2018-11-19,10763.400390625,19.26000022888184,14599.7998046875,26300.392578125,2736.27001953125,6867.02001953125,18.13999938964844,66.76000213623047,1220.800048828125,71.8917007446289
2018-11-20,10656.2001953125,19.32999992370605,14285.099609375,26113.046875,2690.72998046875,6642.919921875,20.100000381469727,66.79000091552734,1223.0999755859375,71.7750015258789
2018-11-21,10600.0498046875,19.559999465942383,13879.150390625,26261.74609375,2641.889892578125,6526.9599609375,22.479999542236328,62.52999877929688,1219.0,71.69000244140625
2018-11-22,10526.75,19.15999984741211,13835.7001953125,25999.146484375,2649.929931640625,6575.66015625,20.799999237060547,63.47999954223633,1225.800048828125,71.41500091552734
2018-11-26,10628.599609375,20.399999618530277,14025.400390625,26365.29296875,2632.56005859375,6527.35009765625,21.520000457763672,58.79999923706055,1221.0,70.83499908447266
2018-11-27,10685.599609375,18.31999969482422,14225.349609375,26442.79296875,2673.449951171875,6678.33984375,18.899999618530277,60.47999954223633,1220.199951171875,70.66999816894531
2018-11-28,10728.849609375,17.959999084472656,14632.900390625,26457.642578125,2682.169921875,6701.0400390625,19.020000457763672,60.209999084472656,1211.199951171875,70.80999755859375
2018-11-29,10858.7001953125,18.700000762939453,14465.2998046875,26939.287109375,2743.7900390625,6913.330078125,18.489999771118164,58.7599983215332,1221.4000244140625,70.87999725341797
2018-11-30,10876.75,19.15999984741211,14638.0498046875,26862.63671875,2737.800048828125,6892.39990234375,18.790000915527344,59.5099983215332,1224.0999755859375,70.5999984741211
2018-12-03,10883.75,18.21999931335449,14740.400390625,26857.23828125,2760.169921875,6949.009765625,18.06999969482422,58.709999084472656,1220.199951171875,69.91999816894531
2018-12-04,10869.5,18.11000061035156,14999.900390625,26693.490234375,2790.3701171875,7062.1298828125,16.440000534057617,61.68999862670898,1233.9000244140625,69.76000213623047
2018-12-05,10782.900390625,18.38999938964844,15012.9501953125,26519.291015625,2700.06005859375,6795.2099609375,20.739999771118164,62.08000183105469,1241.0999755859375,70.48500061035156
2018-12-06,10601.150390625,19.309999465942383,14693.75,26197.99609375,2700.06005859375,6795.2099609375,20.739999771118164,62.08000183105469,1241.0999755859375,70.62999725341797
2018-12-07,10693.7001953125,18.59000015258789,14662.900390625,26593.9921875,2695.949951171875,6838.85009765625,21.190000534057617,60.060001373291016,1238.0999755859375,70.87000274658203
2018-12-10,10488.4501953125,20.440000534057617,14419.2001953125,26102.34765625,2633.080078125,6613.27978515625,23.229999542236328,61.66999816894531,1246.800048828125,70.75
2018-12-11,10549.150390625,17.950000762939453,14579.599609375,26163.095703125,2637.719970703125,6682.740234375,22.63999938964844,59.970001220703125,1243.699951171875,71.36499786376953
2018-12-12,10737.599609375,15.8100004196167,14738.5498046875,26643.5390625,2636.780029296875,6704.240234375,21.76000022888184,60.20000076293945,1241.9000244140625,72.7300033569336
2018-12-13,10791.5498046875,15.550000190734863,14841.0,26816.037109375,2651.070068359375,6763.9599609375,21.459999084472656,60.150001525878906,1244.4000244140625,72.62000274658203
2018-12-14,10805.4501953125,15.15999984741211,14851.400390625,26825.6875,2650.5400390625,6767.97021484375,20.649999618530277,61.45000076293945,1242.699951171875,72.1500015258789
2018-12-17,10888.349609375,14.539999961853027,14873.0498046875,27015.486328125,2599.949951171875,6594.9599609375,21.6299991607666,60.27999877929688,1237.0,71.5469970703125
2018-12-18,10908.7001953125,14.579999923706056,14730.900390625,27174.3828125,2545.93994140625,6448.39013671875,24.520000457763672,59.61000061035156,1247.4000244140625,71.91000366210938
2018-12-19,10967.2998046875,14.65999984741211,14591.7998046875,27298.083984375,2546.159912109375,6491.52001953125,25.57999992370605,56.2599983215332,1249.199951171875,71.58999633789062
2018-12-20,10951.7001953125,14.329999923706056,14542.150390625,27274.783203125,2506.9599609375,6342.97021484375,25.57999992370605,57.2400016784668,1252.0999755859375,70.56999969482422
2018-12-21,10754.0,15.989999771118164,14207.849609375,26869.337890625,2467.419921875,6243.18994140625,28.3799991607666,54.34999847412109,1263.5999755859375,70.68550109863281
2018-12-24,10663.5,15.75,14247.75,26714.439453125,2416.6201171875,6046.56005859375,30.11000061035156,53.81999969482422,1253.800048828125,70.30000305175781
2018-12-26,10729.849609375,15.920000076293944,14158.900390625,26986.486328125,2351.10009765625,5899.35009765625,36.06999969482422,50.470001220703125,1267.5,70.23999786376953
2018-12-27,10779.7998046875,16.06999969482422,14354.5,26878.23828125,2467.699951171875,6262.77001953125,30.40999984741211,54.470001220703125,1269.199951171875,70.23999786376953
2018-12-28,10859.900390625,15.270000457763672,14385.7998046875,27124.935546875,2488.830078125,6288.2998046875,29.959999084472656,52.15999984741211,1277.300048828125,70.1500015258789
2018-12-31,10862.5498046875,16.0,14440.2998046875,27159.8828125,2485.739990234375,6285.27001953125,28.34000015258789,52.20000076293945,1279.9000244140625,69.98999786376953
2019-01-02,10792.5,16.389999389648438,14447.099609375,27174.3828125,2506.85009765625,6329.97021484375,25.420000076293945,53.79999923706055,1278.300048828125,69.70999908447266
2019-01-03,10672.25,16.790000915527344,14322.150390625,26959.537109375,2510.030029296875,6360.8701171875,23.21999931335449,54.90999984741211,1281.0,69.70999908447266
2019-01-04,10727.349609375,16.15999984741211,14146.150390625,27194.68359375,2447.889892578125,6147.1298828125,25.450000762939453,55.95000076293945,1291.800048828125,69.95999908447266
2019-01-07,10771.7998046875,16.299999237060547,14291.5,27304.234375,2531.93994140625,6422.669921875,21.3799991607666,57.060001373291016,1282.699951171875,70.30000305175781
2019-01-08,10802.150390625,15.699999809265137,14285.7001953125,27509.1796875,2549.68994140625,6488.25,21.399999618530277,57.33000183105469,1286.800048828125,69.5250015258789
2019-01-09,10855.150390625,15.270000457763672,14326.099609375,27720.078125,2574.409912109375,6551.85009765625,20.46999931335449,58.720001220703125,1283.199951171875,69.80999755859375
2019-01-10,10821.599609375,15.350000381469728,14323.25,27528.23046875,2584.9599609375,6600.68994140625,19.979999542236328,61.43999862670898,1289.300048828125,70.33000183105469
2019-01-11,10794.9501953125,15.350000381469728,14307.099609375,27453.58203125,2596.639892578125,6620.93994140625,19.5,61.68000030517578,1284.699951171875,70.55049896240234
2019-01-14,10737.599609375,16.15999984741211,14223.599609375,27247.93359375,2596.260009765625,6601.39990234375,18.190000534057617,60.47999954223633,1287.0999755859375,70.72000122070312
2019-01-15,10886.7998046875,15.579999923706056,14658.5,27400.431640625,2582.610107421875,6541.0400390625,19.06999969482422,58.9900016784668,1289.0999755859375,70.37000274658203
2019-01-16,10890.2998046875,16.079999923706055,14707.7998046875,27483.37890625,2610.300048828125,6669.64013671875,18.600000381469727,60.63999938964844,1286.199951171875,71.08499908447266
2019-01-17,10905.2001953125,16.239999771118164,14800.25,27528.4296875,2616.10009765625,6668.56005859375,19.040000915527344,61.31999969482422,1291.5999755859375,71.09249877929688
2019-01-18,10906.9501953125,16.6200008392334,14893.0,27456.380859375,2635.9599609375,6718.4501953125,18.059999465942383,61.18000030517578,1291.0,71.36499786376953
2019-01-21,10961.849609375,18.149999618530277,14966.400390625,27533.279296875,2670.7099609375,6784.60986328125,17.799999237060547,62.70000076293945,1281.300048828125,71.03019714355469
2019-01-22,10922.75,17.989999771118164,14962.599609375,27481.9296875,2670.7099609375,6784.60986328125,17.799999237060547,62.70000076293945,1281.300048828125,71.2300033569336
2019-01-23,10831.5,18.09000015258789,14888.75,27250.43359375,2632.89990234375,6646.81005859375,20.799999237060547,61.5,1282.5,71.5
2019-01-24,10849.7998046875,17.43000030517578,14971.900390625,27266.083984375,2638.699951171875,6658.759765625,19.520000457763672,61.13999938964844,1283.0999755859375,71.2302017211914
2019-01-25,10780.5498046875,17.690000534057617,15039.2998046875,27114.986328125,2642.330078125,6702.5498046875,18.88999938964844,61.09000015258789,1279.0999755859375,71.15730285644531
2019-01-28,10661.5498046875,18.899999618530277,15120.150390625,26652.740234375,2664.760009765625,6787.3701171875,17.420000076293945,61.63999938964844,1297.4000244140625,70.98999786376953
2019-01-29,10652.2001953125,18.43000030517578,15231.2998046875,26573.091796875,2643.85009765625,6697.08984375,18.8700008392334,59.93000030517578,1302.4000244140625,70.9749984741211
2019-01-30,10651.7998046875,17.850000381469727,15255.2001953125,26825.1875,2640.0,6632.7900390625,19.1299991607666,61.31999969482422,1308.199951171875,71.09010314941406
2019-01-31,10830.9501953125,17.1200008392334,15499.2998046875,27295.1328125,2681.050048828125,6807.91015625,17.65999984741211,61.650001525878906,1309.9000244140625,71.62000274658203
2019-02-01,10893.650390625,15.720000267028809,15724.2998046875,27085.634765625,2704.10009765625,6906.83984375,16.56999969482422,61.88999938964844,1319.699951171875,71.12000274658203
2019-02-04,10912.25,15.720000267028809,15754.7998046875,27186.283203125,2706.530029296875,6875.52001953125,16.139999389648438,61.869998931884766,1316.9000244140625,71.19999694824219
2019-02-05,10934.349609375,15.779999732971191,15738.7001953125,27271.3828125,2724.8701171875,6959.9599609375,15.729999542236328,62.5099983215332,1314.300048828125,71.45169830322266
2019-02-06,11062.4501953125,15.630000114440918,16055.599609375,27402.03125,2737.699951171875,7023.52001953125,15.56999969482422,61.97999954223633,1314.199951171875,71.68499755859375
2019-02-07,11069.400390625,15.4399995803833,16085.849609375,27386.83203125,2731.610107421875,6997.6201171875,15.380000114440918,62.68999862670898,1309.5,71.7699966430664
2019-02-08,10943.599609375,15.56999969482422,16019.7998046875,27294.083984375,2706.050048828125,6904.97998046875,16.3700008392334,61.630001068115234,1309.4000244140625,71.54049682617188
2019-02-11,10888.7998046875,15.84000015258789,16099.0498046875,27227.484375,2707.8798828125,6913.1298828125,15.720000267028809,62.09999847412109,1313.699951171875,71.58000183105469
2019-02-12,10831.400390625,15.75,15938.650390625,27010.435546875,2709.800048828125,6909.18017578125,15.970000267028809,61.5099983215332,1307.0,71.1500015258789
2019-02-14,10746.0498046875,15.770000457763672,15861.650390625,26970.28515625,2753.030029296875,7015.8798828125,15.649999618530272,63.61000061035156,1310.800048828125,70.80999755859375
2019-02-15,10724.400390625,16.459999084472656,15815.599609375,26793.939453125,2745.72998046875,7022.419921875,16.219999313354492,64.56999969482422,1309.800048828125,70.86509704589844
2019-02-18,10640.9501953125,18.0,15659.0,26653.939453125,2775.60009765625,7055.18017578125,14.90999984741211,66.25,1318.0999755859375,71.01000213623047
2019-02-19,10604.349609375,18.46999931335449,15333.5,26684.5390625,2775.60009765625,7055.18017578125,14.90999984741211,66.25,1318.0999755859375,71.31999969482422
2019-02-20,10735.4501953125,17.059999465942383,15609.4501953125,26955.1875,2779.760009765625,7066.60986328125,14.880000114440918,66.44999694824219,1340.0999755859375,71.69999694824219
2019-02-21,10789.849609375,16.049999237060547,15588.900390625,27052.0859375,2784.699951171875,7062.33984375,14.020000457763672,67.08000183105469,1343.300048828125,71.5999984741211
2019-02-22,10791.650390625,15.449999809265137,15684.7001953125,26867.23828125,2774.8798828125,7035.16015625,14.460000038146973,67.06999969482422,1323.5,71.30000305175781
2019-02-25,10880.099609375,15.359999656677246,16003.7001953125,27158.93359375,2792.669921875,7090.6298828125,13.510000228881836,67.12000274658203,1329.199951171875,71.18499755859375
2019-02-26,10835.2998046875,17.110000610351562,15989.599609375,26952.63671875,2796.110107421875,7115.43017578125,14.850000381469728,64.76000213623047,1325.9000244140625,71.03099822998047
2019-02-27,10806.650390625,18.899999618530277,15902.099609375,26798.990234375,2793.89990234375,7123.22021484375,15.170000076293944,65.20999908447266,1325.0999755859375,71.08999633789062
2019-02-28,10792.5,18.280000686645508,15732.0,26789.58984375,2792.3798828125,7117.0,14.699999809265137,66.38999938964844,1317.699951171875,70.94000244140625
2019-03-01,10863.5,16.270000457763672,15848.2998046875,27043.5859375,2784.489990234375,7097.52978515625,14.779999732971191,66.02999877929688,1312.800048828125,71.19000244140625
2019-03-05,10987.4501953125,15.65999984741211,15664.099609375,27553.73046875,2792.81005859375,7150.830078125,14.630000114440918,65.66999816894531,1284.800048828125,70.98999786376953
2019-03-06,11053.0,15.609999656677246,15735.0498046875,27625.330078125,2789.64990234375,7156.7900390625,14.739999771118164,65.86000061035156,1282.0,70.9000015258789
2019-03-07,11058.2001953125,15.289999961853027,15582.099609375,27764.27734375,2771.449951171875,7112.47021484375,15.739999771118164,65.98999786376953,1284.9000244140625,70.74250030517578
2019-03-08,11035.400390625,14.9399995803833,15408.7001953125,27761.478515625,2748.929931640625,7026.8798828125,16.59000015258789,66.30000305175781,1283.800048828125,70.36499786376953
2019-03-11,11168.0498046875,14.899999618530272,15388.5,27966.326171875,2743.070068359375,7015.68994140625,16.049999237060547,65.73999786376953,1297.0,70.48750305175781
2019-03-12,11301.2001953125,15.100000381469728,15384.5498046875,28443.369140625,2783.300048828125,7164.02001953125,14.329999923706056,66.58000183105469,1288.800048828125,69.98690032958984
2019-03-13,11341.7001953125,15.279999732971191,15342.900390625,28883.96484375,2791.52001953125,7201.27978515625,13.770000457763672,66.66999816894531,1296.300048828125,69.79010009765625
2019-03-14,11343.25,15.149999618530272,15260.4501953125,28922.763671875,2810.919921875,7256.97998046875,13.40999984741211,67.55000305175781,1307.5,69.84500122070312
2019-03-15,11426.849609375,15.869999885559082,15546.599609375,29381.107421875,2808.47998046875,7243.009765625,13.5,67.2300033569336,1293.4000244140625,69.72630310058594
2019-03-18,11462.2001953125,16.899999618530273,15359.4501953125,29595.755859375,2822.47998046875,7306.990234375,12.880000114440918,67.16000366210938,1301.800048828125,69.3373031616211
2019-03-19,11532.400390625,16.489999771118164,15495.5498046875,29767.50390625,2832.93994140625,7326.27978515625,13.100000381469728,67.54000091552734,1300.300048828125,68.9530029296875
2019-03-20,11521.0498046875,16.030000686645508,15599.25,29831.8515625,2832.570068359375,7349.27978515625,13.5600004196167,67.61000061035156,1305.0,68.61799621582031
2019-03-22,11456.900390625,16.270000457763672,15551.099609375,29582.15625,2854.8798828125,7493.27001953125,13.630000114440918,67.86000061035156,1306.0999755859375,68.82499694824219
2019-03-25,11354.25,16.670000076293945,15416.849609375,29280.859375,2800.7099609375,7326.06005859375,16.479999542236328,67.02999877929688,1311.5999755859375,68.93000030517578
2019-03-26,11483.25,16.489999771118164,15356.599609375,29881.802734375,2798.360107421875,7316.9599609375,16.329999923706055,67.20999908447266,1321.9000244140625,69.1604995727539
2019-03-27,11445.0498046875,17.049999237060547,15339.400390625,30019.451171875,2818.4599609375,7351.14990234375,14.68000030517578,67.97000122070312,1314.300048828125,68.92340087890625
2019-03-28,11570.0,16.649999618530273,15566.75,30420.197265625,2805.3701171875,7308.18994140625,15.149999618530272,67.83000183105469,1309.9000244140625,69.42749786376953
2019-04-01,11669.150390625,18.010000228881836,15840.650390625,30326.1484375,2834.39990234375,7378.77001953125,13.710000038146973,68.38999938964844,1293.0,69.5
2019-04-02,11713.2001953125,18.07999992370605,15988.400390625,30353.896484375,2867.18994140625,7478.419921875,13.399999618530272,69.01000213623047,1288.4000244140625,69.43000030517578
2019-04-03,11643.9501953125,18.780000686645508,15962.9501953125,30092.951171875,2867.239990234375,7499.64013671875,13.359999656677246,69.37000274658203,1290.0,69.19529724121094
2019-04-04,11598.0,18.649999618530277,15744.7998046875,29904.552734375,2873.39990234375,7544.97021484375,13.739999771118164,69.30999755859375,1289.9000244140625,68.91020202636719
2019-04-05,11665.9501953125,18.38999938964844,15923.0498046875,30084.30078125,2879.389892578125,7540.56982421875,13.579999923706056,69.4000015258789,1289.0,68.8499984741211
2019-04-08,11604.5,20.149999618530277,16028.25,29844.953125,2892.739990234375,7578.83984375,12.81999969482422,70.33999633789062,1290.4000244140625,68.97039794921875
2019-04-09,11671.9501953125,20.280000686645508,16121.599609375,30113.5,2895.77001953125,7599.740234375,13.18000030517578,71.0999984741211,1297.0999755859375,69.16000366210938
2019-04-10,11584.2998046875,21.1299991607666,15999.150390625,29803.154296875,2878.199951171875,7568.490234375,14.279999732971191,70.61000061035156,1303.5,69.55249786376953
2019-04-11,11596.7001953125,20.959999084472656,15874.75,29785.75390625,2888.2099609375,7611.490234375,13.300000190734863,71.7300033569336,1309.0999755859375,69.26180267333984
2019-04-12,11643.4501953125,21.0,15911.099609375,29938.203125,2888.320068359375,7594.89013671875,13.020000457763672,70.83000183105469,1288.5999755859375,69.14019775390625
2019-04-15,11690.349609375,21.38999938964844,16113.7001953125,30103.900390625,2907.409912109375,7628.14990234375,12.010000228881836,71.55000305175781,1290.5999755859375,69.43000030517578
2019-04-16,11787.150390625,21.690000534057617,16084.900390625,30530.994140625,2905.580078125,7629.1201171875,12.31999969482422,71.18000030517578,1286.800048828125,69.16100311279297
2019-04-18,11752.7998046875,22.739999771118164,16079.2998046875,30223.048828125,2900.449951171875,7680.72021484375,12.600000381469728,71.62000274658203,1272.199951171875,69.88500213623047
2019-04-22,11594.4501953125,24.049999237060547,16150.599609375,29687.603515625,2905.030029296875,7689.72021484375,12.09000015258789,71.97000122070312,1271.9000244140625,69.38099670410156
2019-04-23,11575.9501953125,24.649999618530277,16166.2998046875,29479.357421875,2907.969970703125,7713.490234375,12.420000076293944,74.04000091552734,1273.5,69.36000061035156
2019-04-24,11726.150390625,23.709999084472656,16370.349609375,29860.453125,2933.679931640625,7810.7099609375,12.279999732971191,74.51000213623047,1269.300048828125,70.0625
2019-04-25,11641.7998046875,23.229999542236328,16352.7998046875,29561.005859375,2927.25,7784.41015625,13.140000343322754,74.56999969482422,1275.5,69.75800323486328
2019-04-26,11754.650390625,21.71999931335449,16504.44921875,30013.150390625,2926.169921875,7816.919921875,13.25,74.3499984741211,1275.800048828125,70.0958023071289
2019-04-30,11748.150390625,21.82999992370605,16705.400390625,29764.455078125,2943.030029296875,7839.0400390625,13.109999656677246,72.04000091552734,1278.5999755859375,69.84200286865234
2019-05-02,11724.75,22.979999542236328,16403.69921875,29708.25390625,2923.72998046875,7751.85009765625,14.800000190734863,72.18000030517578,1281.4000244140625,69.55599975585938
2019-05-03,11712.25,24.030000686645508,16092.9501953125,29953.802734375,2917.52001953125,7724.06005859375,14.420000076293944,70.75,1269.699951171875,69.63289642333984
2019-05-06,11598.25,26.43000030517578,16111.349609375,29618.10546875,2945.639892578125,7845.72998046875,12.869999885559082,70.8499984741211,1279.199951171875,69.42440032958984
2019-05-07,11497.900390625,26.479999542236328,16135.75,29287.859375,2932.469970703125,7794.08984375,15.4399995803833,71.23999786376953,1281.699951171875,69.16799926757812
2019-05-08,11359.4501953125,26.3700008392334,16061.599609375,28994.0625,2884.050048828125,7640.14990234375,19.31999969482422,69.87999725341797,1283.5,69.40029907226562
2019-05-09,11301.7998046875,25.489999771118164,16132.849609375,28884.263671875,2879.419921875,7617.5498046875,19.399999618530277,70.37000274658203,1279.4000244140625,69.91000366210938
2019-05-10,11278.900390625,26.34000015258789,15949.599609375,29040.162109375,2870.719970703125,7582.75,19.100000381469727,70.38999938964844,1283.5,70.01000213623047
2019-05-13,11148.2001953125,27.3799991607666,15955.2998046875,28659.615234375,2881.39990234375,7586.52978515625,16.040000915527344,70.62000274658203,1285.699951171875,70.41000366210938
2019-05-14,11222.0498046875,27.1299991607666,15762.75,28828.86328125,2811.8701171875,7324.1298828125,20.549999237060547,70.2300033569336,1300.0999755859375,69.92250061035156
2019-05-15,11157.0,28.65999984741211,15776.7998046875,28616.1171875,2834.409912109375,7401.8798828125,18.059999465942383,71.23999786376953,1294.699951171875,70.61699676513672
2019-05-16,11257.099609375,28.3700008392334,15934.0,28854.96484375,2850.9599609375,7503.25,16.440000534057617,71.7699966430664,1296.300048828125,70.30699920654297
2019-05-17,11407.150390625,28.07999992370605,15843.400390625,29449.80859375,2876.320068359375,7580.14013671875,15.289999961853027,72.62000274658203,1285.0,70.20919799804688
2019-05-20,11828.25,23.68000030517578,15968.2001953125,30759.341796875,2859.530029296875,7503.68017578125,15.960000038146973,72.20999908447266,1274.5,70.23500061035156
2019-05-21,11709.099609375,25.649999618530277,15766.9501953125,30308.048828125,2840.22998046875,7376.7001953125,16.309999465942383,71.97000122070312,1276.0999755859375,70.28150177001953
2019-05-22,11737.900390625,27.6299991607666,15666.150390625,30526.4453125,2864.360107421875,7451.02001953125,14.949999809265137,72.18000030517578,1272.0,70.12750244140625
2019-05-23,11657.0498046875,19.40999984741211,15538.849609375,30408.74609375,2856.27001953125,7420.66015625,14.75,70.98999786376953,1273.5999755859375,70.12750244140625
2019-05-24,11844.099609375,16.469999313354492,15569.849609375,31212.1875,2822.239990234375,7307.93017578125,16.920000076293945,67.76000213623047,1284.800048828125,69.97250366210938
2019-05-27,11924.75,16.190000534057617,15556.650390625,31647.283203125,2826.06005859375,7300.9599609375,15.850000381469728,68.69000244140625,1283.0,69.94499969482422
2019-05-28,11928.75,15.920000076293944,15762.0498046875,31597.533203125,2826.06005859375,7300.9599609375,15.850000381469728,68.69000244140625,1283.0,69.36000061035156
2019-05-29,11861.099609375,16.40999984741211,15865.599609375,31295.1875,2802.389892578125,7278.3798828125,17.5,70.11000061035156,1276.5,69.72000122070312
2019-05-30,11945.900390625,15.609999656677246,15997.349609375,31536.732421875,2783.02001953125,7216.85986328125,17.899999618530273,69.44999694824219,1280.5999755859375,69.875
2019-05-31,11922.7998046875,16.06999969482422,16160.650390625,31375.03515625,2788.860107421875,7245.39990234375,17.299999237060547,66.87000274658203,1287.0999755859375,69.81500244140625
2019-06-03,12088.5498046875,15.970000267028809,16360.5498046875,31653.283203125,2752.06005859375,7127.9599609375,18.709999084472656,64.48999786376953,1305.800048828125,69.9800033569336
2019-06-04,12021.650390625,15.630000114440918,16105.2001953125,31588.68359375,2744.449951171875,6978.02001953125,18.86000061035156,61.27999877929688,1322.699951171875,69.5696029663086
2019-06-06,11843.75,15.529999732971191,16012.099609375,30857.041015625,2826.14990234375,7220.89990234375,16.09000015258789,60.630001068115234,1328.300048828125,69.55999755859375
2019-06-07,11870.650390625,14.859999656677246,16109.849609375,31066.189453125,2843.489990234375,7275.93017578125,15.93000030517578,61.66999816894531,1337.5999755859375,69.625
2019-06-10,11922.7001953125,14.979999542236328,16362.400390625,31033.638671875,2873.340087890625,7417.2900390625,16.299999237060547,63.290000915527344,1341.199951171875,69.36000061035156
2019-06-11,11965.599609375,14.489999771118164,16448.099609375,31265.0859375,2886.72998046875,7501.93017578125,15.9399995803833,62.290000915527344,1324.699951171875,69.34500122070312
2019-06-12,11906.2001953125,14.119999885559082,16425.94921875,30965.33984375,2885.719970703125,7513.85009765625,15.989999771118164,62.290000915527344,1326.4000244140625,69.52349853515625
2019-06-13,11914.0498046875,13.65999984741211,16316.599609375,30975.740234375,2879.840087890625,7472.2900390625,15.90999984741211,59.970001220703125,1331.9000244140625,69.3864974975586
2019-06-14,11823.2998046875,13.899999618530272,16268.2001953125,30613.994140625,2891.639892578125,7510.68017578125,15.81999969482422,61.310001373291016,1339.199951171875,69.69999694824219
2019-06-17,11672.150390625,14.649999618530272,16228.2001953125,30272.8984375,2886.97998046875,7479.10986328125,15.279999732971191,62.0099983215332,1340.0999755859375,69.80000305175781
2019-06-18,11691.5,14.600000381469728,16322.5,30350.646484375,2889.669921875,7526.52001953125,15.350000381469728,60.93999862670898,1338.699951171875,69.77050018310547
2019-06-19,11691.4501953125,14.729999542236328,16282.7001953125,30361.74609375,2917.75,7635.39990234375,15.149999618530272,62.13999938964844,1346.5999755859375,70.11250305175781
2019-06-20,11831.75,14.0,16316.9501953125,30780.7421875,2926.4599609375,7667.740234375,14.329999923706056,61.81999969482422,1344.5999755859375,69.76499938964844
2019-06-21,11724.099609375,14.609999656677246,16189.400390625,30627.994140625,2954.179931640625,7738.0498046875,14.75,64.44999694824219,1392.9000244140625,69.87000274658203
2019-06-24,11699.650390625,15.220000267028809,16187.400390625,30601.6953125,2950.4599609375,7728.77978515625,15.399999618530272,65.19999694824219,1396.199951171875,69.77999877929688
2019-06-25,11796.4501953125,15.010000228881836,16214.4501953125,30846.69140625,2945.35009765625,7723.02001953125,15.260000228881836,64.86000061035156,1414.300048828125,69.56990051269531
2019-06-26,11847.5498046875,14.75,16101.75,31161.98828125,2917.3798828125,7591.5400390625,16.280000686645508,65.05000305175781,1414.9000244140625,69.60250091552734
2019-06-27,11841.5498046875,14.649999618530272,15991.7998046875,31269.13671875,2913.780029296875,7627.0498046875,16.209999084472656,66.48999786376953,1411.5999755859375,69.63749694824219
2019-06-28,11788.849609375,14.949999809265137,15936.4501953125,31104.837890625,2924.919921875,7657.0498046875,15.81999969482422,66.55000305175781,1408.4000244140625,69.60250091552734
2019-07-01,11865.599609375,14.600000381469728,15916.7001953125,31371.833984375,2941.760009765625,7671.080078125,15.079999923706056,66.55000305175781,1409.699951171875,69.32499694824219
2019-07-02,11910.2998046875,14.25,16074.099609375,31282.9375,2964.330078125,7768.14013671875,14.0600004196167,65.05999755859375,1385.5999755859375,68.94049835205078
2019-07-03,11916.75,13.699999809265137,15927.650390625,31381.935546875,2973.010009765625,7799.81982421875,12.93000030517578,62.400001525878906,1404.5999755859375,69.1675033569336
2019-07-04,11946.75,13.529999732971191,15942.400390625,31471.484375,2995.820068359375,7857.68994140625,12.56999969482422,63.81999969482422,1417.699951171875,69.0824966430664
2019-07-05,11811.150390625,13.06999969482422,15550.0498046875,31475.435546875,2995.820068359375,7857.68994140625,12.56999969482422,63.81999969482422,1417.699951171875,69.00749969482422
2019-07-08,11558.599609375,13.850000381469728,15376.0,30603.494140625,2990.409912109375,7841.2998046875,13.279999732971191,64.2300033569336,1396.699951171875,68.73999786376953
2019-07-09,11555.900390625,13.6899995803833,15254.5,30568.794921875,2975.949951171875,7785.7900390625,13.960000038146973,64.11000061035156,1397.0,68.44000244140625
2019-07-10,11498.900390625,13.640000343322754,15168.599609375,30521.744140625,2979.6298828125,7826.85986328125,14.09000015258789,64.16000366210938,1397.5,68.8499984741211
2019-07-11,11582.900390625,12.470000267028809,15214.2998046875,30716.193359375,2993.070068359375,7903.39990234375,13.029999732971191,67.01000213623047,1410.0999755859375,68.76499938964844
2019-07-12,11552.5,12.0,15227.400390625,30601.09375,2999.909912109375,7896.77978515625,12.93000030517578,66.5199966430664,1404.300048828125,68.36759948730469
2019-07-15,11588.349609375,12.020000457763672,15662.0498046875,30445.595703125,3013.77001953125,7943.240234375,12.390000343322754,66.72000122070312,1409.9000244140625,68.66999816894531
2019-07-16,11662.599609375,11.5600004196167,15580.4501953125,30570.4453125,3014.300048828125,7966.93017578125,12.68000030517578,66.4800033569336,1411.4000244140625,68.55030059814453
2019-07-17,11687.5,11.800000190734863,15676.0,30735.142578125,3004.0400390625,7927.080078125,12.859999656677246,64.3499984741211,1409.199951171875,68.74749755859375
2019-07-18,11596.900390625,11.75,15498.5,30430.24609375,2984.419921875,7888.759765625,13.970000267028809,63.65999984741211,1421.300048828125,68.8949966430664
2019-07-19,11419.25,12.520000457763672,15383.650390625,29770.00390625,2995.110107421875,7904.1298828125,13.529999732971191,61.93000030517578,1426.0999755859375,68.78600311279297
2019-07-22,11346.2001953125,13.010000228881836,15448.25,29284.609375,2976.610107421875,7834.89990234375,14.449999809265137,62.470001220703125,1425.0999755859375,68.8499984741211
2019-07-23,11331.0498046875,13.43000030517578,15493.400390625,29127.76171875,2985.030029296875,7905.1201171875,13.529999732971191,63.2599983215332,1425.300048828125,68.83000183105469
2019-07-24,11271.2998046875,12.760000228881836,15380.75,28951.9140625,3005.469970703125,7954.56005859375,12.609999656677246,63.83000183105469,1420.0999755859375,69.16000366210938
2019-07-25,11252.150390625,12.640000343322754,15474.650390625,29042.712890625,3019.56005859375,8010.60986328125,12.06999969482422,63.18000030517578,1422.800048828125,69.0199966430664
2019-07-26,11284.2998046875,12.130000114440918,15348.0498046875,29324.958984375,3003.669921875,7929.8701171875,12.739999771118164,63.38999938964844,1413.9000244140625,69.18499755859375
2019-07-29,11189.2001953125,13.0600004196167,15400.849609375,29295.560546875,3025.860107421875,8016.9501953125,12.15999984741211,63.459999084472656,1418.5,69.15049743652344
2019-07-30,11085.400390625,13.609999656677246,15501.650390625,28791.265625,3020.969970703125,7989.080078125,12.829999923706056,63.709999084472656,1419.5999755859375,68.87000274658203
2019-07-31,11118.0,13.59000015258789,15620.2001953125,28875.6640625,3013.179931640625,7952.47021484375,13.9399995803833,64.72000122070312,1429.699951171875,68.94999694824219
2019-08-01,10980.0,14.5600004196167,15332.099609375,28366.919921875,2980.3798828125,7848.77978515625,16.1200008392334,65.16999816894531,1426.0999755859375,69.07749938964844
2019-08-02,10997.349609375,15.1899995803833,15422.099609375,28204.62109375,2953.56005859375,7801.14990234375,17.8700008392334,60.5,1420.9000244140625,69.40499877929688
2019-08-05,10862.599609375,16.59000015258789,15518.5498046875,27647.728515625,2932.050048828125,7692.7998046875,17.610000610351562,61.88999938964844,1445.5999755859375,69.29720306396484
2019-08-06,10948.25,16.1200008392334,15514.7998046875,28021.7734375,2844.739990234375,7415.68994140625,24.59000015258789,59.810001373291016,1464.5999755859375,69.65689849853516
2019-08-07,10855.5,16.739999771118164,15583.349609375,27701.728515625,2881.77001953125,7521.31982421875,20.170000076293945,58.93999862670898,1472.4000244140625,71.5199966430664
2019-08-08,11032.4501953125,16.09000015258789,15867.9501953125,28110.123046875,2883.97998046875,7551.89990234375,19.489999771118164,56.22999954223633,1507.300048828125,71.2300033569336
2019-08-09,11109.650390625,15.850000381469728,15821.349609375,28431.5703125,2938.090087890625,7724.830078125,16.90999984741211,57.380001068115234,1497.699951171875,71.16510009765625
2019-08-13,10925.849609375,17.780000686645508,15424.400390625,27728.77734375,2882.699951171875,7561.68017578125,21.09000015258789,58.56999969482422,1505.300048828125,71.03500366210938
2019-08-14,11029.400390625,16.360000610351562,15466.25,28018.873046875,2926.320068359375,7728.14990234375,17.520000457763672,61.29999923706055,1502.199951171875,71.58000183105469
2019-08-16,11047.7998046875,16.649999618530273,15365.349609375,28216.671875,2847.60009765625,7484.89013671875,21.18000030517578,58.22999954223633,1519.5999755859375,71.63520050048828
2019-08-19,11053.900390625,16.75,15415.150390625,28185.771484375,2888.679931640625,7604.10986328125,18.46999931335449,58.63999938964844,1512.5,71.72000122070312
2019-08-20,11017.0,16.6299991607666,15597.75,27982.123046875,2923.64990234375,7719.31982421875,16.8799991607666,59.7400016784668,1500.4000244140625,71.13200378417969
2019-08-21,10918.7001953125,17.020000457763672,15578.150390625,27718.728515625,2900.510009765625,7664.47021484375,17.5,60.02999877929688,1504.5999755859375,71.99500274658203
2019-08-22,10741.349609375,17.850000381469727,15632.0,27033.884765625,2924.429931640625,7733.22021484375,15.800000190734863,60.29999923706055,1504.5999755859375,71.80999755859375
2019-08-23,10829.349609375,17.350000381469727,15816.599609375,26958.337890625,2922.949951171875,7707.43017578125,16.68000030517578,59.91999816894531,1497.300048828125,71.43779754638672
2019-08-26,11057.849609375,16.65999984741211,15890.2001953125,27951.025390625,2847.110107421875,7464.990234375,19.8700008392334,59.34000015258789,1526.5999755859375,71.92040252685547
2019-08-27,11105.349609375,16.010000228881836,15675.2998046875,28125.82421875,2878.3798828125,7575.02001953125,19.31999969482422,58.70000076293945,1526.300048828125,71.50250244140625
2019-08-28,11046.099609375,16.84000015258789,15879.900390625,27803.978515625,2869.159912109375,7566.02978515625,20.309999465942383,59.5099983215332,1541.0,72.16000366210938
2019-08-29,10948.2998046875,16.43000030517578,15884.5498046875,27304.8828125,2887.93994140625,7587.89990234375,19.350000381469727,60.4900016784668,1537.800048828125,71.53500366210938
2019-08-30,11023.25,16.280000686645508,16010.400390625,27427.53125,2924.580078125,7702.31005859375,17.8799991607666,61.08000183105469,1526.5,72.08499908447266
2019-09-03,10797.900390625,18.059999465942383,15984.900390625,26823.837890625,2926.4599609375,7691.0,18.979999542236328,60.43000030517578,1519.0999755859375,71.72989654541016
2019-09-04,10844.650390625,17.239999771118164,16032.5,27123.53515625,2906.27001953125,7609.509765625,19.65999984741211,58.2599983215332,1545.9000244140625,71.96209716796875
2019-09-05,10847.900390625,17.270000457763672,16030.9501953125,26919.38671875,2937.780029296875,7719.25,17.329999923706055,60.70000076293945,1550.300048828125,72.45999908447266
2019-09-06,10946.2001953125,16.270000457763672,16034.5498046875,27247.583984375,2976.0,7862.5400390625,16.270000457763672,60.95000076293945,1515.4000244140625,71.95570373535156
2019-09-09,11003.0498046875,15.850000381469728,15919.400390625,27504.330078125,2978.7099609375,7852.5400390625,15.0,61.540000915527344,1506.199951171875,72.22000122070312
2019-09-11,11035.7001953125,15.369999885559082,15701.7998046875,27775.876953125,2979.389892578125,7814.740234375,15.199999809265137,62.380001068115234,1490.300048828125,72.09249877929688
2019-09-12,10982.7998046875,14.899999618530272,15583.25,27818.17578125,3000.929931640625,7887.580078125,14.609999656677246,60.810001373291016,1494.4000244140625,71.85900115966797
2019-09-13,11075.900390625,14.119999885559082,15722.900390625,28098.423828125,3009.570068359375,7917.33984375,14.220000267028809,60.380001068115234,1498.699951171875,71.56009674072266
2019-09-16,11003.5,14.949999809265137,15743.150390625,27854.67578125,3007.389892578125,7892.9501953125,13.739999771118164,60.220001220703125,1490.9000244140625,71.28500366210938
2019-09-17,10817.599609375,16.020000457763672,15625.650390625,27131.435546875,2997.9599609375,7852.41015625,14.670000076293944,69.0199966430664,1503.0999755859375,71.02069854736328
2019-09-18,10840.650390625,15.350000381469728,15702.2998046875,27172.333984375,3005.699951171875,7888.7900390625,14.4399995803833,64.55000305175781,1505.0999755859375,71.74909973144531
2019-09-19,10704.7998046875,15.550000190734863,15522.4501953125,26757.33984375,3006.72998046875,7888.56005859375,13.949999809265137,63.59999847412109,1507.5,71.70999908447266
2019-09-20,11274.2001953125,15.399999618530272,15491.099609375,28981.21484375,3006.7900390625,7901.7900390625,14.050000190734863,64.4000015258789,1498.4000244140625,71.5425033569336
2019-09-23,11600.2001953125,16.790000915527344,15040.650390625,30565.84375,2992.070068359375,7823.5498046875,15.31999969482422,64.27999877929688,1507.300048828125,71.71749877929688
2019-09-24,11588.2001953125,16.729999542236328,15338.650390625,30182.748046875,2991.780029296875,7818.60986328125,14.90999984741211,64.7699966430664,1523.699951171875,71.19159698486328
2019-09-25,11440.2001953125,16.170000076293945,15379.900390625,29585.70703125,2966.60009765625,7710.0400390625,17.049999237060547,63.09999847412109,1532.0999755859375,70.78959655761719
2019-09-26,11571.2001953125,16.34000015258789,15312.900390625,30002.25,2984.8701171875,7803.5400390625,15.960000038146973,62.38999938964844,1504.5999755859375,71.28500366210938
2019-09-27,11512.400390625,16.110000610351562,15236.400390625,29876.302734375,2977.6201171875,7771.990234375,16.06999969482422,62.7400016784668,1507.5,71.30999755859375
2019-09-30,11474.4501953125,15.869999885559082,15540.150390625,29102.8125,2961.7900390625,7681.580078125,17.219999313354492,61.90999984741211,1499.0999755859375,71.21499633789062
2019-10-01,11359.900390625,16.760000228881836,15300.25,28725.166015625,2976.739990234375,7749.4501953125,16.239999771118164,60.77999877929688,1465.699951171875,70.49870300292969
2019-10-03,11314.0,17.700000762939453,15277.9501953125,28413.76953125,2887.610107421875,7550.7900390625,20.559999465942383,57.68999862670898,1501.0,71.0999984741211
2019-10-04,11174.75,17.579999923706055,15340.2998046875,27731.52734375,2910.6298828125,7638.39013671875,19.1200008392334,57.709999084472656,1507.0999755859375,71.1416015625
2019-10-07,11126.400390625,17.829999923706055,15246.75,27767.228515625,2952.010009765625,7754.10009765625,17.040000915527344,58.369998931884766,1506.199951171875,71.0199966430664
2019-10-09,11313.2998046875,17.15999984741211,15128.75,28785.515625,2893.06005859375,7604.27001953125,20.280000686645508,58.2400016784668,1497.199951171875,71.36000061035156
2019-10-10,11234.5498046875,17.229999542236328,15093.7998046875,28013.123046875,2919.39990234375,7690.52978515625,18.63999938964844,58.31999969482422,1506.0999755859375,71.20999908447266
2019-10-11,11305.0498046875,17.139999389648438,15321.900390625,28042.173828125,2938.1298828125,7740.35986328125,17.56999969482422,59.09999847412109,1494.800048828125,71.41000366210938
2019-10-14,11341.150390625,17.43000030517578,15277.75,28181.62109375,2970.27001953125,7843.8798828125,15.579999923706056,60.5099983215332,1482.699951171875,70.9800033569336
2019-10-15,11428.2998046875,16.850000381469727,15208.400390625,28554.767578125,2966.14990234375,7842.330078125,14.56999969482422,59.34999847412109,1491.699951171875,70.91400146484375
2019-10-16,11464.0,16.360000610351562,15344.9501953125,28538.46875,2995.679931640625,7942.85009765625,13.539999961853027,58.7400016784668,1477.5999755859375,71.45249938964844
2019-10-17,11586.349609375,15.880000114440918,15281.900390625,28989.111328125,2989.68994140625,7920.2099609375,13.68000030517578,59.41999816894531,1488.0,71.76000213623047
2019-10-18,11661.849609375,15.93000030517578,15410.099609375,29119.912109375,2997.949951171875,7942.14013671875,13.789999961853027,59.90999984741211,1492.300048828125,71.62000274658203
2019-10-22,11588.349609375,16.809999465942383,14688.650390625,29410.80859375,3006.719970703125,7940.330078125,14.0,58.959999084472656,1482.4000244140625,71.02999877929688
2019-10-23,11604.099609375,16.540000915527344,14833.349609375,29459.2578125,2995.989990234375,7874.6201171875,14.460000038146973,59.70000076293945,1481.699951171875,71.1050033569336
2019-10-24,11582.599609375,16.239999771118164,14781.5,29107.611328125,3004.52001953125,7889.47021484375,14.010000228881836,61.16999816894531,1489.9000244140625,71.07499694824219
2019-10-25,11583.900390625,15.31999969482422,14898.849609375,29395.607421875,3010.2900390625,7966.72021484375,13.710000038146973,61.66999816894531,1498.9000244140625,70.71499633789062
2019-10-29,11786.849609375,16.420000076293945,15181.400390625,29872.703125,3039.419921875,8110.669921875,13.109999656677246,61.56999969482422,1490.0,70.83000183105469
2019-10-30,11844.099609375,16.65999984741211,15395.650390625,29987.15234375,3036.889892578125,8047.509765625,13.199999809265137,61.59000015258789,1487.0,70.73500061035156
2019-10-31,11877.4501953125,16.280000686645508,15559.400390625,30065.900390625,3046.77001953125,8083.10986328125,12.329999923706056,60.61000061035156,1493.199951171875,70.88459777832031
2019-11-01,11890.599609375,15.729999542236328,15471.2001953125,30330.19921875,3037.56005859375,8083.830078125,13.220000267028809,60.22999954223633,1511.4000244140625,70.98999786376953
2019-11-04,11941.2998046875,15.93000030517578,15591.2998046875,30332.74609375,3066.909912109375,8161.169921875,12.300000190734863,61.68999862670898,1508.0,70.97000122070312
2019-11-05,11917.2001953125,15.920000076293944,15533.4501953125,30219.498046875,3078.27001953125,8210.66015625,12.829999923706056,62.130001068115234,1508.0,70.51210021972656
2019-11-06,11966.0498046875,15.779999732971191,15561.2998046875,30609.244140625,3074.6201171875,8210.1796875,13.100000381469728,62.959999084472656,1480.800048828125,71.0
2019-11-07,12012.0498046875,15.210000038146973,15624.400390625,30632.794921875,3076.780029296875,8196.0302734375,12.619999885559082,61.7400016784668,1490.199951171875,70.8949966430664
2019-11-08,11908.150390625,15.859999656677246,15383.2998046875,30749.04296875,3085.179931640625,8219.650390625,12.729999542236328,62.290000915527344,1464.199951171875,71.0
2019-11-11,11913.4501953125,16.25,15308.5498046875,31115.189453125,3093.080078125,8255.8896484375,12.06999969482422,62.5099983215332,1461.300048828125,71.37650299072266
2019-11-13,11840.4501953125,16.459999084472656,15240.9501953125,30541.1953125,3091.840087890625,8263.7900390625,12.68000030517578,62.060001373291016,1452.0999755859375,71.5739974975586
2019-11-14,11872.099609375,15.649999618530272,15388.75,30749.591796875,3094.0400390625,8259.8095703125,13.0,62.369998931884766,1461.699951171875,71.77999877929688
2019-11-15,11895.4501953125,15.029999732971191,15310.650390625,31008.0390625,3096.6298828125,8257.830078125,13.050000190734863,62.27999877929688,1471.800048828125,72.1415023803711
2019-11-18,11884.5,15.760000228881836,15295.25,30991.740234375,3120.4599609375,8315.51953125,12.050000190734863,63.29999923706055,1467.300048828125,71.95580291748047
2019-11-19,11940.099609375,15.40999984741211,15304.849609375,31235.88671875,3122.030029296875,8328.48046875,12.460000038146973,62.43999862670898,1470.9000244140625,71.70580291748047
2019-11-20,11999.099609375,15.15999984741211,15318.5,31353.484375,3120.179931640625,8338.740234375,12.859999656677246,60.90999984741211,1473.300048828125,71.93509674072266
2019-11-21,11968.400390625,14.979999542236328,15293.9501953125,31349.583984375,3108.4599609375,8283.75,12.779999732971191,62.400001525878906,1473.300048828125,71.85099792480469
2019-11-22,11914.400390625,14.869999885559082,14995.900390625,31111.23828125,3103.5400390625,8265.6201171875,13.130000114440918,63.970001220703125,1463.0999755859375,71.76820373535156
2019-11-25,12073.75,15.0,15100.599609375,31555.533203125,3110.2900390625,8272.0498046875,12.34000015258789,63.38999938964844,1463.0999755859375,71.7405014038086
2019-11-26,12037.7001953125,14.84000015258789,14922.150390625,31717.98046875,3133.639892578125,8371.9296875,11.869999885559082,63.650001525878906,1456.5999755859375,71.78260040283203
2019-11-27,12100.7001953125,14.619999885559082,15022.150390625,31875.578125,3140.52001953125,8385.75,11.539999961853027,64.2699966430664,1459.800048828125,71.67949676513672
2019-11-28,12151.150390625,13.989999771118164,15121.7998046875,32122.576171875,3153.6298828125,8444.7099609375,11.75,64.05999755859375,1453.4000244140625,71.42839813232422
2019-11-29,12056.0498046875,13.899999618530272,14998.0498046875,31945.728515625,3153.6298828125,8444.7099609375,11.75,64.05999755859375,1453.4000244140625,71.22810363769531
2019-12-02,12048.2001953125,14.199999809265137,14852.0,31871.078125,3140.97998046875,8403.6796875,12.619999885559082,62.43000030517578,1465.5999755859375,71.54740142822266
2019-12-03,11994.2001953125,14.5600004196167,14920.75,31612.982421875,3113.8701171875,8309.259765625,14.90999984741211,60.91999816894531,1462.300048828125,71.7229995727539
2019-12-04,12043.2001953125,13.31999969482422,15175.150390625,31978.9296875,3093.199951171875,8254.740234375,15.960000038146973,60.81999969482422,1478.199951171875,71.625
2019-12-05,12018.400390625,14.3100004196167,15367.5,31712.580078125,3112.760009765625,8296.5302734375,14.800000190734863,63.0,1474.0,71.95999908447266
2019-12-06,11921.5,13.640000343322754,15289.599609375,31341.185546875,3117.429931640625,8308.400390625,14.520000457763672,63.38999938964844,1476.9000244140625,71.4801025390625
2019-12-09,11937.5,14.600000381469728,15157.150390625,31316.287109375,3145.909912109375,8397.3701171875,13.619999885559082,64.38999938964844,1459.0999755859375,71.38500213623047
2019-12-10,11856.7998046875,14.289999961853027,14946.5498046875,31159.98828125,3135.9599609375,8362.740234375,15.859999656677246,64.25,1459.300048828125,71.28679656982422
2019-12-11,11910.150390625,13.380000114440918,15130.2998046875,31256.38671875,3132.52001953125,8354.2900390625,15.68000030517578,64.33999633789062,1462.5999755859375,70.96019744873047
2019-12-12,11971.7998046875,13.350000381469728,14972.650390625,31665.08203125,3141.6298828125,8402.6103515625,14.989999771118164,63.720001220703125,1469.4000244140625,71.01000213623047
2019-12-13,12086.7001953125,13.300000190734863,15200.5498046875,32013.876953125,3168.570068359375,8466.8896484375,13.9399995803833,64.19999694824219,1466.699951171875,70.72930145263672
2019-12-16,12053.9501953125,13.420000076293944,15348.75,31973.828125,3168.800048828125,8487.7099609375,12.630000114440918,65.22000122070312,1475.5999755859375,70.55989837646484
2019-12-17,12165.0,12.520000457763672,15637.150390625,32139.876953125,3191.449951171875,8570.330078125,12.140000343322754,65.33999633789062,1475.0,70.68900299072266
2019-12-18,12221.650390625,12.34000015258789,15710.650390625,32243.875,3192.52001953125,8575.7001953125,12.289999961853027,66.0999984741211,1474.5999755859375,70.92050170898438
2019-12-19,12259.7001953125,12.119999885559082,15812.9501953125,32241.07421875,3191.139892578125,8580.6201171875,12.579999923706056,66.16999816894531,1472.5999755859375,71.21499633789062
2019-12-20,12271.7998046875,12.329999923706056,15844.5498046875,32384.572265625,3205.3701171875,8641.2900390625,12.5,66.54000091552734,1478.199951171875,70.98989868164062
2019-12-23,12262.75,11.960000038146973,15865.5,32339.07421875,3221.219970703125,8678.490234375,12.510000228881836,66.13999938964844,1474.699951171875,71.22270202636719
2019-12-24,12214.5498046875,11.630000114440918,15778.2001953125,32280.375,3224.010009765625,8696.009765625,12.609999656677246,66.38999938964844,1482.5,71.02400207519531
2019-12-26,12126.5498046875,11.119999885559082,15706.4501953125,31997.328125,3223.3798828125,8699.509765625,12.670000076293944,67.19999694824219,1499.0999755859375,71.45999908447266
2019-12-27,12245.7998046875,10.529999732971191,15780.7001953125,32411.97265625,3239.909912109375,8778.3095703125,12.649999618530272,67.91999816894531,1509.300048828125,71.54000091552734
2019-12-30,12255.849609375,11.010000228881836,15775.0,32354.5234375,3240.02001953125,8770.98046875,13.43000030517578,68.16000366210938,1513.800048828125,71.30030059814453
2019-12-31,12168.4501953125,11.670000076293944,15652.400390625,32161.27734375,3221.2900390625,8709.73046875,14.81999969482422,68.44000244140625,1514.5,71.31300354003906
2020-01-02,12282.2001953125,11.489999771118164,15709.650390625,32443.47265625,3230.780029296875,8733.0703125,13.779999732971191,66.0,1519.5,71.27580261230469
2020-01-03,12226.650390625,12.699999809265137,15936.599609375,32068.876953125,3257.85009765625,8872.2197265625,12.470000267028809,66.25,1524.5,71.0250015258789
2020-01-06,11993.0498046875,14.779999732971191,15879.7998046875,31236.787109375,3234.85009765625,8793.900390625,14.020000457763672,68.5999984741211,1549.199951171875,71.41500091552734
2020-01-07,12052.9501953125,14.609999656677246,15895.2001953125,31399.03515625,3246.280029296875,8848.51953125,13.850000381469728,68.91000366210938,1566.199951171875,71.73100280761719
2020-01-08,12025.349609375,15.640000343322754,15953.4501953125,31373.28515625,3237.179931640625,8846.4501953125,13.789999961853027,68.2699966430664,1571.800048828125,71.78700256347656
2020-01-09,12215.900390625,14.0,15925.150390625,32092.02734375,3253.050048828125,8912.3701171875,13.449999809265137,65.44000244140625,1557.4000244140625,72.16000366210938
2020-01-10,12256.7998046875,14.079999923706056,15959.900390625,32097.02734375,3274.699951171875,8989.6298828125,12.539999961853027,65.37000274658203,1551.699951171875,71.41190338134766
2020-01-13,12329.5498046875,14.279999732971191,16225.900390625,32177.27734375,3265.35009765625,8966.6396484375,12.5600004196167,64.9800033569336,1557.5,71.19429779052734
2020-01-14,12362.2998046875,13.90999984741211,16362.349609375,32071.27734375,3288.1298828125,9070.650390625,12.31999969482422,64.19999694824219,1548.4000244140625,70.9530029296875
2020-01-15,12343.2998046875,14.119999885559082,16346.849609375,31824.53125,3283.14990234375,9033.419921875,12.390000343322754,64.48999786376953,1542.4000244140625,70.71890258789062
2020-01-16,12355.5,14.18000030517578,16381.650390625,31853.529296875,3289.2900390625,9035.669921875,12.420000076293944,64.0,1552.0999755859375,70.84510040283203
2020-01-17,12352.349609375,14.130000114440918,16356.599609375,31590.283203125,3316.81005859375,9125.0,12.31999969482422,64.62000274658203,1549.0,70.71800231933594
2020-01-20,12224.5498046875,15.40999984741211,16207.150390625,31080.2890625,3329.6201171875,9173.73046875,12.100000381469728,64.8499984741211,1558.800048828125,70.94560241699219
2020-01-21,12169.849609375,15.859999656677246,16175.2001953125,30947.19140625,3329.6201171875,9173.73046875,12.100000381469728,64.8499984741211,1558.800048828125,71.03469848632812
2020-01-22,12106.900390625,16.360000610351562,16334.5498046875,30701.091796875,3320.7900390625,9166.6298828125,12.850000381469728,64.58999633789062,1556.4000244140625,71.03099822998047
2020-01-23,12180.349609375,15.859999656677246,16474.400390625,31003.689453125,3321.75,9188.580078125,12.90999984741211,63.209999084472656,1555.300048828125,71.16999816894531
2020-01-24,12248.25,15.5600004196167,16472.75,31241.38671875,3325.5400390625,9216.98046875,12.979999542236328,62.040000915527344,1564.5999755859375,71.0781021118164
2020-01-27,12119.0,17.18000030517578,16393.55078125,30837.041015625,3295.469970703125,9141.4697265625,14.5600004196167,60.68999862670898,1571.0999755859375,71.32099914550781
2020-01-28,12055.7998046875,17.299999237060547,16429.75,30761.04296875,3243.6298828125,8952.1796875,18.229999542236328,59.31999969482422,1576.800048828125,71.32499694824219
2020-01-29,12129.5,16.5,16479.30078125,30876.640625,3276.239990234375,9090.9296875,16.280000686645508,59.5099983215332,1569.199951171875,71.44000244140625
2020-01-30,12035.7998046875,16.799999237060547,16327.900390625,30647.044921875,3273.39990234375,9101.6103515625,16.389999389648438,59.810001373291016,1569.800048828125,71.23040008544922
2020-01-31,11962.099609375,17.3700008392334,16144.150390625,30833.2421875,3283.659912109375,9136.08984375,15.489999771118164,58.290000915527344,1583.5,71.30000305175781
2020-02-03,11707.900390625,15.779999732971191,16059.900390625,30022.900390625,3225.52001953125,8991.509765625,18.84000015258789,58.15999984741211,1582.9000244140625,71.63999938964844
2020-02-04,11979.650390625,14.380000114440918,16350.849609375,30686.341796875,3248.919921875,9126.23046875,17.969999313354492,54.45000076293945,1577.199951171875,71.49649810791016
2020-02-05,12089.150390625,14.170000076293944,16448.55078125,31001.58984375,3297.590087890625,9334.0595703125,16.049999237060547,53.959999084472656,1550.4000244140625,71.31410217285156
2020-02-06,12137.9501953125,13.779999732971191,16371.150390625,31303.6875,3334.68994140625,9367.48046875,15.149999618530272,55.27999877929688,1557.800048828125,71.0999984741211
2020-02-07,12098.349609375,13.75,16470.150390625,31201.5859375,3345.780029296875,9445.919921875,14.960000038146973,54.93000030517578,1565.0999755859375,71.18000030517578
2020-02-10,12031.5,14.210000038146973,16431.94921875,31057.7890625,3327.7099609375,9401.099609375,15.470000267028809,54.470001220703125,1568.5999755859375,71.47000122070312
2020-02-11,12107.900390625,13.880000114440918,16452.30078125,31300.236328125,3352.090087890625,9516.83984375,15.039999961853027,53.27000045776367,1574.699951171875,71.5155029296875
2020-02-12,12201.2001953125,13.619999885559082,16538.099609375,31492.53515625,3357.75,9517.8603515625,15.18000030517578,54.0099983215332,1565.5999755859375,71.27999877929688
2020-02-13,12174.650390625,13.369999885559082,16673.05078125,31229.88671875,3379.449951171875,9613.2001953125,13.739999771118164,55.790000915527344,1567.4000244140625,71.27529907226562
2020-02-14,12113.4501953125,13.619999885559082,16642.75,30834.443359375,3373.93994140625,9595.7001953125,14.149999618530272,56.34000015258789,1575.0999755859375,71.29620361328125
2020-02-17,12045.7998046875,14.420000076293944,16647.69921875,30680.341796875,3380.159912109375,9623.580078125,13.68000030517578,57.31999969482422,1582.699951171875,71.26850128173828
2020-02-18,11992.5,14.510000228881836,16748.75,30562.14453125,3380.159912109375,9623.580078125,13.68000030517578,57.31999969482422,1582.699951171875,71.51480102539062
2020-02-19,12125.900390625,14.020000457763672,16772.5,30837.83984375,3370.2900390625,9629.7998046875,14.829999923706056,57.75,1600.0,71.34919738769531
2020-02-20,12080.849609375,13.699999809265137,16649.400390625,30942.490234375,3386.14990234375,9718.73046875,14.380000114440918,59.119998931884766,1607.5,71.57499694824219
2020-02-24,11829.400390625,17.0,16461.80078125,30454.74609375,3337.75,9446.6904296875,17.079999923706055,58.5,1644.5999755859375,72.11000061035156
2020-02-25,11797.900390625,16.899999618530273,16562.5,30432.345703125,3225.889892578125,9079.6298828125,25.030000686645508,56.29999923706055,1672.4000244140625,71.88680267333984
2020-02-26,11678.5,18.26000022888184,16332.25,30306.498046875,3128.2099609375,8834.8701171875,27.850000381469727,54.95000076293945,1646.9000244140625,72.04669952392578
2020-02-27,11633.2998046875,17.770000457763672,16123.7998046875,30186.6484375,3116.389892578125,8873.759765625,27.559999465942383,53.43000030517578,1640.0,71.87000274658203
2020-02-28,11201.75,23.239999771118164,15212.9501953125,29146.8125,2978.760009765625,8436.669921875,39.15999984741211,52.18000030517578,1640.0,71.66339874267578
2020-03-02,11132.75,25.200000762939453,15427.650390625,28868.064453125,2954.219970703125,8461.830078125,40.11000061035156,50.52000045776367,1564.0999755859375,71.93000030517578
2020-03-03,11303.2998046875,24.540000915527344,15723.2001953125,29176.7109375,3090.22998046875,8877.98046875,33.41999816894531,51.900001525878906,1592.300048828125,72.1500015258789
2020-03-04,11251.0,24.229999542236328,15864.2998046875,28653.365234375,3003.3701171875,8594.490234375,36.81999969482422,51.86000061035156,1642.0999755859375,72.82499694824219
2020-03-05,11269.0,23.25,15871.349609375,28815.015625,3130.1201171875,8949.2802734375,31.989999771118164,51.130001068115234,1641.0999755859375,73.34200286865234
2020-03-06,10989.4501953125,25.63999938964844,15663.5,27801.126953125,3023.93994140625,8671.66015625,39.619998931884766,49.9900016784668,1666.4000244140625,74.0425033569336
2020-03-09,10451.4501953125,30.799999237060547,14854.900390625,26462.29296875,2972.3701171875,8530.33984375,41.93999862670898,45.27000045776367,1670.800048828125,73.8551025390625
2020-03-11,10458.400390625,31.559999465942383,14681.400390625,26487.4921875,2882.22998046875,8372.26953125,47.29999923706055,37.220001220703125,1659.0999755859375,74.40599822998047
2020-03-12,9590.150390625,41.15999984741211,13384.849609375,23970.87109375,2741.3798828125,8006.1201171875,53.900001525878906,35.790000915527344,1641.4000244140625,74.20500183105469
2020-03-13,9955.2001953125,51.470001220703125,13539.099609375,25166.15625,2480.639892578125,7263.64990234375,75.47000122070312,33.220001220703125,1589.300048828125,74.76000213623047
2020-03-16,9197.400390625,58.880001068115234,12451.349609375,23100.8828125,2711.02001953125,7995.259765625,57.83000183105469,33.849998474121094,1515.699951171875,75.30000305175781
2020-03-17,8967.0498046875,62.93000030517578,12099.25,22154.892578125,2386.1298828125,7020.3798828125,82.69000244140625,30.049999237060547,1485.9000244140625,73.90399932861328
2020-03-18,8468.7998046875,63.959999084472656,11753.0,20579.9609375,2529.18994140625,7473.9501953125,75.91000366210938,28.729999542236328,1524.9000244140625,75.15499877929688
2020-03-19,8263.4501953125,72.19999694824219,11340.0,20083.265625,2398.10009765625,7175.18017578125,76.44999694824219,24.8799991607666,1477.300048828125,74.01239776611328
2020-03-20,8745.4501953125,67.0999984741211,12363.4501953125,20317.36328125,2409.389892578125,7288.52001953125,72.0,28.46999931335449,1478.5999755859375,74.98200225830078
2020-03-23,7610.25,71.98999786376953,11179.599609375,16917.453125,2304.919921875,6994.2900390625,66.04000091552734,26.979999542236328,1484.0,75.15969848632812
2020-03-24,7801.0498046875,83.61000061035156,11865.0498046875,17107.1015625,2237.39990234375,7006.919921875,61.59000015258789,27.030000686645508,1567.0,75.62210083007812
2020-03-25,8317.849609375,77.62999725341797,12233.349609375,18480.8359375,2447.330078125,7553.830078125,61.66999816894531,27.149999618530277,1660.199951171875,76.50599670410156
2020-03-26,8641.4501953125,71.52999877929688,12535.599609375,19613.671875,2475.56005859375,7469.6201171875,63.95000076293945,27.38999938964844,1632.300048828125,77.26000213623047
2020-03-27,8660.25,70.38999938964844,12569.099609375,19968.767578125,2630.070068359375,7897.1298828125,61.0,26.34000015258789,1650.0999755859375,75.84549713134766
2020-03-30,8281.099609375,71.88999938964844,12318.7998046875,18782.181640625,2541.469970703125,7588.3701171875,65.54000091552734,24.93000030517578,1623.9000244140625,74.72560119628906
2020-03-31,8597.75,64.41000366210938,12763.650390625,19143.77734375,2626.64990234375,7889.009765625,57.08000183105469,22.76000022888184,1622.0,75.46499633789062
2020-04-01,8253.7998046875,60.04999923706055,12045.849609375,18208.138671875,2584.590087890625,7813.5,53.540000915527344,22.739999771118164,1583.4000244140625,75.4000015258789
2020-04-03,8083.7998046875,55.29999923706055,11680.0498046875,17249.099609375,2526.89990234375,7635.66015625,50.90999984741211,29.940000534057617,1625.699951171875,77.56999969482422
2020-04-07,8792.2001953125,51.79999923706055,12588.9501953125,19062.279296875,2663.679931640625,8081.66015625,45.2400016784668,33.04999923706055,1677.0,76.2300033569336
2020-04-08,8748.75,52.2400016784668,12491.5498046875,18946.228515625,2659.409912109375,8049.31005859375,46.70000076293945,31.8700008392334,1664.800048828125,75.96489715576172
2020-04-09,9111.900390625,49.75,12728.5498046875,19913.3671875,2749.97998046875,8229.5400390625,43.34999847412109,32.84000015258789,1665.4000244140625,76.66000366210938
2020-04-13,8993.849609375,51.459999084472656,12603.099609375,19487.7734375,2789.820068359375,8238.5302734375,41.66999816894531,31.479999542236328,1736.199951171875,76.6500015258789
2020-04-15,8925.2998046875,49.7400016784668,12702.599609375,19056.830078125,2846.06005859375,8692.16015625,37.7599983215332,29.600000381469727,1756.699951171875,76.91000366210938
2020-04-16,8992.7998046875,46.09999847412109,12463.599609375,19399.775390625,2783.360107421875,8591.9599609375,40.84000015258789,27.690000534057617,1727.199951171875,75.93099975585938
2020-04-17,9266.75,42.59000015258789,12649.25,20681.208984375,2799.550048828125,8757.830078125,40.11000061035156,27.81999969482422,1720.4000244140625,77.2125015258789
2020-04-20,9261.849609375,43.459999084472656,12847.650390625,20522.412109375,2874.56005859375,8832.41015625,38.150001525878906,28.07999992370605,1689.199951171875,77.56999969482422
2020-04-21,8981.4501953125,45.20000076293945,12408.849609375,19409.123046875,2823.159912109375,8726.509765625,43.83000183105469,25.56999969482422,1701.5999755859375,76.55999755859375
2020-04-22,9187.2998046875,42.81999969482422,12571.2998046875,19701.62109375,2736.56005859375,8403.0,45.40999984741211,19.32999992370605,1678.199951171875,77.20999908447266
2020-04-23,9313.900390625,39.22999954223633,13128.2001953125,20267.712890625,2799.31005859375,8664.6396484375,41.97999954223633,20.3700008392334,1728.699951171875,76.96939849853516
2020-04-24,9154.400390625,39.119998931884766,12816.2001953125,19586.421875,2797.800048828125,8641.5,41.380001068115234,21.32999992370605,1733.300048828125,76.4000015258789
2020-04-27,9282.2998046875,38.040000915527344,13121.150390625,20080.916015625,2836.739990234375,8786.599609375,35.93000030517578,21.440000534057617,1723.5,76.42250061035156
2020-04-28,9380.900390625,35.349998474121094,13133.650390625,20670.859375,2878.47998046875,8837.66015625,33.290000915527344,19.989999771118164,1711.9000244140625,76.27149963378906
2020-04-29,9553.349609375,33.84000015258789,13424.9501953125,21089.953125,2863.389892578125,8677.599609375,33.56999969482422,20.459999084472656,1710.5,76.1863021850586
2020-04-30,9859.900390625,33.9900016784668,14108.400390625,21534.25,2939.510009765625,8982.759765625,31.229999542236328,22.540000915527344,1703.4000244140625,76.46499633789062
2020-05-04,9293.5,43.66999816894531,13454.25,19743.521484375,2830.7099609375,8718.1796875,37.18999862670898,26.440000534057617,1694.5,75.72000122070312
2020-05-05,9205.599609375,43.61000061035156,13388.0498046875,19271.525390625,2842.739990234375,8834.1103515625,35.970001220703125,27.200000762939453,1706.9000244140625,75.60050201416016
2020-05-06,9270.900390625,41.25,13394.7001953125,19694.322265625,2868.43994140625,8930.6201171875,33.61000061035156,30.96999931335449,1704.4000244140625,75.8499984741211
2020-05-07,9199.0498046875,39.93000030517578,13292.7001953125,19491.57421875,2848.419921875,8984.8603515625,34.119998931884766,29.71999931335449,1684.199951171875,76.16999816894531
2020-05-08,9251.5,38.40999984741211,13403.599609375,19352.67578125,2881.18994140625,9101.8798828125,31.440000534057617,29.459999084472656,1721.800048828125,76.15129852294922
2020-05-11,9239.2001953125,38.040000915527344,13593.5498046875,18950.279296875,2929.800048828125,9220.349609375,27.979999542236328,30.96999931335449,1709.9000244140625,76.08000183105469
2020-05-12,9196.5498046875,38.209999084472656,13687.75,18862.630859375,2930.18994140625,9298.919921875,27.56999969482422,29.6299991607666,1695.300048828125,75.5250015258789
2020-05-13,9383.5498046875,38.84000015258789,13776.9501953125,19634.720703125,2870.1201171875,9112.4501953125,33.040000915527344,29.979999542236328,1704.4000244140625,76.30999755859375
2020-05-14,9142.75,38.18000030517578,13293.75,19068.279296875,2820.0,9000.080078125,35.279998779296875,29.190000534057617,1713.9000244140625,75.68000030517578
2020-05-15,9136.849609375,38.02000045776367,13196.349609375,18833.73046875,2852.5,9094.419921875,32.61000061035156,31.1299991607666,1738.0999755859375,75.42620086669922
2020-05-18,8823.25,40.91999816894531,13314.400390625,17572.994140625,2863.699951171875,9152.6396484375,31.88999938964844,32.5,1753.4000244140625,75.48500061035156
2020-05-19,8879.099609375,39.45000076293945,13446.599609375,17486.046875,2953.909912109375,9331.9296875,29.299999237060547,34.810001373291016,1731.800048828125,75.81999969482422
2020-05-20,9066.5498046875,35.810001373291016,13517.400390625,17839.9921875,2922.93994140625,9298.5400390625,30.530000686645508,34.650001525878906,1744.199951171875,75.60009765625
2020-05-21,9106.25,32.9900016784668,13647.900390625,17734.892578125,2971.610107421875,9485.01953125,27.989999771118164,35.75,1750.5999755859375,76.0
2020-05-22,9039.25,32.380001068115234,13842.650390625,17278.69921875,2948.510009765625,9377.990234375,29.530000686645508,36.060001373291016,1720.5,75.77999877929688
2020-05-26,9029.0498046875,31.46999931335449,13574.9501953125,17440.146484375,2955.449951171875,9413.990234375,28.15999984741211,35.130001068115234,1734.5999755859375,75.98500061035156
2020-05-27,9314.9501953125,31.270000457763672,13952.900390625,18710.333984375,2991.77001953125,9389.98046875,28.01000022888184,36.16999816894531,1704.800048828125,76.11000061035156
2020-05-28,9490.099609375,30.020000457763672,14028.599609375,19169.578125,3036.1298828125,9442.0498046875,27.6200008392334,34.7400016784668,1710.300048828125,75.81999969482422
2020-05-29,9580.2998046875,30.21999931335449,14010.5,19297.025390625,3029.72998046875,9416.7099609375,28.59000015258789,35.290000915527344,1713.300048828125,76.12999725341797
2020-06-01,9826.150390625,30.739999771118164,14307.099609375,19959.66796875,3044.31005859375,9555.5302734375,27.51000022888184,35.33000183105469,1736.9000244140625,75.95999908447266
2020-06-02,9979.099609375,30.1200008392334,14422.400390625,20529.9609375,3055.72998046875,9598.8896484375,28.229999542236328,38.31999969482422,1737.800048828125,75.51319885253906
2020-06-03,10061.5498046875,30.040000915527344,14361.7001953125,20940.455078125,3080.820068359375,9657.3095703125,26.84000015258789,39.56999969482422,1725.199951171875,75.7300033569336
2020-06-04,10029.099609375,29.690000534057617,14627.4501953125,20390.212890625,3122.8701171875,9704.6904296875,25.65999984741211,39.790000915527344,1697.800048828125,75.06580352783203
2020-06-05,10142.150390625,28.68000030517578,14627.4501953125,21034.255859375,3112.35009765625,9629.66015625,25.809999465942383,39.9900016784668,1718.9000244140625,75.54499816894531
2020-06-08,10167.4501953125,29.649999618530277,14894.599609375,21187.103515625,3193.929931640625,9824.3896484375,24.520000457763672,42.29999923706055,1676.199951171875,75.49089813232422
2020-06-09,10046.650390625,30.209999084472656,14737.849609375,20724.66015625,3232.389892578125,9901.51953125,25.809999465942383,40.79999923706055,1698.300048828125,75.5177001953125
2020-06-10,10116.150390625,29.440000534057617,14842.0498046875,21099.853515625,3207.179931640625,9967.169921875,27.56999969482422,41.18000030517578,1714.699951171875,75.625
2020-06-11,9902.0,29.65999984741211,14619.4501953125,20524.912109375,3190.139892578125,10094.259765625,27.56999969482422,41.72999954223633,1713.300048828125,75.50980377197266
2020-06-12,9972.900390625,30.81999969482422,14402.75,20654.310546875,3002.10009765625,9588.48046875,40.790000915527344,38.54999923706055,1732.0,75.875
2020-06-15,9813.7001953125,32.58000183105469,14396.7001953125,19912.66796875,3041.31005859375,9663.7802734375,36.09000015258789,38.72999954223633,1729.300048828125,76.38999938964844
2020-06-16,9914.0,32.970001220703125,14450.7998046875,20296.462890625,3066.590087890625,9776.8896484375,34.400001525878906,39.720001220703125,1720.300048828125,75.95680236816406
2020-06-17,9881.150390625,33.349998474121094,14478.4501953125,20201.515625,3124.739990234375,9949.3701171875,33.66999816894531,40.959999084472656,1729.5999755859375,75.97799682617188
2020-06-18,10091.650390625,31.459999084472656,14551.25,20956.056640625,3113.489990234375,9982.48046875,33.470001220703125,40.709999084472656,1729.199951171875,76.65499877929688
2020-06-19,10244.400390625,29.96999931335449,14499.7998046875,21337.8515625,3115.340087890625,10012.0498046875,32.939998626708984,41.5099983215332,1724.800048828125,76.55000305175781
2020-06-22,10311.2001953125,30.459999084472656,14463.7001953125,21708.09765625,3097.739990234375,10008.6396484375,35.119998931884766,42.18999862670898,1745.9000244140625,76.40039825439453
2020-06-23,10471.0,29.34000015258789,14680.400390625,22264.642578125,3117.860107421875,10130.330078125,31.770000457763672,43.08000183105469,1756.699951171875,76.2520980834961
2020-06-24,10305.2998046875,29.57999992370605,14581.4501953125,21426.55078125,3131.2900390625,10209.8203125,31.3700008392334,42.630001068115234,1772.0999755859375,75.78980255126953
2020-06-25,10288.900390625,29.729999542236328,14411.2001953125,21505.900390625,3050.330078125,10002.7001953125,33.84000015258789,40.310001373291016,1765.800048828125,75.60780334472656
2020-06-26,10383.0,28.739999771118164,14994.650390625,21591.80078125,3083.760009765625,10101.830078125,32.220001220703125,41.04999923706055,1762.0999755859375,75.97000122070312
2020-06-29,10312.400390625,28.90999984741211,14768.0,21358.751953125,3009.050048828125,9849.3603515625,34.72999954223633,41.02000045776367,1772.5,75.53980255126953
2020-06-30,10302.099609375,29.1200008392334,14754.2998046875,21369.90234375,3053.239990234375,9961.16015625,31.780000686645508,41.709999084472656,1774.800048828125,75.61979675292969
2020-07-01,10430.0498046875,28.1200008392334,14732.150390625,21977.34375,3100.2900390625,10156.849609375,30.43000030517578,41.150001525878906,1793.0,75.69999694824219
2020-07-02,10551.7001953125,26.51000022888184,15122.5498046875,21952.943359375,3115.860107421875,10279.25,28.6200008392334,42.02999877929688,1773.199951171875,75.75
2020-07-03,10607.349609375,25.770000457763672,15285.900390625,21852.146484375,3130.010009765625,10341.8896484375,27.68000030517578,43.13999938964844,1784.0,75.45490264892578
2020-07-06,10763.650390625,25.200000762939453,15464.9501953125,22198.69140625,3130.010009765625,10341.8896484375,27.68000030517578,43.13999938964844,1784.0,74.72100067138672
2020-07-07,10799.650390625,25.100000381469727,15784.9501953125,22627.736328125,3179.719970703125,10604.0595703125,27.940000534057617,43.09999847412109,1788.5,74.6792984008789
2020-07-08,10705.75,26.100000381469727,15513.650390625,22584.388671875,3145.320068359375,10524.009765625,29.43000030517578,43.08000183105469,1804.199951171875,74.60759735107422
2020-07-09,10813.4501953125,24.90999984741211,15535.9501953125,22906.93359375,3169.93994140625,10666.7001953125,28.07999992370605,43.290000915527344,1815.5,75.125
2020-07-10,10768.0498046875,24.940000534057617,15565.2001953125,22398.189453125,3152.050048828125,10754.58984375,29.26000022888184,42.34999847412109,1799.199951171875,74.93990325927734
2020-07-13,10802.7001953125,25.25,15819.2001953125,22088.994140625,3185.0400390625,10836.330078125,27.290000915527344,43.2400016784668,1798.199951171875,75.33999633789062
2020-07-14,10607.349609375,26.63999938964844,15640.5498046875,21391.951171875,3155.219970703125,10602.2099609375,32.189998626708984,42.720001220703125,1811.0,75.15850067138672
2020-07-15,10618.2001953125,26.290000915527344,16459.849609375,21340.501953125,3197.52001953125,10689.51953125,29.520000457763672,42.900001525878906,1810.5999755859373,75.44999694824219
2020-07-16,10739.9501953125,25.36000061035156,16926.05078125,21596.8984375,3226.56005859375,10701.6796875,27.76000022888184,43.790000915527344,1811.4000244140625,75.57499694824219
2020-07-17,10901.7001953125,24.15999984741211,16821.349609375,21966.544921875,3215.570068359375,10626.4599609375,28.0,43.369998931884766,1798.699951171875,75.1249008178711
2020-07-20,11022.2001953125,24.709999084472656,17258.30078125,22321.58984375,3224.72998046875,10645.2197265625,25.68000030517578,43.13999938964844,1808.300048828125,75.17449951171875
2020-07-21,11162.25,24.43000030517578,17273.19921875,22781.734375,3251.840087890625,10952.080078125,24.459999084472656,43.27999877929688,1815.9000244140625,74.89730072021484
2020-07-22,11132.599609375,24.88999938964844,17076.05078125,22882.333984375,3257.300048828125,10833.0703125,24.84000015258789,44.31999969482422,1842.4000244140625,74.98999786376953
2020-07-23,11215.4501953125,24.63999938964844,17045.19921875,23083.6328125,3276.02001953125,10870.75,24.31999969482422,44.290000915527344,1864.0999755859373,74.7699966430664
2020-07-24,11194.150390625,24.540000915527344,17286.0,22661.787109375,3235.659912109375,10580.58984375,26.07999992370605,43.310001373291016,1889.0999755859373,74.81999969482422
2020-07-27,11131.7998046875,25.020000457763672,17626.75,21848.49609375,3215.6298828125,10483.1298828125,25.84000015258789,43.34000015258789,1897.300048828125,74.80729675292969
2020-07-28,11300.5498046875,23.63999938964844,18042.75,22104.94140625,3239.409912109375,10674.3798828125,24.739999771118164,43.40999984741211,1931.0,74.75980377197266
2020-07-29,11202.849609375,24.11000061035156,17880.5,22076.34375,3218.43994140625,10532.5,25.440000534057617,43.220001220703125,1944.699951171875,75.0
2020-07-30,11102.150390625,24.729999542236328,18003.55078125,21646.59765625,3258.43994140625,10662.98046875,24.100000381469727,43.75,1953.5,75.08999633789062
2020-07-31,11073.4501953125,24.190000534057617,18071.849609375,21639.798828125,3246.219970703125,10715.509765625,24.76000022888184,42.93999862670898,1942.300048828125,74.8311996459961
2020-08-03,10891.599609375,25.190000534057617,17965.80078125,21071.85546875,3271.1201171875,10905.8798828125,24.459999084472656,43.29999923706055,1962.800048828125,74.98999786376953
2020-08-04,11095.25,23.81999969482422,17808.0,21490.25,3294.610107421875,11055.080078125,24.280000686645508,44.150001525878906,1966.0,74.91780090332031
2020-08-05,11101.650390625,23.56999969482422,17869.80078125,21509.69921875,3306.510009765625,11096.5400390625,23.76000022888184,44.43000030517578,2001.199951171875,75.33000183105469
2020-08-06,11200.150390625,23.149999618530277,18188.75,21642.34765625,3327.77001953125,11125.4404296875,22.989999771118164,45.16999816894531,2031.0999755859373,75.25
2020-08-07,11214.0498046875,22.57999992370605,18004.150390625,21753.748046875,3349.159912109375,11267.080078125,22.649999618530277,45.09000015258789,2051.5,74.8822021484375
2020-08-10,11270.150390625,22.51000022888184,18159.55078125,21899.99609375,3351.280029296875,11139.3896484375,22.209999084472656,44.400001525878906,2010.0999755859373,74.8998031616211
2020-08-11,11322.5,21.36000061035156,18057.099609375,22226.94140625,3360.469970703125,11085.169921875,22.1299991607666,44.9900016784668,2024.4000244140625,75.0248031616211
2020-08-12,11308.400390625,20.850000381469727,18066.0,22263.7421875,3333.68994140625,10876.080078125,24.030000686645508,44.5,1932.5999755859373,75.0999984741211
2020-08-13,11300.4501953125,20.56999969482422,18107.19921875,22196.091796875,3380.35009765625,11157.7197265625,22.280000686645508,45.43000030517578,1934.9000244140625,74.9000015258789
2020-08-14,11178.400390625,21.670000076293945,18022.650390625,21679.1484375,3373.429931640625,11178.3701171875,22.1299991607666,44.959999084472656,1956.699951171875,74.77210235595703
2020-08-17,11247.099609375,21.309999465942383,18223.599609375,21700.59765625,3372.85009765625,11164.4501953125,22.049999237060547,44.79999923706055,1937.0,75.02999877929688
2020-08-18,11385.349609375,20.43000030517578,18270.349609375,22170.341796875,3381.989990234375,11288.5703125,21.350000381469727,45.369998931884766,1985.0,74.90280151367188
2020-08-19,11408.400390625,19.959999084472656,18210.849609375,22285.640625,3389.780029296875,11399.0302734375,21.51000022888184,45.459999084472656,1999.4000244140625,75.0
2020-08-20,11312.2001953125,20.6200008392334,18126.099609375,21999.193359375,3374.85009765625,11318.6396484375,22.540000915527344,45.369998931884766,1958.699951171875,74.79499816894531
2020-08-21,11371.599609375,19.940000534057617,18065.30078125,22299.33984375,3385.510009765625,11477.0498046875,22.71999931335449,44.900001525878906,1933.800048828125,74.966796875
2020-08-24,11466.4501953125,19.229999542236328,18010.94921875,22832.734375,3397.159912109375,11555.16015625,22.540000915527344,44.34999847412109,1934.5999755859373,74.9999008178711
2020-08-25,11472.25,19.31999969482422,17973.69921875,23091.8828125,3431.280029296875,11626.169921875,22.3700008392334,45.130001068115234,1927.699951171875,74.92179870605469
2020-08-26,11549.599609375,19.299999237060547,18128.0,23413.927734375,3443.6201171875,11721.8095703125,22.030000686645508,45.86000061035156,1911.800048828125,74.4000015258789
2020-08-27,11559.25,18.899999618530277,18102.650390625,23600.076171875,3478.72998046875,11971.9404296875,23.270000457763672,45.63999938964844,1940.699951171875,74.45249938964844
2020-08-28,11647.599609375,18.350000381469727,18122.0,24523.515625,3484.550048828125,11926.16015625,24.46999931335449,45.09000015258789,1921.5999755859373,74.24009704589844
2020-08-31,11387.5,22.84000015258789,17928.849609375,23754.07421875,3508.010009765625,11995.849609375,22.959999084472656,45.04999923706055,1964.5999755859373,73.77449798583984
2020-09-01,11470.25,21.799999237060547,17814.05078125,23811.72265625,3500.31005859375,12110.7001953125,26.40999984741211,45.27999877929688,1967.5999755859373,73.12830352783203
2020-09-02,11535.0,21.11000061035156,18077.0,23874.2734375,3526.64990234375,12292.8603515625,26.1200008392334,45.58000183105469,1968.199951171875,73.66999816894531
2020-09-03,11527.4501953125,20.5,18348.55078125,23530.576171875,3580.840087890625,12420.5400390625,26.56999969482422,44.43000030517578,1934.4000244140625,73.2699966430664
2020-09-04,11333.849609375,22.149999618530277,18073.94921875,23011.232421875,3455.06005859375,11771.3701171875,33.599998474121094,44.06999969482422,1927.5999755859373,73.24849700927734
2020-09-07,11355.0498046875,22.01000022888184,18176.80078125,22944.783203125,3426.9599609375,11622.1298828125,30.75,42.65999984741211,1923.9000244140625,73.4478988647461
2020-09-08,11317.349609375,22.71999931335449,18395.75,22744.13671875,3426.9599609375,11622.1298828125,30.75,42.65999984741211,1923.9000244140625,73.29029846191406
2020-09-09,11278.0,22.229999542236328,18261.5,22266.740234375,3331.840087890625,11068.259765625,31.459999084472656,39.77999877929688,1933.0,73.6500015258789
2020-09-10,11449.25,21.26000022888184,18395.849609375,22465.9375,3398.9599609375,11395.849609375,28.809999465942383,40.790000915527344,1944.699951171875,73.78679656982422
2020-09-11,11464.4501953125,20.709999084472656,18633.25,22479.6875,3339.18994140625,11154.1201171875,29.709999084472656,40.060001373291016,1954.199951171875,73.55000305175781
2020-09-14,11440.0498046875,21.190000534057617,19505.099609375,22100.9921875,3340.969970703125,11087.400390625,26.8700008392334,39.83000183105469,1937.800048828125,73.52729797363281
2020-09-15,11521.7998046875,20.600000381469727,19627.30078125,22465.388671875,3383.5400390625,11277.759765625,25.850000381469727,39.61000061035156,1953.0999755859373,73.47859954833984
2020-09-16,11604.5498046875,19.65999984741211,19770.349609375,22573.2890625,3401.199951171875,11438.8701171875,25.59000015258789,40.52999877929688,1956.300048828125,73.61499786376953
2020-09-17,11516.099609375,20.100000381469727,19817.69921875,22320.08984375,3385.489990234375,11247.599609375,26.040000915527344,42.220001220703125,1960.199951171875,73.80000305175781
2020-09-18,11504.9501953125,20.049999237060547,19827.099609375,22030.794921875,3357.010009765625,11080.9501953125,26.459999084472656,43.29999923706055,1940.0,73.55069732666016
2020-09-21,11250.5498046875,22.190000534057617,19729.0,21366.552734375,3319.469970703125,10936.98046875,25.82999992370605,43.150001525878906,1952.0999755859373,73.58360290527344
2020-09-22,11153.650390625,21.40999984741211,19866.099609375,21138.853515625,3281.06005859375,10980.2197265625,27.780000686645508,41.43999862670898,1901.199951171875,73.53479766845703
2020-09-23,11131.849609375,20.989999771118164,19805.650390625,21178.25390625,3315.570068359375,11186.3701171875,26.86000061035156,41.720001220703125,1898.5999755859373,73.57980346679688
2020-09-24,10805.5498046875,23.51000022888184,18973.05078125,20456.611328125,3236.919921875,10833.330078125,28.57999992370605,41.77000045776367,1859.9000244140625,73.50299835205078
2020-09-25,11050.25,20.68000030517578,19629.349609375,20982.10546875,3246.590087890625,10896.4697265625,28.51000022888184,41.93999862670898,1868.300048828125,73.77839660644531
2020-09-28,11227.5498046875,19.56999969482422,19783.05078125,21665.248046875,3298.4599609375,11151.1298828125,26.3799991607666,41.91999816894531,1857.699951171875,73.68240356445312
2020-09-29,11222.400390625,19.770000457763672,19831.80078125,21411.052734375,3351.60009765625,11364.4501953125,26.190000534057617,42.43000030517578,1872.800048828125,73.69930267333984
2020-09-30,11247.5498046875,19.530000686645508,19951.349609375,21451.55078125,3335.469970703125,11322.9501953125,26.270000457763672,41.02999877929688,1894.300048828125,73.9749984741211
2020-10-01,11416.9501953125,18.350000381469727,20110.400390625,22245.7421875,3363.0,11418.0595703125,26.3700008392334,40.95000076293945,1887.5,73.84500122070312
2020-10-05,11503.349609375,19.700000762939453,20809.0,22370.689453125,3348.419921875,11255.6904296875,27.6299991607666,39.27000045776367,1900.199951171875,73.21700286865234
2020-10-06,11662.400390625,19.63999938964844,20896.75,22853.43359375,3408.60009765625,11509.0595703125,27.959999084472656,41.290000915527344,1912.5,73.32240295410156
2020-10-07,11738.849609375,20.059999465942383,21017.400390625,22964.533203125,3360.969970703125,11291.26953125,29.479999542236328,42.650001525878906,1901.0999755859373,73.1082992553711
2020-10-08,11834.599609375,20.3799991607666,21697.25,23191.080078125,3419.43994140625,11503.1904296875,28.059999465942383,41.9900016784668,1883.5999755859373,73.81500244140625
2020-10-09,11914.2001953125,20.3799991607666,21837.650390625,23846.5234375,3446.830078125,11550.9404296875,26.36000061035156,43.34000015258789,1888.5999755859373,73.5425033569336
2020-10-12,11930.9501953125,21.1299991607666,22202.099609375,23712.525390625,3477.139892578125,11725.849609375,25.0,42.84999847412109,1919.5,73.28050231933594
2020-10-13,11934.5,20.71999931335449,22492.599609375,23491.92578125,3534.219970703125,12088.1103515625,25.06999969482422,41.720001220703125,1922.5,73.01480102539062
2020-10-14,11971.0498046875,20.209999084472656,22204.05078125,23874.373046875,3511.929931640625,12083.169921875,26.06999969482422,42.45000076293945,1888.5,73.35079956054688
2020-10-15,11680.349609375,22.059999465942383,21567.30078125,23072.1328125,3488.669921875,11985.3603515625,26.399999618530277,43.31999969482422,1901.300048828125,73.62000274658203
2020-10-16,11762.4501953125,21.649999618530277,21538.150390625,23532.9765625,3483.340087890625,11898.5703125,26.96999931335449,43.15999984741211,1903.199951171875,73.29620361328125
2020-10-19,11873.0498046875,21.81999969482422,21391.900390625,24266.46875,3483.81005859375,11852.169921875,27.40999984741211,42.93000030517578,1900.800048828125,73.37100219726562
2020-10-20,11896.7998046875,22.690000534057617,21694.349609375,24311.517578125,3426.919921875,11634.349609375,29.18000030517578,42.619998931884766,1906.4000244140625,73.44380187988281
2020-10-21,11937.650390625,22.920000076293945,21577.650390625,24634.763671875,3443.1201171875,11677.83984375,29.350000381469727,43.15999984741211,1910.4000244140625,73.57499694824219
2020-10-22,11896.4501953125,22.63999938964844,21413.5,24483.865234375,3435.56005859375,11665.3701171875,28.649999618530277,41.72999954223633,1924.5999755859373,73.64749908447266
2020-10-23,11930.349609375,21.82999992370605,21523.599609375,24478.015625,3453.489990234375,11662.91015625,28.11000061035156,42.459999084472656,1901.0999755859373,73.6812973022461
2020-10-26,11767.75,22.82999992370605,21265.69921875,24075.169921875,3465.389892578125,11692.5703125,27.549999237060547,41.77000045776367,1902.0,73.72000122070312
2020-10-27,11889.400390625,22.200000762939453,21023.400390625,24769.212890625,3400.969970703125,11504.51953125,32.459999084472656,40.459999084472656,1902.699951171875,73.8228988647461
2020-10-28,11729.599609375,23.280000686645508,20810.30078125,24232.21875,3390.679931640625,11598.9501953125,33.349998474121094,41.20000076293945,1908.800048828125,73.94850158691406
2020-10-29,11670.7998046875,24.020000457763672,20876.94921875,24091.720703125,3271.030029296875,11142.759765625,40.27999877929688,39.119998931884766,1876.199951171875,73.80500030517578
2020-10-30,11642.400390625,24.75,20916.849609375,23900.623046875,3310.110107421875,11350.740234375,37.59000015258789,37.650001525878906,1865.5999755859373,74.44000244140625
2020-11-02,11669.150390625,25.209999084472656,20732.30078125,24892.2109375,3269.9599609375,11052.9501953125,38.02000045776367,37.459999084472656,1877.4000244140625,74.26399993896484
2020-11-03,11813.5,24.239999771118164,20736.0,25682.501953125,3310.239990234375,11084.759765625,37.130001068115234,38.970001220703125,1890.4000244140625,74.55049896240234
2020-11-04,11908.5,23.200000762939453,21104.55078125,25771.30078125,3369.159912109375,11279.91015625,35.54999923706055,39.709999084472656,1908.5,74.45680236816406
2020-11-05,12120.2998046875,20.96999931335449,21385.650390625,26312.79296875,3443.43994140625,11777.01953125,29.56999969482422,41.22999954223633,1894.5999755859373,74.65560150146484
2020-11-06,12263.5498046875,20.5,21492.30078125,26798.638671875,3510.449951171875,12078.0703125,27.57999992370605,40.93000030517578,1945.300048828125,74.37999725341797
2020-11-09,12461.0498046875,20.11000061035156,21820.150390625,27533.779296875,3509.43994140625,12091.349609375,24.86000061035156,39.45000076293945,1950.300048828125,74.12000274658203
2020-11-10,12631.099609375,21.57999992370605,20978.5,28605.66796875,3550.5,11830.3896484375,25.75,42.400001525878906,1853.199951171875,73.97979736328125
2020-11-11,12749.150390625,22.030000686645508,21330.5,28844.6640625,3545.530029296875,11624.2900390625,24.799999237060547,43.61000061035156,1875.4000244140625,73.95320129394531
2020-11-12,12690.7998046875,20.6200008392334,21363.349609375,28278.47265625,3572.659912109375,11892.9296875,23.450000762939453,43.79999923706055,1860.699951171875,74.28160095214844
2020-11-13,12719.9501953125,19.700000762939453,21436.849609375,28465.369140625,3537.010009765625,11827.1396484375,25.350000381469727,43.52999877929688,1872.5999755859373,74.56999969482422
2020-11-17,12874.2001953125,19.799999237060547,21488.55078125,29180.9609375,3626.909912109375,12013.3798828125,22.450000762939453,43.81999969482422,1887.300048828125,74.48770141601562
2020-11-18,12938.25,19.1200008392334,21314.849609375,29749.50390625,3609.530029296875,11977.490234375,22.709999084472656,43.75,1884.5,74.41809844970703
2020-11-19,12771.7001953125,19.56999969482422,21114.44921875,28902.71484375,3567.7900390625,11894.7099609375,23.84000015258789,44.34000015258789,1873.5,74.47969818115234
2020-11-20,12859.0498046875,19.6200008392334,21409.25,29235.66015625,3581.8701171875,11985.4296875,23.11000061035156,44.20000076293945,1861.0999755859373,74.41999816894531
2020-11-23,12926.4501953125,20.799999237060547,22007.05078125,29023.861328125,3557.5400390625,11906.4404296875,23.700000762939453,44.959999084472656,1872.5999755859373,74.09960174560547
2020-11-24,13055.150390625,21.059999465942383,22064.30078125,29736.904296875,3577.590087890625,11905.9404296875,22.65999984741211,46.060001373291016,1837.800048828125,74.16239929199219
2020-11-25,12858.400390625,23.1299991607666,21705.900390625,29196.060546875,3635.409912109375,12079.8095703125,21.63999938964844,47.86000061035156,1804.800048828125,74.24490356445312
2020-11-26,12987.0,20.020000457763672,21859.900390625,29549.40625,3629.64990234375,12152.2197265625,21.25,48.61000061035156,1805.699951171875,73.96080017089844
2020-11-27,12968.9501953125,19.81999969482422,21764.900390625,29608.70703125,3629.64990234375,12152.2197265625,21.25,48.61000061035156,1805.699951171875,73.77989959716797
2020-12-01,13109.0498046875,20.18000030517578,22170.900390625,29817.50390625,3621.6298828125,12268.3203125,20.56999969482422,47.59000015258789,1775.699951171875,73.94090270996094
2020-12-02,13113.75,19.90999984741211,22319.0,29462.80859375,3662.449951171875,12455.330078125,20.770000457763672,47.41999816894531,1814.0999755859373,74.02519989013672
2020-12-03,13133.900390625,19.0,22202.19921875,29448.408203125,3669.010009765625,12456.41015625,21.170000076293945,48.25,1825.699951171875,73.65499877929688
2020-12-04,13258.5498046875,18.030000686645508,22309.80078125,30052.05078125,3666.719970703125,12467.1298828125,21.280000686645508,48.709999084472656,1836.800048828125,73.66259765625
2020-12-07,13355.75,18.020000457763672,22440.900390625,30211.19921875,3699.1201171875,12528.48046875,20.790000915527344,49.25,1835.9000244140625,73.86489868164062
2020-12-08,13392.9501953125,18.6200008392334,22617.400390625,30261.548828125,3691.9599609375,12596.4697265625,21.299999237060547,48.790000915527344,1861.800048828125,73.79029846191406
2020-12-09,13529.099609375,18.920000076293945,22803.44921875,30709.04296875,3702.25,12635.7197265625,20.68000030517578,48.84000015258789,1870.800048828125,74.0199966430664
2020-12-10,13478.2998046875,18.709999084472656,22755.75,30509.994140625,3672.820068359375,12364.6396484375,22.270000457763672,48.86000061035156,1834.5999755859373,73.72640228271484
2020-12-11,13513.849609375,18.790000915527344,22664.0,30604.494140625,3668.10009765625,12401.740234375,22.520000457763672,50.25,1833.5999755859373,73.93499755859375
2020-12-14,13558.150390625,19.399999618530277,22746.69921875,30745.54296875,3663.4599609375,12375.41015625,23.309999465942383,49.970001220703125,1839.800048828125,73.72669982910156
2020-12-15,13567.849609375,19.350000381469727,22715.099609375,30690.693359375,3647.489990234375,12462.2099609375,24.71999931335449,50.290000915527344,1828.699951171875,73.73799896240234
2020-12-16,13682.7001953125,19.200000762939453,22906.25,30698.04296875,3694.6201171875,12595.919921875,22.88999938964844,50.7599983215332,1852.300048828125,73.86000061035156
2020-12-17,13740.7001953125,19.15999984741211,22892.25,30846.69140625,3701.169921875,12668.16015625,22.5,51.08000183105469,1856.0999755859373,73.75980377197266
2020-12-18,13760.5498046875,18.6200008392334,23256.599609375,30714.29296875,3722.47998046875,12752.0595703125,21.93000030517578,51.5,1887.199951171875,73.6166000366211
2020-12-21,13328.400390625,23.190000534057617,22844.599609375,29456.107421875,3709.409912109375,12738.1796875,21.56999969482422,52.2599983215332,1885.699951171875,73.52980041503906
2020-12-22,13466.2998046875,21.989999771118164,23611.599609375,29625.60546875,3694.919921875,12690.259765625,25.15999984741211,50.90999984741211,1879.199951171875,73.60359954833984
2020-12-23,13601.099609375,20.5,24167.75,29882.953125,3687.260009765625,12717.5595703125,24.229999542236328,50.08000183105469,1866.5999755859373,73.935302734375
2020-12-24,13749.25,19.96999931335449,24009.25,30401.845703125,3690.010009765625,12653.1396484375,23.309999465942383,51.20000076293945,1874.699951171875,74.2699966430664
2020-12-28,13873.2001953125,20.43000030517578,24100.30078125,30880.58984375,3703.06005859375,12711.009765625,21.530000686645508,51.290000915527344,1879.9000244140625,73.55780029296875
2020-12-29,13932.599609375,20.790000915527344,24274.05078125,31322.13671875,3735.360107421875,12838.8603515625,21.700000762939453,50.86000061035156,1877.199951171875,73.68900299072266
2020-12-30,13981.9501953125,21.11000061035156,24330.05078125,31302.6875,3727.0400390625,12843.490234375,23.07999992370605,51.09000015258789,1879.699951171875,73.5448989868164
2020-12-31,13981.75,21.100000381469727,24251.349609375,31263.6875,3732.0400390625,12845.3603515625,22.770000457763672,51.34000015258789,1891.0,73.45359802246094
2021-01-04,14132.900390625,20.030000686645508,25110.05078125,31212.0859375,3756.070068359375,12888.2802734375,22.75,51.79999923706055,1893.0999755859373,73.08920288085938
2021-01-05,14199.5,20.459999084472656,25769.150390625,31721.880859375,3700.64990234375,12694.66015625,26.96999931335449,51.09000015258789,1944.699951171875,73.09200286865234
2021-01-06,14146.25,21.0,25419.150390625,31797.53125,3726.860107421875,12802.3798828125,25.34000015258789,53.59999847412109,1952.699951171875,73.31999969482422
2021-01-07,14137.349609375,20.6200008392334,25251.19921875,31955.62890625,3748.139892578125,12623.349609375,25.06999969482422,54.29999923706055,1906.9000244140625,73.37480163574219
2021-01-08,14347.25,20.63999938964844,26162.400390625,32083.826171875,3803.7900390625,12939.5703125,22.3700008392334,54.380001068115234,1912.300048828125,73.36000061035156
2021-01-11,14484.75,22.3799991607666,27027.75,31998.529296875,3824.679931640625,13105.2001953125,21.559999465942383,55.9900016784668,1834.0999755859373,73.44599914550781
2021-01-12,14563.4501953125,22.850000381469727,26982.099609375,32338.625,3799.610107421875,12902.490234375,24.07999992370605,55.65999984741211,1849.5999755859373,73.37339782714844
2021-01-13,14564.849609375,23.290000915527344,27004.30078125,32574.271484375,3801.18994140625,12892.08984375,23.32999992370605,56.58000183105469,1842.9000244140625,73.51349639892578
2021-01-14,14595.599609375,23.030000686645508,26965.55078125,32519.37109375,3809.840087890625,12973.6298828125,22.209999084472656,56.060001373291016,1853.5999755859373,73.16500091552734
2021-01-15,14433.7001953125,24.01000022888184,26362.80078125,32246.42578125,3795.5400390625,12898.6904296875,23.25,56.41999816894531,1850.300048828125,73.1698989868164
2021-01-18,14281.2998046875,24.399999618530277,25916.25,31811.380859375,3768.25,12803.9296875,24.34000015258789,55.09999847412109,1829.300048828125,73.08760070800781
2021-01-19,14521.150390625,22.899999618530277,26043.5,32424.47265625,3768.25,12803.9296875,24.34000015258789,55.09999847412109,1829.300048828125,73.15899658203125
2021-01-20,14644.7001953125,21.549999237060547,26619.69921875,32543.3203125,3798.909912109375,12996.5400390625,23.239999771118164,55.900001525878906,1839.5,73.1886978149414
2021-01-21,14590.349609375,22.18000030517578,26450.150390625,32186.525390625,3851.85009765625,13296.4501953125,21.57999992370605,56.08000183105469,1865.9000244140625,73.19190216064453
2021-01-25,14238.900390625,23.25,26023.30078125,31198.037109375,3841.469970703125,13366.400390625,21.90999984741211,55.40999984741211,1855.699951171875,72.95490264892578
2021-01-27,13967.5,24.38999938964844,25865.30078125,30284.19921875,3849.6201171875,13490.1904296875,23.020000457763672,55.90999984741211,1850.699951171875,72.97000122070312
2021-01-28,13817.5498046875,24.290000915527344,25301.25,30357.947265625,3750.77001953125,13112.650390625,37.209999084472656,55.810001373291016,1844.9000244140625,72.91999816894531
2021-01-29,13634.599609375,25.34000015258789,24645.75,30565.14453125,3787.3798828125,13201.5302734375,30.209999084472656,55.52999877929688,1837.9000244140625,73.03710174560547
2021-02-01,14281.2001953125,23.31999969482422,24922.69921875,33088.66796875,3714.239990234375,12925.3798828125,33.09000015258789,55.880001068115234,1847.300048828125,72.93879699707031
2021-02-02,14647.849609375,23.350000381469727,25447.80078125,34267.5,3773.860107421875,13248.900390625,30.239999771118164,56.34999847412109,1860.800048828125,72.90660095214844
2021-02-03,14789.9501953125,23.75,25680.900390625,34758.046875,3826.31005859375,13456.1201171875,25.559999465942383,57.459999084472656,1830.5,73.11979675292969
2021-02-04,14895.650390625,23.1200008392334,25570.05078125,35344.390625,3830.169921875,13402.3701171875,22.90999984741211,58.459999084472656,1832.199951171875,72.91629791259766
2021-02-05,14924.25,23.420000076293945,25331.599609375,35654.0859375,3871.739990234375,13560.8896484375,21.770000457763672,58.84000015258789,1788.9000244140625,72.85800170898438
2021-02-08,15115.7998046875,23.959999084472656,25915.599609375,35983.23046875,3886.830078125,13603.9599609375,20.8700008392334,59.34000015258789,1810.9000244140625,72.9457015991211
2021-02-09,15109.2998046875,24.270000457763672,25779.150390625,36056.08203125,3915.590087890625,13695.01953125,21.239999771118164,60.560001373291016,1831.9000244140625,72.78479766845703
2021-02-10,15106.5,23.950000762939453,25885.30078125,35782.6875,3911.22998046875,13687.080078125,21.6299991607666,61.09000015258789,1835.300048828125,72.92990112304688
2021-02-11,15173.2998046875,23.049999237060547,26043.44921875,35751.6875,3909.8798828125,13655.26953125,21.989999771118164,61.470001220703125,1840.5999755859373,72.85489654541016
2021-02-12,15163.2998046875,22.040000915527344,26093.80078125,36108.48046875,3916.3798828125,13734.349609375,21.25,61.13999938964844,1824.9000244140625,72.80729675292969
2021-02-16,15313.4501953125,21.780000686645508,25613.94921875,37097.96875,3934.830078125,13807.7001953125,19.96999931335449,62.43000030517578,1821.5999755859373,72.59480285644531
2021-02-18,15118.9501953125,21.540000915527344,25618.55078125,36586.57421875,3931.330078125,13699.7099609375,21.5,64.33999633789062,1771.0999755859375,72.93499755859375
2021-02-19,14981.75,22.25,25503.19921875,35841.18359375,3913.969970703125,13637.509765625,22.489999771118164,63.93000030517578,1773.4000244140625,72.79730224609375
2021-02-22,14675.7001953125,25.46999931335449,24766.44921875,35256.7890625,3906.7099609375,13580.7802734375,22.049999237060547,62.90999984741211,1775.800048828125,72.60540008544922
2021-02-23,14707.7998046875,25.229999542236328,24807.80078125,35116.54296875,3876.5,13223.740234375,23.450000762939453,65.23999786376953,1806.699951171875,72.5530014038086
2021-02-24,14982.0,24.170000076293945,24779.400390625,36451.87890625,3881.3701171875,13194.7099609375,23.11000061035156,65.37000274658203,1804.4000244140625,72.44400024414062
2021-02-25,15097.349609375,22.88999938964844,24872.44921875,36548.57421875,3925.429931640625,13302.1904296875,21.34000015258789,67.04000091552734,1796.4000244140625,72.37699890136719
2021-02-26,14529.150390625,28.13999938964844,24301.44921875,34803.1953125,3829.340087890625,12828.3095703125,28.88999938964844,66.87999725341797,1774.4000244140625,72.4000015258789
2021-03-01,14761.5498046875,25.6299991607666,24556.30078125,35295.58984375,3811.14990234375,12909.4404296875,27.950000762939453,66.12999725341797,1728.0999755859375,73.1509017944336
2021-03-02,14919.099609375,23.61000061035156,25301.849609375,35419.2890625,3901.820068359375,13282.9501953125,23.350000381469727,63.68999862670898,1722.5,73.59590148925781
2021-03-03,15245.599609375,22.09000015258789,25772.650390625,36367.62890625,3870.2900390625,13059.9501953125,24.100000381469727,62.70000076293945,1733.0999755859375,73.30940246582031
2021-03-04,15080.75,24.149999618530277,25631.849609375,35802.08203125,3819.719970703125,12683.330078125,26.670000076293945,64.06999969482422,1715.300048828125,73.27749633789062
2021-03-05,14938.099609375,25.559999465942383,25229.599609375,35227.73828125,3768.469970703125,12464.0,28.56999969482422,66.73999786376953,1700.199951171875,72.88069915771484
2021-03-08,14956.2001953125,24.68000030517578,25347.94921875,35275.33984375,3841.93994140625,12668.509765625,24.65999984741211,69.36000061035156,1698.0,73.13179779052734
2021-03-09,15098.400390625,22.5,25582.349609375,35865.23046875,3821.35009765625,12299.080078125,25.46999931335449,68.23999786376953,1677.699951171875,73.1333999633789
2021-03-10,15174.7998046875,20.75,26010.099609375,35937.8828125,3875.43994140625,12794.490234375,24.030000686645508,67.5199966430664,1716.5999755859375,73.33000183105469
2021-03-12,15030.9501953125,21.709999084472656,25888.25,35496.234375,3939.340087890625,13052.900390625,21.90999984741211,69.62999725341797,1722.300048828125,72.70600128173828
2021-03-15,14929.5,21.229999542236328,26032.05078125,35182.140625,3943.340087890625,12937.2900390625,20.690000534057617,69.22000122070312,1719.5,72.63899993896484
2021-03-16,14910.4501953125,20.190000534057617,26363.849609375,34804.1953125,3968.93994140625,13082.5400390625,20.030000686645508,68.87999725341797,1728.9000244140625,72.68299865722656
2021-03-17,14721.2998046875,20.15999984741211,26183.5,34228.8515625,3962.7099609375,13152.2802734375,19.790000915527344,68.38999938964844,1730.5999755859375,72.51529693603516
2021-03-18,14557.849609375,20.07999992370605,25373.349609375,33856.40625,3974.1201171875,13202.3798828125,19.229999542236328,68.0,1726.800048828125,72.5156021118164
2021-03-19,14744.0,19.989999771118164,25562.75,34161.203125,3915.4599609375,12789.1396484375,21.57999992370605,63.27999877929688,1732.199951171875,72.29560089111328
2021-03-22,14736.400390625,20.489999771118164,26035.349609375,33603.05859375,3913.10009765625,12866.990234375,20.950000762939453,64.52999877929688,1741.4000244140625,72.6688003540039
2021-03-23,14814.75,20.670000076293945,26105.69921875,34184.0,3940.590087890625,13086.509765625,18.8799991607666,64.62000274658203,1737.800048828125,72.40499877929688
2021-03-24,14549.400390625,22.459999084472656,25802.94921875,33292.86328125,3910.52001953125,13017.7900390625,20.299999237060547,60.790000915527344,1724.699951171875,72.38050079345703
2021-03-25,14324.900390625,22.700000762939453,25237.099609375,33006.06640625,3889.139892578125,12798.8798828125,21.200000762939453,64.41000366210938,1732.9000244140625,72.61219787597656
2021-03-26,14507.2998046875,20.649999618530277,25385.099609375,33317.8125,3909.52001953125,12780.509765625,19.809999465942383,61.95000076293945,1724.9000244140625,72.64559936523438
2021-03-30,14845.099609375,20.489999771118164,26121.099609375,33874.70703125,3971.090087890625,12965.740234375,20.739999771118164,64.9800033569336,1712.0999755859375,72.44719696044922
2021-03-31,14690.7001953125,20.649999618530277,25855.0,33303.51171875,3958.550048828125,12896.5302734375,19.61000061035156,64.13999938964844,1683.9000244140625,72.74189758300781
2021-04-01,14867.349609375,19.989999771118164,25980.400390625,33857.60546875,3972.889892578125,13091.4404296875,19.399999618530277,63.540000915527344,1713.800048828125,73.44529724121094
2021-04-05,14637.7998046875,21.21999931335449,26491.400390625,32678.470703125,4019.8701171875,13329.51953125,17.329999923706055,64.86000061035156,1726.5,73.28730010986328
2021-04-06,14683.5,20.84000015258789,26532.19921875,32500.97265625,4077.909912109375,13598.16015625,17.90999984741211,62.150001525878906,1727.0,73.3759994506836
2021-04-07,14819.0498046875,20.25,26831.0,32990.81640625,4073.93994140625,13578.4599609375,18.1200008392334,62.7400016784668,1741.5,73.27950286865234
2021-04-08,14873.7998046875,20.309999465942383,27148.400390625,32782.46875,4079.949951171875,13616.7001953125,17.15999984741211,63.15999984741211,1740.0999755859375,73.48999786376953
2021-04-09,14834.849609375,19.790000915527344,27367.05078125,32447.673828125,4097.169921875,13758.509765625,16.950000762939453,63.20000076293945,1756.800048828125,74.40149688720703
2021-04-12,14310.7998046875,23.0,26727.80078125,30791.642578125,4128.7998046875,13845.0595703125,16.690000534057617,62.95000076293945,1743.300048828125,74.54450225830078
2021-04-13,14504.7998046875,20.459999084472656,25851.30078125,31771.23046875,4127.990234375,13819.349609375,16.90999984741211,63.27999877929688,1731.199951171875,74.72949981689453
2021-04-15,14581.4501953125,20.88999938964844,26010.849609375,32112.4765625,4124.66015625,13803.91015625,16.989999771118164,66.58000183105469,1734.9000244140625,75.18150329589844
2021-04-16,14617.849609375,20.399999618530277,26324.900390625,31977.078125,4170.419921875,14026.1904296875,16.56999969482422,66.94000244140625,1765.4000244140625,75.0261001586914
2021-04-19,14359.4501953125,22.489999771118164,26236.900390625,31208.037109375,4185.47021484375,14041.91015625,16.25,66.7699966430664,1779.0,74.72740173339844
2021-04-20,14296.400390625,22.43000030517578,25877.599609375,31112.337890625,4163.259765625,13907.669921875,17.290000915527344,67.05000305175781,1769.4000244140625,74.56320190429688
2021-04-22,14406.150390625,23.030000686645508,25826.69921875,31782.23046875,4173.419921875,13935.150390625,17.5,65.31999969482422,1792.300048828125,75.44920349121094
2021-04-23,14341.349609375,22.690000534057617,25609.099609375,31721.931640625,4134.97998046875,13762.3603515625,18.709999084472656,65.4000015258789,1781.199951171875,75.42949676513672
2021-04-26,14485.0,23.5,25680.30078125,32274.775390625,4180.169921875,13941.4404296875,17.329999923706055,66.11000061035156,1777.0,75.0916976928711
2021-04-27,14653.0498046875,23.07999992370605,25815.75,32734.96875,4187.6201171875,14026.16015625,17.639999389648438,65.6500015258789,1779.199951171875,74.86810302734375
2021-04-28,14864.5498046875,22.57999992370605,25962.099609375,33722.41015625,4186.72021484375,13960.2802734375,17.559999465942383,66.41999816894531,1778.0,74.81490325927734
2021-04-29,14894.900390625,23.309999465942383,25874.30078125,33714.109375,4183.18017578125,13901.6201171875,17.280000686645508,67.2699966430664,1773.199951171875,74.57499694824219
2021-04-30,14631.099609375,23.030000686645508,25664.44921875,32781.41796875,4211.47021484375,13970.2001953125,17.610000610351562,68.55999755859375,1768.0999755859375,74.31179809570312
2021-05-03,14634.150390625,23.690000534057617,25676.05078125,32465.373046875,4181.169921875,13860.759765625,18.61000061035156,67.25,1767.300048828125,74.10579681396484
2021-05-04,14496.5,23.01000022888184,25489.0,32269.974609375,4192.66015625,13799.7197265625,18.309999465942383,67.55999755859375,1791.4000244140625,74.09480285644531
2021-05-06,14724.7998046875,22.040000915527344,26258.69921875,32827.41796875,4167.58984375,13503.3701171875,19.149999618530277,68.95999908447266,1784.0999755859375,73.77890014648438
2021-05-07,14823.150390625,20.81999969482422,26269.44921875,32904.1171875,4201.6201171875,13613.73046875,18.38999938964844,68.08999633789062,1815.5,73.79940032958984
2021-05-10,14942.349609375,20.229999542236328,26273.44921875,33142.01171875,4232.60009765625,13719.6298828125,16.690000534057617,68.27999877929688,1831.0999755859373,73.61519622802734
2021-05-12,14696.5,20.07999992370605,25855.44921875,32451.923828125,4152.10009765625,13351.26953125,21.84000015258789,68.55000305175781,1835.9000244140625,73.5
2021-05-14,14677.7998046875,20.270000457763672,25588.19921875,32169.177734375,4112.5,13109.150390625,23.1299991607666,67.05000305175781,1823.800048828125,73.68160247802734
2021-05-17,14923.150390625,19.61000061035156,25703.55078125,33458.859375,4173.85009765625,13393.1201171875,18.809999465942383,68.70999908447266,1837.9000244140625,73.44490051269531
2021-05-18,15108.099609375,19.239999771118164,25958.25,33922.00390625,4163.2900390625,13312.91015625,19.71999931335449,69.45999908447266,1867.5,73.27890014648438
2021-05-19,15030.150390625,19.31999969482422,25982.80078125,33684.80859375,4127.830078125,13217.6796875,21.34000015258789,68.70999908447266,1867.800048828125,73.26969909667969
2021-05-21,15175.2998046875,19.07999992370605,26105.30078125,34606.49609375,4159.1201171875,13494.08984375,20.670000076293945,65.11000061035156,1881.800048828125,73.222900390625
2021-05-24,15197.7001953125,19.1299991607666,26144.19921875,34943.1953125,4155.85986328125,13411.740234375,20.149999618530277,66.44000244140625,1876.699951171875,73.02189636230469
2021-05-26,15301.4501953125,20.8700008392334,26857.349609375,34683.796875,4188.1298828125,13657.73046875,18.84000015258789,68.6500015258789,1898.0999755859373,72.83660125732422
2021-05-27,15337.849609375,19.90999984741211,27164.80078125,35094.64453125,4195.990234375,13702.740234375,17.360000610351562,68.87000274658203,1901.300048828125,72.80490112304688
2021-05-28,15435.650390625,17.399999618530273,27122.80078125,35141.0390625,4200.8798828125,13657.849609375,16.739999771118164,69.45999908447266,1895.699951171875,72.67250061035156
2021-06-01,15574.849609375,17.389999389648438,27144.400390625,35336.7890625,4204.10986328125,13686.509765625,16.760000228881836,69.62999725341797,1902.5,72.39350128173828
2021-06-02,15576.2001953125,17.209999084472656,26939.650390625,35373.33984375,4202.0400390625,13654.58984375,17.899999618530273,70.25,1902.9000244140625,72.48719787597656
2021-06-03,15690.349609375,15.75,26987.900390625,35648.5859375,4208.1201171875,13675.7900390625,17.479999542236328,71.3499984741211,1907.5,72.8550033569336
2021-06-04,15670.25,15.9399995803833,26996.75,35291.23828125,4192.85009765625,13529.6796875,18.040000915527344,71.30999755859375,1871.199951171875,72.96510314941406
2021-06-07,15751.650390625,15.56999969482422,27295.650390625,35443.23828125,4229.89013671875,13770.76953125,16.420000076293945,71.88999938964844,1889.800048828125,73.04419708251953
2021-06-08,15740.099609375,15.229999542236328,27623.80078125,35084.89453125,4226.52001953125,13802.8896484375,16.420000076293945,71.48999786376953,1896.800048828125,72.90969848632812
2021-06-09,15635.349609375,14.75,27539.0,34800.09375,4227.259765625,13810.8603515625,17.06999969482422,72.22000122070312,1892.199951171875,72.80940246582031
2021-06-10,15737.75,15.0,27798.0,35130.7890625,4219.5498046875,13814.9404296875,17.889999389648438,72.22000122070312,1893.199951171875,72.97530364990234
2021-06-11,15799.349609375,14.100000381469728,28217.5,35046.9921875,4239.18017578125,13960.349609375,16.100000381469727,72.5199966430664,1894.199951171875,72.98529815673828
2021-06-14,15811.849609375,14.720000267028809,28314.099609375,34950.1953125,4247.43994140625,13998.2998046875,15.649999618530272,72.69000244140625,1877.4000244140625,73.01229858398438
2021-06-15,15869.25,14.609999656677246,28377.849609375,35247.33984375,4255.14990234375,14128.2001953125,16.389999389648438,72.86000061035156,1864.0,73.23159790039062
2021-06-16,15767.5498046875,14.869999885559082,28448.849609375,35003.09375,4246.58984375,14030.41015625,17.020000457763672,73.98999786376953,1854.5,73.18080139160156
2021-06-17,15691.400390625,15.289999961853027,28611.349609375,34604.99609375,4223.7001953125,13983.009765625,18.149999618530277,74.38999938964844,1859.5,73.3447036743164
2021-06-18,15683.349609375,14.800000190734863,28445.599609375,34557.59765625,4221.85986328125,14163.8095703125,17.75,73.08000183105469,1773.800048828125,73.8240966796875
2021-06-21,15746.5,15.0600004196167,28367.0,34870.89453125,4166.4501953125,14049.580078125,20.700000762939453,73.51000213623047,1767.9000244140625,74.25389862060547
2021-06-22,15772.75,14.739999771118164,28523.55078125,34744.59765625,4224.7900390625,14137.23046875,17.889999389648438,74.9000015258789,1781.800048828125,74.1438980102539
2021-06-23,15686.9501953125,15.369999885559082,28258.5,34573.59765625,4246.43994140625,14270.419921875,16.65999984741211,74.80999755859375,1776.300048828125,74.13520050048828
2021-06-24,15790.4501953125,15.100000381469728,29048.0,34826.59375,4241.83984375,14274.240234375,16.31999969482422,75.19000244140625,1782.300048828125,74.33219909667969
2021-06-25,15860.349609375,13.369999885559082,29210.55078125,35364.23828125,4266.490234375,14365.9599609375,15.970000267028809,75.55999755859375,1775.5999755859375,74.24690246582031
2021-06-28,15814.7001953125,13.399999618530272,29068.55078125,35359.0390625,4280.7001953125,14345.1796875,15.619999885559082,76.18000030517578,1776.5999755859375,74.19029998779297
2021-06-29,15748.4501953125,13.0,28986.25,35009.89453125,4290.60986328125,14524.98046875,15.760000228881836,74.68000030517578,1779.5999755859375,74.21299743652344
2021-06-30,15721.5,13.050000190734863,29168.0,34771.796875,4291.7998046875,14572.75,16.020000457763672,74.76000213623047,1762.800048828125,74.285400390625
2021-07-01,15680.0,12.84000015258789,29003.099609375,34683.59765625,4297.5,14554.7998046875,15.829999923706056,75.12999725341797,1770.800048828125,74.28759765625
2021-07-02,15722.2001953125,12.09000015258789,29007.94921875,34809.4921875,4319.93994140625,14560.0498046875,15.479999542236328,75.83999633789062,1775.9000244140625,74.37100219726562
2021-07-06,15818.25,12.279999732971191,28649.400390625,35578.734375,4352.33984375,14727.6298828125,15.06999969482422,76.16999816894531,1782.5999755859375,74.48179626464844
2021-07-07,15879.650390625,12.210000038146973,28734.650390625,35770.88671875,4343.5400390625,14786.3603515625,16.440000534057617,74.52999877929688,1793.5,74.31780242919922
2021-07-08,15727.900390625,13.5600004196167,28749.0,35273.69140625,4358.1298828125,14810.5400390625,16.200000762939453,73.43000030517578,1801.5,74.76290130615234
2021-07-09,15689.7998046875,12.9399995803833,28662.19921875,35071.54296875,4320.81982421875,14722.1396484375,19.0,74.12000274658203,1799.5999755859375,74.8218994140625
2021-07-12,15692.599609375,12.989999771118164,28532.349609375,35198.48828125,4369.5498046875,14826.08984375,16.18000030517578,75.55000305175781,1810.0,74.72139739990234
2021-07-13,15812.349609375,12.619999885559082,28439.75,35672.984375,4384.6298828125,14877.8896484375,16.170000076293945,75.16000366210938,1805.5,74.4905014038086
2021-07-14,15853.9501953125,12.59000015258789,29339.849609375,35667.8359375,4369.2099609375,14874.5400390625,17.1200008392334,76.48999786376953,1809.4000244140625,74.54170227050781
2021-07-15,15924.2001953125,12.270000457763672,29718.05078125,35907.23046875,4374.2998046875,14900.4404296875,16.329999923706055,74.76000213623047,1824.300048828125,74.65910339355469
2021-07-16,15923.400390625,11.710000038146973,29400.25,35751.38671875,4360.02978515625,14794.6904296875,17.010000228881836,73.47000122070312,1828.4000244140625,74.46910095214844
2021-07-19,15752.400390625,12.68000030517578,29264.0,35078.79296875,4327.16015625,14681.3798828125,18.450000762939453,73.58999633789062,1814.5,74.53700256347656
2021-07-20,15632.099609375,13.210000038146973,29252.5,34415.05078125,4258.490234375,14549.08984375,22.5,68.62000274658203,1808.699951171875,74.63179779052734
2021-07-22,15824.0498046875,11.890000343322754,29779.94921875,34676.8984375,4358.68994140625,14842.6298828125,17.90999984741211,72.2300033569336,1802.9000244140625,74.5270004272461
2021-07-23,15856.0498046875,11.760000228881836,29894.30078125,35033.9921875,4367.47998046875,14940.169921875,17.690000534057617,73.79000091552734,1805.0,74.44020080566406
2021-07-26,15824.4501953125,12.449999809265137,29940.400390625,34949.29296875,4411.7900390625,15111.7900390625,17.200000762939453,74.0999984741211,1801.4000244140625,74.4520034790039
2021-07-27,15746.4501953125,13.229999542236328,29892.55078125,34797.04296875,4422.2998046875,15125.9501953125,17.579999923706055,74.5,1798.699951171875,74.44889831542969
2021-07-28,15709.400390625,13.6899995803833,29954.150390625,34532.49609375,4401.4599609375,14956.9697265625,19.36000061035156,74.4800033569336,1799.5,74.28949737548828
2021-07-29,15778.4501953125,12.949999809265137,30371.400390625,34691.09765625,4400.64013671875,15018.099609375,18.309999465942383,74.73999786376953,1799.5,74.5022964477539
2021-07-30,15763.0498046875,12.800000190734863,30480.05078125,34583.94921875,4419.14990234375,15048.3603515625,17.700000762939453,76.05000305175781,1831.199951171875,74.38999938964844
2021-08-02,15885.150390625,12.8100004196167,30803.05078125,34709.59765625,4395.259765625,14959.900390625,18.239999771118164,76.33000183105469,1812.5999755859373,74.25199890136719
2021-08-03,16130.75,13.75,31165.849609375,35207.0390625,4387.16015625,14963.6201171875,19.459999084472656,72.88999938964844,1818.0999755859373,74.37909698486328
2021-08-04,16258.7998046875,13.210000038146973,30977.150390625,36027.6328125,4423.14990234375,15061.419921875,18.040000915527344,72.41000366210938,1810.0999755859373,74.33200073242188
2021-08-05,16294.599609375,12.869999885559082,31211.19921875,35834.33203125,4402.66015625,15083.3896484375,17.969999313354492,70.37999725341797,1810.5,74.21440124511719
2021-08-06,16238.2001953125,12.609999656677246,31303.30078125,35808.83203125,4429.10009765625,15181.6396484375,17.280000686645508,71.29000091552734,1805.0999755859373,74.18399810791016
2021-08-09,16258.25,12.609999656677246,31441.0,36028.53125,4436.52001953125,15109.3603515625,16.149999618530273,70.69999694824219,1760.0,74.08200073242188
2021-08-10,16280.099609375,12.710000038146973,31713.400390625,36033.68359375,4432.35009765625,15133.1103515625,16.719999313354492,69.04000091552734,1723.4000244140625,74.49140167236328
2021-08-11,16282.25,12.710000038146973,31670.0,35805.98046875,4436.75,15053.580078125,16.790000915527344,70.62999725341797,1728.800048828125,74.46620178222656
2021-08-12,16364.400390625,12.369999885559082,32245.099609375,35936.6328125,4442.41015625,15027.759765625,16.170000076293945,71.44000244140625,1750.4000244140625,74.43550109863281
2021-08-13,16529.099609375,12.989999771118164,32678.80078125,36168.9296875,4460.830078125,15088.98046875,15.59000015258789,71.30999755859375,1749.0,74.10299682617188
2021-08-16,16563.05078125,13.460000038146973,32577.94921875,36094.08203125,4468.0,15136.6796875,15.449999809265137,70.58999633789062,1775.199951171875,74.26010131835938
2021-08-17,16614.599609375,13.40999984741211,33414.75,35867.03125,4479.7099609375,15140.76953125,16.1200008392334,69.51000213623047,1786.9000244140625,74.216796875
2021-08-18,16568.849609375,12.90999984741211,33448.8984375,35554.0859375,4448.080078125,15002.830078125,17.90999984741211,69.02999877929688,1785.0,74.13500213623047
2021-08-20,16450.5,14.020000457763672,33351.3515625,35033.4453125,4405.7998046875,14933.9404296875,21.670000076293945,66.44999694824219,1780.199951171875,74.2697982788086
2021-08-23,16496.44921875,13.6899995803833,33919.80078125,35123.98828125,4441.669921875,15092.5703125,18.559999465942383,65.18000030517578,1781.0,74.4292984008789
2021-08-24,16624.599609375,13.1899995803833,33838.3984375,35711.6875,4479.52978515625,15312.8203125,17.149999618530273,68.75,1803.199951171875,74.30149841308594
2021-08-25,16634.650390625,13.5,34083.94921875,35585.8359375,4486.22998046875,15357.6796875,17.219999313354492,71.05000305175781,1805.5999755859373,74.10590362548828
2021-08-26,16636.900390625,13.539999961853027,34041.1015625,35617.13671875,4496.18994140625,15368.919921875,16.790000915527344,72.25,1788.199951171875,74.1447982788086
2021-08-27,16705.19921875,13.40999984741211,34309.80078125,35627.38671875,4470.0,15278.51953125,18.84000015258789,71.06999969482422,1792.199951171875,74.0999984741211
2021-08-30,16931.05078125,13.31999969482422,34109.25,36347.2265625,4509.3701171875,15432.9501953125,16.389999389648438,72.69999694824219,1816.5999755859373,74.15599822998047
2021-08-31,17132.19921875,14.520000457763672,34570.25,36424.1796875,4528.7900390625,15605.08984375,16.190000534057617,73.41000366210938,1809.0,73.49659729003906
2021-09-01,17076.25,14.1899995803833,34110.5,36573.875,4522.68017578125,15582.509765625,16.479999542236328,72.98999786376953,1815.0,73.41120147705078
2021-09-02,17234.150390625,14.239999771118164,34680.30078125,36830.87109375,4524.08984375,15611.5703125,16.110000610351562,71.58999633789062,1813.0999755859373,72.99669647216797
2021-09-03,17323.599609375,14.539999961853027,34891.19921875,36760.72265625,4536.9501953125,15604.25,16.40999984741211,73.02999877929688,1808.699951171875,72.98509979248047
2021-09-06,17377.80078125,15.109999656677246,35415.1015625,36591.92578125,4535.43017578125,15652.8603515625,16.40999984741211,72.61000061035156,1830.9000244140625,73.0542984008789
2021-09-07,17362.099609375,14.899999618530272,34951.30078125,36468.375,4535.43017578125,15652.8603515625,16.40999984741211,72.61000061035156,1830.9000244140625,72.99449920654297
2021-09-08,17353.5,14.40999984741211,34678.19921875,36767.7734375,4520.02978515625,15675.759765625,18.13999938964844,71.69000244140625,1795.9000244140625,73.11000061035156
2021-09-09,17369.25,13.9399995803833,34802.30078125,36682.7734375,4514.06982421875,15620.849609375,17.959999084472656,72.5999984741211,1790.699951171875,73.3904037475586
2021-09-13,17355.30078125,14.029999732971191,35129.6015625,36471.375,4458.580078125,15440.75,20.950000762939453,72.91999816894531,1789.5999755859375,73.53800201416016
2021-09-14,17380.0,13.579999923706056,35431.5,36612.625,4468.72998046875,15434.5,19.3700008392334,73.51000213623047,1792.0,73.52429962158203
2021-09-15,17519.44921875,13.729999542236328,36075.19921875,36851.8203125,4443.0498046875,15382.900390625,19.459999084472656,73.5999984741211,1804.699951171875,73.54080200195312
2021-09-16,17629.5,14.40999984741211,35852.44921875,37668.1640625,4480.7001953125,15503.5302734375,18.18000030517578,75.45999908447266,1792.4000244140625,73.65080261230469
2021-09-17,17585.150390625,15.229999542236328,35646.5,37811.5078125,4473.75,15515.91015625,18.690000534057617,75.66999816894531,1754.5999755859375,73.43800354003906
2021-09-20,17396.900390625,17.489999771118164,35400.05078125,37145.265625,4432.990234375,15333.4697265625,20.809999465942383,75.33999633789062,1749.4000244140625,73.56490325927734
2021-09-21,17562.0,16.520000457763672,36086.05078125,37235.41796875,4357.72998046875,15012.1904296875,25.709999084472656,73.91999816894531,1761.800048828125,73.69609832763672
2021-09-22,17546.650390625,16.489999771118164,36422.44921875,36944.21875,4354.18994140625,15027.76953125,24.36000061035156,74.36000061035156,1776.0,73.65899658203125
2021-09-23,17822.94921875,16.600000381469727,36816.8984375,37771.26171875,4395.64013671875,15176.509765625,20.8700008392334,76.19000244140625,1776.699951171875,73.7927017211914
2021-09-24,17853.19921875,16.920000076293945,37103.25,37829.859375,4448.97998046875,15316.580078125,18.6299991607666,77.25,1747.699951171875,73.8749008178711
2021-09-27,17855.099609375,18.049999237060547,36034.3984375,38170.8046875,4455.47998046875,15329.6796875,17.75,78.08999633789062,1749.699951171875,73.83999633789062
2021-09-28,17748.599609375,18.540000915527344,35239.94921875,37944.55859375,4443.10986328125,15204.8203125,18.76000022888184,79.52999877929688,1750.0,73.81289672851562
2021-09-29,17711.30078125,18.84000015258789,35282.6484375,37742.5625,4352.6298828125,14770.2998046875,23.25,79.08999633789062,1735.800048828125,73.82530212402344
2021-09-30,17618.150390625,18.399999618530277,35028.0,37424.66796875,4359.4599609375,14752.8896484375,22.559999465942383,78.63999938964844,1721.5,74.16329956054688
2021-10-01,17532.05078125,17.209999084472656,34780.6015625,37225.46484375,4307.5400390625,14689.6201171875,23.13999938964844,78.5199966430664,1755.300048828125,74.3219985961914
2021-10-04,17691.25,16.739999771118164,35126.1484375,37579.2109375,4357.0400390625,14791.8701171875,21.100000381469727,79.27999877929688,1757.0,74.25440216064453
2021-10-05,17822.30078125,16.399999618530273,35544.30078125,37740.5625,4300.4599609375,14472.1201171875,22.959999084472656,81.26000213623047,1766.199951171875,74.152099609375
2021-10-06,17646.0,17.329999923706055,35075.80078125,37521.11328125,4345.72021484375,14674.150390625,21.299999237060547,82.55999755859375,1759.5999755859375,74.57279968261719
2021-10-07,17790.349609375,16.15999984741211,35703.8515625,37752.76171875,4363.5498046875,14766.75,21.0,81.08000183105469,1760.5,74.56320190429688
2021-10-08,17895.19921875,15.649999618530272,36402.0,37774.8125,4399.759765625,14897.1298828125,19.540000915527344,81.94999694824219,1757.9000244140625,74.76000213623047
2021-10-11,17945.94921875,16.09000015258789,35179.94921875,38293.35546875,4391.33984375,14820.75,18.770000457763672,82.38999938964844,1756.300048828125,74.83000183105469
2021-10-12,17991.94921875,15.850000381469728,34869.75,38521.05078125,4361.18994140625,14713.73046875,20.0,83.6500015258789,1754.5999755859375,75.30580139160156
2021-10-13,18161.75,16.100000381469727,35285.6015625,38635.30078125,4350.64990234375,14662.1103515625,19.850000381469727,83.41999816894531,1758.300048828125,75.40260314941406
2021-10-14,18338.55078125,15.770000457763672,35744.8515625,39340.44140625,4363.7998046875,14774.599609375,18.63999938964844,83.18000030517578,1793.699951171875,75.48390197753906
2021-10-18,18477.05078125,17.18000030517578,36306.3515625,39684.33984375,4471.3701171875,15146.919921875,16.299999237060547,84.86000061035156,1767.199951171875,74.99500274658203
2021-10-19,18418.75,17.3799991607666,37106.3515625,39540.0390625,4486.4599609375,15300.8896484375,16.309999465942383,84.33000183105469,1764.800048828125,75.00589752197266
2021-10-20,18266.599609375,18.309999465942383,36846.80078125,39517.73828125,4519.6298828125,15410.7197265625,15.699999809265137,85.08000183105469,1769.699951171875,75.2354965209961
2021-10-21,18178.099609375,18.040000915527344,35913.6015625,40029.734375,4536.18994140625,15388.7099609375,15.489999771118164,85.81999969482422,1784.0999755859375,75.12010192871094
2021-10-22,18114.900390625,17.549999237060547,35394.6484375,40323.1796875,4549.77978515625,15489.58984375,15.010000228881836,84.61000061035156,1781.199951171875,74.80919647216797
2021-10-25,18125.400390625,17.610000610351562,35005.3984375,41191.91796875,4544.89990234375,15355.0703125,15.43000030517578,85.52999877929688,1795.5,74.86540222167969
2021-10-26,18268.400390625,16.75,35162.3515625,41237.8203125,4566.47998046875,15514.1904296875,15.239999771118164,85.98999786376953,1806.0,74.99369812011719
2021-10-27,18210.94921875,16.829999923706055,35503.8984375,40873.875,4574.7900390625,15559.490234375,15.979999542236328,86.4000015258789,1792.699951171875,75.08989715576172
2021-10-28,17857.25,17.90999984741211,34913.6015625,39508.48828125,4551.68017578125,15598.3896484375,16.979999542236328,84.58000183105469,1797.9000244140625,74.88890075683594
2021-10-29,17671.650390625,17.43000030517578,34408.75,39115.1484375,4596.419921875,15778.16015625,16.530000686645508,84.31999969482422,1801.5999755859373,75.05000305175781
2021-11-01,17929.650390625,17.239999771118164,35290.0,39763.2890625,4605.3798828125,15850.4697265625,16.260000228881836,84.37999725341797,1783.0,74.79720306396484
2021-11-02,17888.94921875,17.059999465942383,35177.3515625,39937.984375,4613.669921875,15905.2802734375,16.40999984741211,84.70999908447266,1795.0999755859375,74.92829895019531
2021-11-03,17829.19921875,16.1299991607666,35177.1015625,39401.59375,4630.64990234375,15972.490234375,16.030000686645508,84.72000122070312,1788.699951171875,74.82990264892578
2021-11-04,17916.80078125,15.75,35334.25,39573.23828125,4660.56982421875,16144.5,15.100000381469728,81.98999786376953,1763.5999755859375,74.71199798583984
2021-11-08,18068.55078125,16.34000015258789,35782.3515625,39437.79296875,4697.52978515625,16359.3798828125,16.479999542236328,82.73999786376953,1816.4000244140625,74.47810363769531
2021-11-09,18044.25,16.0,35815.1015625,39368.34375,4701.7001953125,16336.0302734375,17.219999313354492,83.43000030517578,1827.4000244140625,74.19110107421875
2021-11-10,18017.19921875,16.309999465942383,35722.94921875,39022.796875,4685.25,16219.9404296875,17.780000686645508,84.77999877929688,1830.199951171875,73.91850280761719
2021-11-11,17873.599609375,16.350000381469727,35583.6484375,38559.75,4646.7099609375,15985.5703125,18.729999542236328,82.63999938964844,1847.5999755859373,74.17479705810547
2021-11-12,18102.75,15.220000267028809,36332.30078125,38732.90234375,4649.27001953125,16032.4697265625,17.65999984741211,82.87000274658203,1863.199951171875,74.40489959716797
2021-11-15,18109.44921875,15.470000267028809,36465.30078125,38701.90234375,4682.85009765625,16199.8896484375,16.290000915527344,82.16999816894531,1867.9000244140625,74.32209777832031
2021-11-16,17999.19921875,15.199999809265137,36643.8984375,38306.65625,4682.7998046875,16189.1201171875,16.489999771118164,82.05000305175781,1866.0999755859373,74.33999633789062
2021-11-17,17898.650390625,14.979999542236328,36660.8984375,38041.109375,4700.89990234375,16309.76953125,16.3700008392334,82.43000030517578,1853.5999755859373,74.43509674072266
2021-11-18,17764.80078125,14.859999656677246,36007.0,37975.80859375,4688.669921875,16308.0703125,17.110000610351562,80.27999877929688,1869.699951171875,74.45860290527344
2021-11-22,17416.55078125,17.520000457763672,35478.94921875,37128.37109375,4697.9599609375,16573.33984375,17.90999984741211,78.88999938964844,1851.199951171875,74.17440032958984
2021-11-23,17503.349609375,18.020000457763672,35504.3984375,37272.3671875,4682.93994140625,16380.98046875,19.170000076293945,79.69999694824219,1806.0,74.30259704589844
2021-11-24,17415.05078125,17.100000381469727,34966.25,37441.515625,4690.7001953125,16306.7197265625,19.3799991607666,82.30999755859375,1783.5,74.42980194091797
2021-11-25,17536.25,16.65999984741211,35300.25,37364.31640625,4701.4599609375,16367.8095703125,18.57999992370605,82.25,1784.0999755859375,74.4469985961914
2021-11-26,17026.44921875,20.799999237060547,34606.1484375,36025.08203125,4701.4599609375,16367.8095703125,18.57999992370605,82.25,1784.0999755859375,74.625
2021-11-29,17053.94921875,20.82999992370605,34870.75,35976.03125,4594.6201171875,16025.580078125,28.6200008392334,72.72000122070312,1785.300048828125,74.50579833984375
2021-11-30,16983.19921875,21.170000076293945,35043.75,35694.88671875,4655.27001953125,16399.240234375,22.959999084472656,73.44000244140625,1782.300048828125,74.98159790039062
2021-12-01,17166.900390625,19.450000762939453,35429.0,36364.4765625,4567.0,16135.919921875,27.190000534057617,70.56999969482422,1773.5999755859375,75.05490112304688
2021-12-02,17401.650390625,18.09000015258789,36157.8515625,36507.82421875,4513.0400390625,15877.7197265625,31.1200008392334,68.87000274658203,1781.5999755859375,75.0509033203125
2021-12-03,17196.69921875,18.450000762939453,35848.05078125,36196.7265625,4577.10009765625,15990.759765625,27.950000762939453,69.66999816894531,1760.699951171875,75.01789855957031
2021-12-06,16912.25,20.07999992370605,34879.3984375,35735.484375,4538.43017578125,15712.0400390625,30.670000076293945,69.87999725341797,1782.0,74.9834976196289
2021-12-07,17176.69921875,18.459999084472656,35272.30078125,36617.97265625,4591.669921875,15846.16015625,27.18000030517578,73.08000183105469,1777.5,75.23400115966797
2021-12-08,17469.75,17.270000457763672,35959.05078125,37284.265625,4686.75,16325.66015625,21.88999938964844,75.44000244140625,1782.5999755859375,75.39129638671875
2021-12-09,17516.849609375,16.600000381469727,35946.3515625,37082.01953125,4701.2099609375,16394.33984375,19.899999618530277,75.81999969482422,1783.4000244140625,75.40859985351562
2021-12-10,17511.30078125,16.059999465942383,35939.6015625,37105.21875,4667.4501953125,16149.5703125,21.57999992370605,74.41999816894531,1774.5999755859375,75.38330078125
2021-12-13,17368.25,16.56999969482422,36050.55078125,36924.8203125,4712.02001953125,16331.98046875,18.690000534057617,75.1500015258789,1782.9000244140625,75.59919738769531
2021-12-14,17324.900390625,16.950000762939453,36102.55078125,36893.51953125,4668.97021484375,16082.5498046875,20.309999465942383,74.38999938964844,1786.300048828125,75.70999908447266
2021-12-15,17221.400390625,17.219999313354492,35737.19921875,36789.125,4634.08984375,15914.900390625,21.88999938964844,73.69999694824219,1770.4000244140625,75.82689666748047
2021-12-16,17248.400390625,15.899999618530272,36160.30078125,36548.22265625,4709.85009765625,16289.58984375,19.290000915527344,73.87999725341797,1762.5999755859375,76.04720306396484
2021-12-17,16985.19921875,16.34000015258789,36647.8984375,35618.234375,4668.669921875,15863.9404296875,20.56999969482422,75.0199966430664,1796.5999755859375,76.2114028930664
2021-12-20,16614.19921875,18.96999931335449,35916.44921875,34439.453125,4620.64013671875,15801.4599609375,21.56999969482422,73.5199966430664,1803.800048828125,76.1675033569336
2021-12-21,16770.849609375,17.540000915527344,36627.1484375,34607.44921875,4568.02001953125,15627.6396484375,22.8700008392334,71.5199966430664,1793.699951171875,76.00599670410156
2021-12-22,16955.44921875,16.579999923706055,36989.1484375,35029.09375,4649.22998046875,15986.2802734375,21.01000022888184,73.9800033569336,1787.9000244140625,75.75869750976562
2021-12-23,17072.599609375,15.829999923706056,37362.8515625,35190.73828125,4696.56005859375,16180.1396484375,18.6299991607666,75.29000091552734,1801.5999755859373,75.6864013671875
2021-12-24,17003.75,16.149999618530273,37727.80078125,34856.64453125,4725.7900390625,16308.2099609375,17.959999084472656,76.8499984741211,1811.199951171875,75.45850372314453
2021-12-27,17086.25,17.1200008392334,37988.5,35057.4921875,4725.7900390625,16308.2099609375,17.959999084472656,76.8499984741211,1811.199951171875,75.06739807128906
2021-12-28,17233.25,16.479999542236328,38357.80078125,35183.390625,4791.18994140625,16567.5,17.68000030517578,78.5999984741211,1808.0999755859373,75.31500244140625
2021-12-29,17213.599609375,16.239999771118164,38274.6484375,35044.9921875,4786.35009765625,16488.66015625,17.540000915527344,78.94000244140625,1810.199951171875,74.98030090332031
2021-12-30,17203.94921875,16.56999969482422,38658.80078125,35063.1953125,4793.06005859375,16491.009765625,16.950000762939453,79.2300033569336,1805.0999755859373,74.74500274658203
2021-12-31,17354.05078125,16.219999313354492,38701.05078125,35481.28515625,4778.72998046875,16429.099609375,17.329999923706055,79.31999969482422,1812.699951171875,74.57029724121094
2022-01-03,17625.69921875,16.450000762939453,39123.80078125,36421.4765625,4766.18017578125,16320.080078125,17.219999313354492,77.77999877929688,1827.5,74.43119812011719
2022-01-04,17805.25,16.1200008392334,39370.69921875,36839.71875,4796.56005859375,16501.76953125,16.600000381469727,78.9800033569336,1799.4000244140625,74.51380157470703
2022-01-05,17925.25,17.229999542236328,38609.1484375,37695.4609375,4793.5400390625,16279.73046875,16.90999984741211,80.0,1814.0,74.4032974243164
2022-01-06,17745.900390625,17.979999542236328,38009.0,37489.8125,4700.580078125,15771.7802734375,19.729999542236328,80.80000305175781,1824.5999755859373,74.53489685058594
2022-01-07,17812.69921875,17.600000381469727,38139.8515625,37739.1640625,4696.0498046875,15765.3603515625,19.61000061035156,81.98999786376953,1788.699951171875,74.43009948730469
2022-01-10,18003.30078125,17.68000030517578,38212.19921875,38347.453125,4677.02978515625,15592.1904296875,18.76000022888184,81.75,1797.0,74.41929626464844
2022-01-11,18055.75,17.760000228881836,38605.44921875,38441.75390625,4670.2900390625,15614.4296875,19.399999618530277,80.87000274658203,1798.4000244140625,74.2699966430664
2022-01-12,18212.349609375,17.18000030517578,38604.75,38727.1015625,4713.06982421875,15844.1201171875,18.40999984741211,83.72000122070312,1818.5999755859373,74.05699920654297
2022-01-13,18257.80078125,16.700000762939453,38607.0,38469.50390625,4726.35009765625,15905.099609375,17.6200008392334,84.66999816894531,1827.199951171875,73.81529998779297
2022-01-14,18255.75,16.559999465942383,38826.8515625,38369.953125,4659.02978515625,15495.6201171875,20.309999465942383,84.47000122070312,1821.199951171875,73.79910278320312
2022-01-17,18308.099609375,16.770000457763672,38804.94921875,38215.703125,4662.85009765625,15611.58984375,19.190000534057617,86.05999755859375,1816.5,73.97229766845703
2022-01-18,18113.05078125,17.780000686645508,38091.75,38209.85546875,4662.85009765625,15611.58984375,19.190000534057617,86.05999755859375,1816.5,74.37899780273438
2022-01-19,17938.400390625,17.81999969482422,37281.69921875,38040.91015625,4577.10986328125,15210.759765625,22.790000915527344,87.51000213623047,1812.300048828125,74.25509643554688
2022-01-20,17757.0,17.790000915527344,36662.19921875,37850.41015625,4532.759765625,15047.83984375,23.850000381469727,88.44000244140625,1843.0999755859373,74.61969757080078
2022-01-21,17617.150390625,18.88999938964844,36054.6015625,37573.86328125,4482.72998046875,14846.4599609375,25.59000015258789,88.37999725341797,1842.5,74.44920349121094
2022-01-24,17149.099609375,22.82999992370605,34821.6015625,36947.12109375,4397.93994140625,14438.400390625,28.850000381469727,87.88999938964844,1831.800048828125,74.45220184326172
2022-01-25,17277.94921875,21.36000061035156,34707.44921875,37706.3125,4410.1298828125,14509.580078125,29.899999618530277,86.2699966430664,1841.699951171875,74.41320037841797
2022-01-27,17110.150390625,21.06999969482422,33475.05078125,37981.66015625,4349.93017578125,14172.759765625,31.959999084472656,89.95999908447266,1829.9000244140625,74.77999877929688
2022-01-28,17101.94921875,20.700000762939453,33851.94921875,37688.9609375,4326.509765625,14003.1103515625,30.489999771118164,89.33999633789062,1793.300048828125,74.8949966430664
2022-01-31,17339.849609375,21.950000762939453,34824.55078125,37974.91015625,4431.85009765625,14454.6103515625,27.65999984741211,90.02999877929688,1784.9000244140625,75.20929718017578
2022-02-01,17576.849609375,19.979999542236328,35371.6484375,38505.05078125,4515.5498046875,14930.0498046875,24.82999992370605,91.20999908447266,1795.0,75.03900146484375
2022-02-02,17780.0,18.649999618530277,35788.75,39330.04296875,4546.5400390625,15019.6796875,21.959999084472656,89.16000366210938,1800.300048828125,74.55580139160156
2022-02-03,17560.19921875,19.15999984741211,35056.80078125,39009.546875,4589.3798828125,15139.740234375,22.09000015258789,89.47000122070312,1809.199951171875,74.74549865722656
2022-02-04,17516.30078125,18.899999618530277,35080.1015625,38788.90234375,4477.43994140625,14501.1103515625,24.350000381469727,91.11000061035156,1803.0,74.82240295410156
2022-02-07,17213.599609375,20.440000534057617,34621.25,37995.0078125,4500.52978515625,14694.349609375,23.21999931335449,93.2699966430664,1806.5999755859373,74.6438980102539
2022-02-08,17266.75,19.68000030517578,34521.55078125,38028.0078125,4483.8701171875,14571.25,22.86000061035156,92.69000244140624,1820.5999755859373,74.64219665527344
2022-02-09,17463.80078125,18.559999465942383,34983.30078125,38609.80078125,4521.5400390625,14747.0302734375,21.440000534057617,90.77999877929688,1826.5999755859373,74.6583023071289
2022-02-10,17605.849609375,17.709999084472656,35341.8515625,39010.49609375,4587.18017578125,15056.9599609375,19.959999084472656,91.5500030517578,1835.199951171875,74.69519805908203
2022-02-11,17374.75,18.68000030517578,34379.05078125,38516.80078125,4504.080078125,14705.6396484375,23.90999984741211,91.41000366210938,1836.199951171875,74.80889892578125
2022-02-14,16842.80078125,22.979999542236328,33880.6484375,36908.12109375,4418.64013671875,14253.83984375,27.36000061035156,94.44000244140624,1840.800048828125,75.53839874267578
2022-02-15,17352.44921875,20.61000061035156,34913.30078125,38169.65625,4401.669921875,14268.58984375,28.32999992370605,96.4800033569336,1868.0,75.34100341796875
2022-02-16,17322.19921875,20.59000015258789,34801.94921875,37953.359375,4471.06982421875,14620.8203125,25.700000762939453,93.27999877929688,1854.800048828125,75.6854019165039
2022-02-17,17304.599609375,22.01000022888184,34634.1015625,37531.2109375,4475.009765625,14603.6396484375,24.290000915527344,94.80999755859376,1870.199951171875,75.17479705810547
2022-02-18,17276.30078125,22.170000076293945,34483.1015625,37598.7109375,4380.259765625,14171.740234375,28.11000061035156,92.97000122070312,1900.699951171875,75.04199981689453
2022-02-21,17206.650390625,22.899999618530277,34472.05078125,37685.1640625,4348.8701171875,14009.5400390625,27.75,93.54000091552734,1898.5999755859373,75.06300354003906
2022-02-22,17092.19921875,26.65999984741211,34129.55078125,37371.21484375,4348.8701171875,14009.5400390625,27.75,93.54000091552734,1898.5999755859373,74.68240356445312
2022-02-23,17063.25,24.540000915527344,34114.30078125,37391.6171875,4304.759765625,13870.5302734375,28.809999465942383,96.83999633789062,1906.0999755859373,74.51699829101562
2022-02-24,16247.9501953125,31.979999542236328,32547.900390625,35227.69140625,4225.5,13509.4296875,31.020000457763672,96.83999633789062,1909.199951171875,74.62300109863281
2022-02-25,16658.400390625,26.739999771118164,33476.94921875,36430.328125,4288.7001953125,13974.669921875,30.31999969482422,99.08000183105467,1925.0999755859373,74.63300323486328
2022-02-28,16793.900390625,28.56999969482422,33847.8515625,36204.87890625,4384.64990234375,14189.16015625,27.59000015258789,97.93000030517578,1886.5,75.4083023071289
2022-03-02,16605.94921875,29.229999542236328,33720.0,35372.390625,4306.259765625,14005.990234375,33.31999969482422,104.97000122070312,1942.4000244140625,75.28479766845703
2022-03-03,16498.05078125,28.15999984741211,34130.30078125,34943.89453125,4386.5400390625,14243.6904296875,30.739999771118164,112.93000030517578,1920.9000244140625,75.80120086669922
2022-03-04,16245.349609375,27.959999084472656,34177.69921875,34407.40234375,4363.490234375,14035.2099609375,30.479999542236328,110.45999908447266,1934.4000244140625,75.63099670410156
2022-03-07,15863.150390625,29.32999992370605,34135.8984375,32870.8671875,4328.8701171875,13837.830078125,31.979999542236328,118.11000061035156,1965.0999755859373,75.8917007446289
2022-03-08,16013.4501953125,28.59000015258789,35055.55078125,33157.71484375,4201.08984375,13319.3798828125,36.45000076293945,123.20999908447266,1993.9000244140625,76.41799926757812
2022-03-09,16345.349609375,27.46999931335449,35440.55078125,33815.0546875,4170.7001953125,13267.6103515625,35.130001068115234,127.9800033569336,2040.0999755859373,77.08080291748047
2022-03-10,16594.900390625,25.57999992370605,35399.1015625,34475.19921875,4277.8798828125,13742.2001953125,32.45000076293945,111.13999938964844,1985.9000244140625,76.91449737548828
2022-03-11,16630.44921875,25.350000381469727,35348.69921875,34545.84765625,4259.52001953125,13591.0,30.229999542236328,109.33000183105467,1998.0999755859373,76.13490295410156
2022-03-14,16871.30078125,25.68000030517578,36028.0,35311.73828125,4204.31005859375,13301.830078125,30.75,112.66999816894533,1982.699951171875,76.310302734375
2022-03-15,16663.0,26.729999542236328,35097.8515625,35022.2421875,4173.10986328125,13046.6396484375,31.770000457763672,106.9000015258789,1959.5999755859373,76.75370025634766
2022-03-16,16975.349609375,24.1200008392334,35729.6484375,35747.8359375,4262.4501953125,13458.5595703125,29.82999992370605,99.91000366210938,1928.5,76.49009704589844
2022-03-17,17287.05078125,22.61000061035156,35643.6015625,36428.12890625,4357.85986328125,13956.7900390625,26.670000076293945,98.0199966430664,1908.0,76.26589965820312
2022-03-21,17117.599609375,24.6200008392334,35377.75,36018.08203125,4463.1201171875,14420.080078125,23.8700008392334,107.93000030517578,1928.199951171875,75.98159790039062
2022-03-22,17315.5,24.06999969482422,36070.44921875,36348.12890625,4461.18017578125,14376.08984375,23.530000686645508,115.62000274658205,1928.5999755859373,75.94640350341797
2022-03-23,17245.650390625,24.75,36082.0,36146.9296875,4511.60986328125,14654.330078125,22.940000534057617,115.4800033569336,1920.699951171875,76.30709838867188
2022-03-24,17222.75,23.93000030517578,36516.75,35526.6875,4456.240234375,14447.5498046875,23.56999969482422,121.5999984741211,1936.5999755859373,76.10189819335938
2022-03-25,17153.0,23.43000030517578,36152.30078125,35409.69140625,4520.16015625,14765.6904296875,21.670000076293945,119.02999877929688,1961.5999755859373,76.55239868164062
2022-03-28,17222.0,22.61000061035156,36026.05078125,35710.0859375,4543.06005859375,14754.3095703125,20.809999465942383,120.6500015258789,1953.800048828125,76.32350158691406
2022-03-29,17325.30078125,21.299999237060547,36146.75,35846.98046875,4575.52001953125,14987.400390625,19.6299991607666,112.4800033569336,1939.5999755859373,76.27850341796875
2022-03-30,17498.25,20.61000061035156,36463.55078125,36333.87890625,4631.60009765625,15239.3203125,18.899999618530277,110.2300033569336,1912.0,76.03410339355469
2022-03-31,17464.75,20.559999465942383,36317.19921875,36373.1796875,4602.4501953125,15071.5498046875,19.32999992370605,113.4499969482422,1933.5,75.66670227050781
2022-04-01,17670.44921875,18.43000030517578,36343.3984375,37148.06640625,4530.41015625,14838.490234375,20.559999465942383,107.91000366210938,1949.199951171875,75.82779693603516
2022-04-04,18053.400390625,17.90999984741211,36442.8984375,38634.75,4545.85986328125,14861.2099609375,19.6299991607666,104.38999938964844,1919.0999755859373,75.9092025756836
2022-04-05,17957.400390625,18.489999771118164,36466.55078125,38067.45703125,4582.64013671875,15159.580078125,18.56999969482422,107.52999877929688,1929.199951171875,75.99479675292969
2022-04-06,17807.650390625,19.020000457763672,35871.5,37632.36328125,4525.1201171875,14820.6396484375,21.030000686645508,106.63999938964844,1922.9000244140625,75.47799682617188
2022-04-07,17639.55078125,19.0,35423.25,37556.9140625,4481.14990234375,14498.8896484375,22.100000381469727,101.06999969482422,1918.4000244140625,75.45069885253906
2022-04-08,17784.349609375,17.690000534057617,35394.44921875,37751.61328125,4500.2099609375,14531.8095703125,21.549999237060547,100.58000183105467,1933.800048828125,75.94509887695312
2022-04-11,17674.94921875,18.270000457763672,34895.8984375,37613.36328125,4488.27978515625,14327.259765625,21.15999984741211,102.77999877929688,1941.5999755859373,75.91320037841797
2022-04-12,17530.30078125,18.15999984741211,34379.5,37746.9609375,4412.52978515625,13990.2099609375,24.3700008392334,98.4800033569336,1944.300048828125,75.91729736328125
2022-04-13,17475.650390625,17.790000915527344,34354.80078125,37462.96484375,4397.4501953125,13940.240234375,24.26000022888184,104.63999938964844,1972.0999755859373,75.83699798583984
2022-04-18,17173.650390625,19.34000015258789,32780.05078125,36728.57421875,4392.58984375,13893.2099609375,22.700000762939453,111.6999969482422,1970.9000244140625,76.30879974365234
2022-04-19,16958.650390625,19.770000457763672,31804.19921875,36341.1796875,4391.68994140625,13910.759765625,22.170000076293945,113.16000366210938,1982.9000244140625,76.3313980102539
2022-04-20,17136.55078125,18.670000076293945,32173.400390625,36314.4765625,4462.2099609375,14210.259765625,21.3700008392334,107.25,1955.699951171875,76.28019714355469
2022-04-21,17392.599609375,17.850000381469727,32611.599609375,36815.671875,4459.4501953125,13998.5302734375,20.31999969482422,106.8000030517578,1952.300048828125,76.44539642333984
2022-04-22,17171.94921875,18.350000381469727,32426.69921875,36044.33203125,4393.66015625,13720.4501953125,22.68000030517578,108.33000183105467,1944.9000244140625,76.27619934082031
2022-04-25,16953.94921875,21.26000022888184,31744.0,36081.93359375,4271.77978515625,13356.8701171875,28.209999084472656,106.6500015258789,1931.0,76.28520202636719
2022-04-26,17200.80078125,19.190000534057617,31840.05078125,36404.37890625,4296.1201171875,13533.2197265625,27.020000457763672,102.31999969482422,1893.199951171875,76.4635009765625
2022-04-27,17038.400390625,20.61000061035156,31594.349609375,36028.43359375,4175.2001953125,13009.7099609375,33.52000045776367,104.98999786376952,1901.4000244140625,76.52780151367188
2022-04-28,17245.05078125,19.3799991607666,31914.349609375,36421.77734375,4183.9599609375,13003.3603515625,31.600000381469727,105.31999969482422,1885.9000244140625,76.79409790039062
2022-04-29,17102.55078125,19.420000076293945,31622.400390625,36087.73046875,4287.5,13456.0595703125,29.989999771118164,107.58999633789062,1888.699951171875,76.47219848632812
2022-05-02,17069.099609375,20.280000686645508,31138.80078125,36163.328125,4131.93017578125,12854.7998046875,33.400001525878906,109.33999633789062,1909.300048828125,76.58899688720703
2022-05-04,16677.599609375,21.8799991607666,30794.599609375,35264.140625,4175.47998046875,13089.900390625,29.25,104.97000122070312,1868.800048828125,76.52410125732422
2022-05-05,16682.650390625,20.290000915527344,31432.44921875,35232.44140625,4300.169921875,13535.7099609375,25.420000076293945,110.13999938964844,1867.0,76.46730041503906
2022-05-06,16411.25,21.25,30719.44921875,34590.796875,4146.8701171875,12850.5498046875,31.200000762939453,110.9000015258789,1874.0,76.00160217285156
2022-05-09,16301.849609375,22.030000686645508,30733.30078125,34275.0,4123.33984375,12693.5302734375,30.190000534057617,112.38999938964844,1881.199951171875,76.54180145263672
2022-05-10,16240.0498046875,22.299999237060547,30427.19921875,34482.24609375,3991.239990234375,12187.7197265625,34.75,105.94000244140624,1857.0999755859373,76.9574966430664
2022-05-11,16167.099609375,22.799999237060547,30050.25,34692.74609375,4001.050048828125,12345.8603515625,32.9900016784668,102.45999908447266,1839.9000244140625,77.3655014038086
2022-05-12,15808.0,24.270000457763672,29756.849609375,33531.7578125,3935.179931640625,11967.5595703125,32.560001373291016,107.51000213623048,1852.5999755859373,77.27140045166016
2022-05-13,15782.150390625,23.489999771118164,29624.849609375,33120.96484375,3930.080078125,11945.5,31.770000457763672,107.4499969482422,1823.800048828125,77.41840362548828
2022-05-16,15842.2998046875,24.530000686645508,29403.5,33597.2109375,4023.889892578125,12387.400390625,28.8700008392334,111.5500030517578,1807.4000244140625,77.44380187988281
2022-05-17,16259.2998046875,22.739999771118164,30218.75,34301.5,4008.010009765625,12243.580078125,27.46999931335449,114.23999786376952,1813.5,77.48629760742188
2022-05-18,16240.2998046875,22.299999237060547,30077.69921875,34163.30078125,4088.85009765625,12564.099609375,26.100000381469727,111.93000030517578,1818.199951171875,77.8053970336914
2022-05-19,15809.400390625,24.559999465942383,28352.150390625,33315.26171875,3923.679931640625,11928.3095703125,30.959999084472656,109.11000061035156,1815.9000244140625,77.37239837646484
2022-05-20,16266.150390625,23.100000381469727,28789.400390625,34276.0,3900.7900390625,11875.6298828125,29.350000381469727,112.04000091552734,1841.199951171875,77.81999969482422
2022-05-23,16214.7001953125,23.399999618530277,29079.30078125,34247.203125,3901.360107421875,11835.6201171875,29.43000030517578,112.5500030517578,1841.800048828125,77.42109680175781
2022-05-24,16125.150390625,25.63999938964844,28531.5,34289.75,3973.75,12034.2802734375,28.479999542236328,113.41999816894533,1847.800048828125,77.81839752197266
2022-05-25,16025.7998046875,25.280000686645508,27566.099609375,34339.1015625,3941.47998046875,11769.83984375,29.450000762939453,113.55999755859376,1865.0999755859373,77.52680206298828
2022-05-26,16170.150390625,22.71999931335449,27932.55078125,35094.4921875,3978.72998046875,11943.9296875,28.3700008392334,114.02999877929688,1846.199951171875,77.47879791259766
2022-05-27,16352.4501953125,21.479999542236328,28641.599609375,35612.88671875,4057.840087890625,12276.7900390625,27.5,117.4000015258789,1847.4000244140625,77.49729919433594
2022-05-30,16661.400390625,19.979999542236328,29753.30078125,35826.53125,4158.240234375,12681.419921875,25.71999931335449,119.43000030517578,1851.300048828125,77.63020324707031
2022-05-31,16584.55078125,20.479999542236328,29679.05078125,35486.984375,4158.240234375,12681.419921875,25.71999931335449,119.43000030517578,1851.300048828125,77.69200134277344
2022-06-01,16522.75,20.850000381469727,29260.75,35620.38671875,4132.14990234375,12642.099609375,26.190000534057617,122.83999633789062,1842.699951171875,77.5208969116211
2022-06-02,16628.0,20.31999969482422,29792.400390625,35613.234375,4101.22998046875,12548.3603515625,25.690000534057617,116.29000091552734,1843.300048828125,77.5989990234375
2022-06-03,16584.30078125,19.979999542236328,29903.80078125,35274.640625,4176.81982421875,12892.8896484375,24.71999931335449,117.61000061035156,1866.5,77.58409881591797
2022-06-06,16569.55078125,20.200000762939453,29819.80078125,35309.7890625,4108.5400390625,12548.0302734375,24.790000915527344,119.72000122070312,1845.4000244140625,77.3604965209961
2022-06-07,16416.349609375,20.43000030517578,29351.69921875,34995.59375,4121.43017578125,12599.6298828125,25.06999969482422,119.51000213623048,1839.199951171875,77.69419860839844
2022-06-08,16356.25,19.84000015258789,29472.150390625,34945.7421875,4160.68017578125,12711.6796875,24.020000457763672,120.56999969482422,1847.5,77.82099914550781
2022-06-09,16478.099609375,19.13999938964844,29761.55078125,35085.04296875,4115.77001953125,12615.1298828125,23.959999084472656,123.58000183105467,1851.9000244140625,77.67060089111328
2022-06-10,16201.7998046875,19.57999992370605,29114.30078125,34483.3984375,4017.820068359375,12269.7802734375,26.09000015258789,123.06999969482422,1848.800048828125,77.72429656982422
2022-06-13,15774.400390625,22.3700008392334,27914.599609375,33405.46484375,3900.860107421875,11832.8203125,27.75,122.01000213623048,1871.5,77.8187026977539
2022-06-14,15732.099609375,21.88999938964844,27953.349609375,33310.96484375,3749.6298828125,11288.3203125,34.02000045776367,122.2699966430664,1828.0,78.17759704589844
2022-06-15,15692.150390625,22.149999618530277,27812.44921875,33338.61328125,3735.47998046875,11311.6904296875,32.689998626708984,121.16999816894533,1809.5,78.16059875488281
2022-06-16,15360.599609375,22.8700008392334,27136.44921875,32616.720703125,3789.989990234375,11593.76953125,29.6200008392334,118.51000213623048,1815.300048828125,77.9854965209961
2022-06-17,15293.5,22.76000022888184,26732.44921875,32742.669921875,3666.77001953125,11127.5703125,32.95000076293945,119.80999755859376,1845.699951171875,77.90019989013672
2022-06-20,15350.150390625,22.40999984741211,26966.19921875,32684.419921875,3674.840087890625,11265.990234375,31.1299991607666,113.12000274658205,1835.5999755859373,77.97769927978516
2022-06-21,15638.7998046875,21.13999938964844,27810.650390625,33191.36328125,3674.840087890625,11265.990234375,31.1299991607666,113.12000274658205,1835.5999755859373,77.9614028930664
2022-06-22,15413.2998046875,21.299999237060547,27488.400390625,32844.91796875,3764.7900390625,11546.759765625,30.190000534057617,114.6500015258789,1834.5999755859373,77.93399810791016
2022-06-23,15556.650390625,20.8799991607666,28027.80078125,33134.61328125,3759.889892578125,11527.7099609375,28.950000762939453,111.73999786376952,1834.300048828125,78.13490295410156
2022-06-24,15699.25,20.549999237060547,27777.80078125,33627.05859375,3795.72998046875,11697.6796875,29.049999237060547,110.0500030517578,1825.699951171875,78.19309997558594
2022-06-27,15832.0498046875,21.01000022888184,28345.94921875,33810.85546875,3911.739990234375,12105.849609375,27.229999542236328,113.12000274658205,1826.5,78.14240264892578
2022-06-28,15850.2001953125,21.450000762939453,28509.099609375,33642.05859375,3900.110107421875,12008.240234375,26.950000762939453,115.08999633789062,1820.9000244140625,78.2522964477539
2022-06-29,15799.099609375,21.899999618530277,28140.099609375,33269.51171875,3821.550048828125,11637.76953125,28.36000061035156,117.9800033569336,1817.5,78.44110107421875
2022-06-30,15780.25,21.84000015258789,27843.349609375,33424.71484375,3818.830078125,11658.259765625,28.15999984741211,116.26000213623048,1813.699951171875,79.07319641113281
2022-07-01,15752.0498046875,21.25,28064.25,33539.05859375,3785.3798828125,11503.7197265625,28.709999084472656,114.80999755859376,1804.0999755859373,78.89830017089844
2022-07-04,15835.349609375,20.96999931335449,27890.650390625,33940.50390625,3825.330078125,11585.6796875,26.700000762939453,111.62999725341795,1798.9000244140625,78.96299743652344
2022-07-05,15810.849609375,20.790000915527344,27695.150390625,33815.50390625,3825.330078125,11585.6796875,26.700000762939453,111.62999725341795,1798.9000244140625,78.95069885253906
2022-07-06,15989.7998046875,20.270000457763672,28007.599609375,34323.8515625,3831.389892578125,11779.900390625,27.540000915527344,102.7699966430664,1761.800048828125,78.93949890136719
2022-07-07,16132.900390625,19.200000762939453,28196.349609375,34919.89453125,3845.080078125,11852.58984375,26.729999542236328,100.69000244140624,1734.9000244140625,79.36840057373047
2022-07-08,16220.599609375,18.399999618530277,28250.30078125,35123.640625,3902.6201171875,12109.0498046875,26.07999992370605,104.6500015258789,1737.9000244140625,79.04389953613281
2022-07-11,16216.0,18.3700008392334,27380.55078125,35469.234375,3899.3798828125,12125.6904296875,24.63999938964844,107.0199966430664,1740.5999755859375,79.22160339355469
2022-07-12,16058.2998046875,18.549999237060547,27063.75,35131.83984375,3854.429931640625,11860.2802734375,26.170000076293945,107.0999984741211,1730.0,79.3313980102539
2022-07-13,15966.650390625,18.520000457763672,26949.75,34827.39453125,3818.800048828125,11744.990234375,27.290000915527344,99.48999786376952,1723.300048828125,79.47779846191406
2022-07-14,15938.650390625,18.34000015258789,26523.30078125,34650.796875,3801.780029296875,11728.5302734375,26.81999969482422,99.56999969482422,1734.199951171875,79.47640228271484
2022-07-15,16049.2001953125,17.600000381469727,26484.75,34682.24609375,3790.3798828125,11768.400390625,26.399999618530277,99.0999984741211,1704.5,79.80750274658203
2022-07-18,16278.5,17.15999984741211,27322.94921875,35358.2890625,3863.159912109375,11983.6201171875,24.229999542236328,101.16000366210938,1702.4000244140625,79.87830352783203
2022-07-19,16340.5498046875,17.200000762939453,27346.150390625,35719.9375,3830.85009765625,11877.5,25.299999237060547,106.2699966430664,1709.199951171875,79.72049713134766
2022-07-20,16520.849609375,16.81999969482422,28146.349609375,35971.68359375,3936.68994140625,12249.419921875,24.5,107.3499984741211,1710.0,80.0302963256836
2022-07-21,16605.25,16.860000610351562,28342.900390625,36200.578125,3959.89990234375,12439.6796875,23.8799991607666,106.91999816894533,1699.5,79.85590362548828
2022-07-22,16719.44921875,16.649999618530273,28168.150390625,36738.5234375,3998.949951171875,12619.41015625,23.11000061035156,103.86000061035156,1712.699951171875,80.00340270996094
2022-07-25,16631.0,17.68000030517578,28216.0,36725.97265625,3961.6298828125,12396.4697265625,23.030000686645508,103.1999969482422,1727.0999755859375,79.7759017944336
2022-07-26,16483.849609375,18.170000076293945,27418.849609375,36408.078125,3966.840087890625,12328.41015625,23.36000061035156,105.1500015258789,1719.0,79.87680053710938
2022-07-27,16641.80078125,18.1299991607666,27878.80078125,36783.32421875,3921.050048828125,12086.900390625,24.690000534057617,104.4000015258789,1717.699951171875,79.72250366210938
2022-07-28,16929.599609375,17.010000228881836,28663.05078125,37377.71484375,4023.610107421875,12601.4697265625,23.239999771118164,106.62000274658205,1719.0999755859375,79.84120178222656
2022-07-29,17158.25,16.549999237060547,29152.30078125,37490.9609375,4072.429931640625,12717.8701171875,22.32999992370605,107.13999938964844,1750.300048828125,79.84739685058594
2022-08-01,17340.05078125,17.489999771118164,29220.0,37902.7578125,4130.2900390625,12947.9697265625,21.32999992370605,110.01000213623048,1762.9000244140625,79.57150268554688
2022-08-02,17345.44921875,18.530000686645508,29024.650390625,38023.55859375,4118.6298828125,12940.7802734375,22.84000015258789,100.02999877929688,1769.0,79.1948013305664
2022-08-03,17388.150390625,18.450000762939453,29416.94921875,37988.80859375,4091.18994140625,12901.599609375,23.93000030517578,100.54000091552734,1771.0999755859375,78.95570373535156
2022-08-04,17382.0,19.26000022888184,29782.900390625,37755.11328125,4155.169921875,13253.259765625,21.950000762939453,96.77999877929688,1758.0,78.60449981689453
2022-08-05,17397.5,18.920000076293945,29973.55078125,37920.16015625,4151.93994140625,13311.0400390625,21.440000534057617,94.12000274658205,1788.5,79.11830139160156
2022-08-08,17525.099609375,19.299999237060547,29967.69921875,38236.953125,4145.18994140625,13207.6904296875,21.149999618530277,94.91999816894533,1772.9000244140625,79.15489959716797
2022-08-10,17534.75,19.59000015258789,29701.150390625,38287.40625,4122.47021484375,13008.169921875,21.770000457763672,96.30999755859376,1794.0,79.60189819335938
2022-08-11,17659.0,18.36000061035156,30233.69921875,38879.3984375,4210.240234375,13378.3203125,19.739999771118164,97.4000015258789,1795.5999755859375,79.57839965820312
2022-08-12,17698.150390625,17.610000610351562,29885.900390625,39041.84765625,4207.27001953125,13291.990234375,20.200000762939453,99.5999984741211,1789.699951171875,79.0978012084961
2022-08-16,17825.25,17.68000030517578,29909.0,39239.19140625,4297.14013671875,13667.1796875,19.950000762939453,95.0999984741211,1781.4000244140625,79.62760162353516
2022-08-17,17944.25,17.68000030517578,30256.900390625,39461.2421875,4305.2001953125,13635.2099609375,19.690000534057617,92.33999633789062,1773.199951171875,79.55290222167969
2022-08-18,17956.5,17.350000381469727,30018.900390625,39655.6875,4274.0400390625,13470.8603515625,19.899999618530277,93.6500015258789,1760.300048828125,79.14600372314453
2022-08-19,17758.44921875,18.290000915527344,30036.099609375,38985.49609375,4283.740234375,13505.990234375,19.559999465942383,96.58999633789062,1755.300048828125,79.35970306396484
2022-08-22,17490.69921875,19.040000915527344,29478.900390625,38297.3046875,4228.47998046875,13242.900390625,20.600000381469727,96.72000122070312,1747.5999755859375,79.7667007446289
2022-08-23,17577.5,19.049999237060547,28957.849609375,38697.19921875,4137.990234375,12890.5400390625,23.799999237060547,96.4800033569336,1734.0,79.91790008544922
2022-08-24,17604.94921875,18.43000030517578,28859.849609375,39038.046875,4128.72998046875,12881.7900390625,24.11000061035156,100.22000122070312,1746.800048828125,79.88379669189453
2022-08-25,17522.44921875,19.56999969482422,28608.650390625,38950.296875,4140.77001953125,12917.8603515625,22.81999969482422,101.22000122070312,1747.800048828125,79.85449981689453
2022-08-26,17558.900390625,18.21999931335449,28691.599609375,38986.6953125,4199.1201171875,13143.580078125,21.780000686645508,99.33999633789062,1757.699951171875,79.79679870605469
2022-08-29,17312.900390625,19.81999969482422,27678.94921875,38276.25390625,4057.659912109375,12605.169921875,25.559999465942383,100.98999786376952,1736.0999755859375,79.88289642333984
2022-08-30,17759.30078125,18.700000762939453,28407.900390625,39536.2890625,4030.610107421875,12484.3203125,26.209999084472656,105.08999633789062,1736.5999755859375,79.95909881591797
2022-09-01,17542.80078125,19.8700008392334,27846.80078125,39300.79296875,3955.0,12272.0302734375,25.8700008392334,96.48999786376952,1712.800048828125,79.68229675292969
2022-09-02,17539.44921875,19.549999237060547,27745.80078125,39420.54296875,3966.85009765625,12274.6201171875,25.559999465942383,92.36000061035156,1696.5999755859375,79.54879760742188
2022-09-05,17665.80078125,19.65999984741211,27836.599609375,39805.2890625,3924.260009765625,12098.4404296875,25.46999931335449,93.0199966430664,1709.800048828125,79.716796875
2022-09-06,17655.599609375,19.520000457763672,27742.80078125,39666.0390625,3924.260009765625,12098.4404296875,25.46999931335449,93.0199966430664,1709.800048828125,79.72450256347656
2022-09-07,17624.400390625,19.3700008392334,27832.400390625,39455.44140625,3908.18994140625,12011.3095703125,26.90999984741211,92.83000183105467,1700.4000244140625,79.78299713134766
2022-09-08,17798.75,18.309999465942383,28102.400390625,40208.48046875,3979.8701171875,12259.3896484375,24.63999938964844,88.0,1715.300048828125,79.89510345458984
2022-09-09,17833.349609375,17.719999313354492,28724.05078125,40415.23046875,4006.179931640625,12321.1904296875,23.61000061035156,89.1500015258789,1708.0,79.6498031616211
2022-09-12,17936.349609375,17.940000534057617,29131.19921875,40573.52734375,4067.360107421875,12588.2900390625,22.790000915527344,92.83999633789062,1716.199951171875,79.706298828125
2022-09-13,18070.05078125,17.469999313354492,29116.849609375,40872.625,4110.41015625,12739.7197265625,23.8700008392334,94.0,1728.0999755859375,79.65579986572266
2022-09-14,18003.75,18.280000686645508,28137.650390625,41404.91796875,3932.68994140625,12033.6201171875,27.270000457763672,93.16999816894533,1705.0,79.35530090332031
2022-09-15,17877.400390625,18.38999938964844,27734.349609375,41208.71875,3946.010009765625,12134.400390625,26.15999984741211,94.0999984741211,1696.5,79.60240173339844
2022-09-16,17530.849609375,19.81999969482422,26706.44921875,40776.328125,3901.35009765625,11927.490234375,26.270000457763672,90.83999633789062,1665.4000244140625,79.45369720458984
2022-09-19,17622.25,19.940000534057617,26810.150390625,40903.921875,3873.330078125,11861.3798828125,26.299999237060547,91.3499984741211,1671.699951171875,79.8490982055664
2022-09-20,17816.25,18.799999237060547,27020.599609375,41467.8203125,3899.889892578125,11953.26953125,25.76000022888184,92.0,1666.199951171875,79.68949890136719
2022-09-21,17718.349609375,19.32999992370605,26843.25,41202.96875,3855.929931640625,11851.5400390625,27.15999984741211,90.62000274658205,1659.699951171875,79.7074966430664
2022-09-22,17629.80078125,18.81999969482422,26782.650390625,40630.12890625,3789.929931640625,11637.7900390625,27.989999771118164,89.83000183105469,1664.5999755859375,79.76270294189453
2022-09-23,17327.349609375,20.59000015258789,26592.349609375,39545.7890625,3757.989990234375,11501.650390625,27.350000381469727,90.45999908447266,1670.800048828125,80.05069732666016
2022-09-26,17016.30078125,21.88999938964844,26743.650390625,38615.80078125,3693.22998046875,11311.240234375,29.920000076293945,86.1500015258789,1645.300048828125,81.06220245361328
2022-09-27,17007.400390625,21.56999969482422,27004.150390625,38358.703125,3655.0400390625,11254.1103515625,32.2599983215332,84.05999755859375,1623.300048828125,81.25479888916016
2022-09-28,16858.599609375,22.100000381469727,27067.650390625,37759.4140625,3647.2900390625,11271.75,32.599998474121094,86.2699966430664,1626.699951171875,81.61579895019531
2022-09-29,16818.099609375,21.299999237060547,26819.05078125,37647.3125,3719.0400390625,11493.830078125,30.18000030517578,89.31999969482422,1660.4000244140625,81.72460174560547
2022-09-30,17094.349609375,19.96999931335449,26981.150390625,38631.5,3640.469970703125,11164.7802734375,31.84000015258789,88.48999786376953,1658.5,81.42870330810547
2022-10-03,16887.349609375,21.3700008392334,26729.099609375,38029.20703125,3585.6201171875,10971.2197265625,31.6200008392334,87.95999908447266,1662.4000244140625,81.48059844970703
2022-10-04,17274.30078125,19.56999969482422,27496.94921875,39109.59765625,3678.429931640625,11229.73046875,30.100000381469727,88.86000061035156,1692.9000244140625,81.52130126953125
2022-10-06,17331.80078125,19.31999969482422,27928.75,39282.39453125,3783.280029296875,11573.1796875,28.549999237060547,93.37000274658205,1711.4000244140625,81.46549987792969
2022-10-07,17314.650390625,18.809999465942383,27733.599609375,39177.59375,3744.52001953125,11485.5,30.520000457763672,94.41999816894533,1711.699951171875,81.6488037109375
2022-10-10,17241.0,19.6200008392334,28027.599609375,39092.6484375,3639.659912109375,11039.4697265625,31.36000061035156,97.91999816894533,1700.5,82.3489990234375
2022-10-11,16983.55078125,20.489999771118164,27469.5,38712.0,3612.389892578125,10926.9697265625,32.45000076293945,96.19000244140624,1667.300048828125,82.8322982788086
2022-10-12,17123.599609375,20.18000030517578,27694.650390625,39118.09765625,3588.840087890625,10791.349609375,33.630001068115234,94.29000091552734,1678.699951171875,82.42070007324219
2022-10-13,17014.349609375,20.290000915527344,27506.19921875,38623.55078125,3577.030029296875,10785.6201171875,33.56999969482422,92.4499969482422,1670.300048828125,82.2739028930664
2022-10-14,17185.69921875,18.26000022888184,27954.05078125,39305.14453125,3669.909912109375,11033.580078125,31.940000534057617,94.56999969482422,1670.0,82.19999694824219
2022-10-17,17311.80078125,18.420000076293945,28019.150390625,39919.984375,3583.070068359375,10692.0595703125,32.02000045776367,91.62999725341795,1641.699951171875,82.19210052490234
2022-10-18,17486.94921875,17.450000762939453,28315.19921875,40318.28125,3677.949951171875,11062.5302734375,31.3700008392334,91.62000274658205,1657.0,82.41280364990234
2022-10-19,17512.25,17.489999771118164,28060.349609375,40372.73046875,3719.97998046875,11147.740234375,30.5,90.02999877929688,1649.0,82.1947021484375
2022-10-20,17563.94921875,17.229999542236328,28432.19921875,40099.0859375,3695.159912109375,11103.3798828125,30.76000022888184,92.41000366210938,1627.5,82.2863998413086
2022-10-21,17576.30078125,17.280000686645508,28336.94921875,40783.578125,3665.780029296875,11046.7099609375,29.979999542236328,92.37999725341795,1630.800048828125,82.99700164794922
2022-10-24,17730.75,17.420000076293945,28534.30078125,41304.41796875,3752.75,11310.330078125,29.690000534057617,93.5,1651.0,82.82569885253906
2022-10-25,17656.349609375,16.8799991607666,28722.849609375,41122.2734375,3797.340087890625,11430.259765625,29.850000381469727,93.26000213623048,1648.699951171875,82.54129791259766
2022-10-27,17736.94921875,16.600000381469727,28572.19921875,41298.8203125,3830.60009765625,11405.900390625,27.280000686645508,95.69000244140624,1664.0,82.44529724121094
2022-10-28,17786.80078125,15.920000076293944,28318.349609375,40990.375,3807.300048828125,11191.6298828125,27.38999938964844,96.95999908447266,1660.699951171875,82.04959869384766
2022-10-31,18012.19921875,15.800000190734863,28727.599609375,41307.41796875,3901.06005859375,11546.2099609375,25.75,95.7699966430664,1639.5999755859375,82.44249725341797
2022-11-01,18145.400390625,16.1299991607666,29270.650390625,41289.0703125,3871.97998046875,11405.5703125,25.8799991607666,94.83000183105467,1635.9000244140625,82.23919677734375
2022-11-02,18082.849609375,16.65999984741211,29138.650390625,41146.171875,3856.10009765625,11288.9501953125,25.809999465942383,94.6500015258789,1645.0,82.72899627685547
2022-11-03,18052.69921875,15.9399995803833,28795.75,41297.87109375,3759.68994140625,10906.33984375,25.86000061035156,96.16000366210938,1645.699951171875,82.68450164794922
2022-11-04,18117.150390625,15.65999984741211,28693.05078125,41257.96875,3719.889892578125,10690.599609375,25.299999237060547,94.66999816894533,1627.300048828125,82.88839721679688
2022-11-07,18202.80078125,15.59000015258789,28741.30078125,41686.21484375,3770.550048828125,10857.0302734375,24.549999237060547,98.56999969482422,1672.5,82.68180084228516
2022-11-09,18157.0,15.920000076293944,28626.80078125,41782.71484375,3828.110107421875,11059.5,25.540000915527344,95.36000061035156,1712.0999755859375,81.82599639892578
2022-11-10,18028.19921875,15.56999969482422,28505.75,41603.265625,3748.570068359375,10797.5498046875,26.09000015258789,92.6500015258789,1710.0999755859375,81.40519714355469
2022-11-11,18349.69921875,14.40999984741211,29591.94921875,42136.5625,3956.3701171875,11605.9599609375,23.530000686645508,93.66999816894533,1750.300048828125,81.34380340576172
2022-11-14,18329.150390625,14.90999984741211,29849.30078125,42076.26171875,3992.929931640625,11817.009765625,22.520000457763672,95.98999786376952,1766.0,80.48290252685547
2022-11-15,18403.400390625,14.640000343322754,29865.30078125,42372.20703125,3957.25,11700.9404296875,23.729999542236328,93.13999938964844,1773.5999755859375,80.49700164794922
2022-11-16,18409.650390625,15.100000381469728,29951.5,42534.8046875,3991.72998046875,11871.150390625,24.540000915527344,93.86000061035156,1773.800048828125,80.99199676513672
2022-11-17,18343.900390625,14.880000114440918,29681.400390625,42457.55859375,3958.7900390625,11699.08984375,24.11000061035156,92.86000061035156,1773.0,81.07140350341797
2022-11-18,18307.650390625,14.390000343322754,29669.25,42436.95703125,3946.56005859375,11676.8603515625,23.93000030517578,89.77999877929688,1760.800048828125,81.49530029296875
2022-11-21,18159.94921875,14.800000190734863,29209.55078125,42346.05859375,3965.340087890625,11677.01953125,23.1200008392334,87.62000274658203,1751.9000244140625,81.52490234375
2022-11-22,18244.19921875,13.84000015258789,29446.900390625,42456.55859375,3949.93994140625,11553.4501953125,22.36000061035156,87.44999694824219,1737.4000244140625,81.5198974609375
2022-11-23,18267.25,14.039999961853027,29405.650390625,42728.60546875,4003.580078125,11724.83984375,21.290000915527344,88.36000061035156,1738.300048828125,81.72769927978516
2022-11-24,18484.099609375,13.479999542236328,30178.650390625,43074.8984375,4027.260009765625,11838.7197265625,20.350000381469727,85.41000366210938,1744.9000244140625,81.71499633789062
2022-11-25,18512.75,13.329999923706056,30334.599609375,42983.44921875,4027.260009765625,11838.7197265625,20.350000381469727,85.41000366210938,1744.9000244140625,81.63289642333984
2022-11-28,18562.75,13.56999969482422,30309.650390625,43019.94921875,4026.1201171875,11756.0302734375,20.5,83.62999725341797,1753.300048828125,81.65540313720703
2022-11-29,18618.05078125,13.619999885559082,30345.650390625,43052.94921875,3963.93994140625,11587.75,22.209999084472656,83.19000244140625,1740.0999755859375,81.6697006225586
2022-11-30,18758.349609375,13.8100004196167,30391.69921875,43230.49609375,3957.6298828125,11503.4501953125,21.88999938964844,83.02999877929688,1748.4000244140625,81.65029907226562
2022-12-01,18812.5,13.359999656677246,31120.5,43260.14453125,4080.110107421875,12030.0595703125,20.57999992370605,85.43000030517578,1746.0,81.63089752197266
2022-12-02,18696.099609375,13.449999809265137,31052.099609375,43103.25,4076.570068359375,12041.8896484375,19.84000015258789,86.87999725341797,1801.0999755859375,81.3052978515625
2022-12-05,18701.05078125,13.729999542236328,30891.5,43332.4453125,4071.699951171875,11994.259765625,19.059999465942383,85.56999969482422,1795.9000244140625,81.16220092773438
2022-12-06,18642.75,14.039999961853027,30443.0,43138.05078125,3998.840087890625,11786.7998046875,20.75,82.68000030517578,1767.4000244140625,81.42250061035156
2022-12-07,18560.5,14.079999923706056,30187.05078125,43098.19921875,3941.260009765625,11549.6904296875,22.170000076293945,79.3499984741211,1769.300048828125,81.89900207519531
2022-12-08,18609.349609375,13.399999618530272,30115.0,43596.34375,3933.919921875,11497.3896484375,22.68000030517578,77.16999816894531,1785.5,82.37220001220703
2022-12-09,18496.599609375,13.479999542236328,29168.44921875,43632.94140625,3963.510009765625,11637.5,22.290000915527344,76.1500015258789,1788.699951171875,82.25350189208984
2022-12-12,18497.150390625,13.31999969482422,29050.5,43708.2421875,3934.3798828125,11563.330078125,22.82999992370605,76.0999984741211,1798.0999755859375,82.2791976928711
2022-12-13,18608.0,12.880000114440918,29376.55078125,43946.0390625,3990.56005859375,11706.4404296875,25.0,77.98999786376953,1780.5,82.41300201416016
2022-12-14,18660.30078125,12.890000343322754,29713.900390625,44048.58984375,4019.64990234375,11834.2099609375,22.549999237060547,80.68000030517578,1813.9000244140625,82.64469909667969
2022-12-15,18414.900390625,13.729999542236328,29087.94921875,43497.6953125,3995.320068359375,11740.919921875,21.13999938964844,82.69999694824219,1807.5,82.40249633789062
2022-12-16,18269.0,14.06999969482422,28702.19921875,43218.99609375,3895.75,11345.2197265625,22.82999992370605,81.20999908447266,1777.199951171875,82.50800323486328
2022-12-19,18420.44921875,13.550000190734863,28556.44921875,43413.24609375,3852.360107421875,11243.7197265625,22.6200008392334,79.04000091552734,1790.0,82.85790252685547
2022-12-20,18385.30078125,13.779999732971191,28612.5,43358.99609375,3817.659912109375,11084.58984375,22.420000076293945,79.80000305175781,1787.699951171875,82.72599792480469
2022-12-21,18199.099609375,15.5600004196167,28764.25,42617.453125,3821.6201171875,11072.419921875,21.479999542236328,79.98999786376953,1815.9000244140625,82.58190155029297
2022-12-22,18127.349609375,15.1899995803833,28763.900390625,42408.30859375,3878.43994140625,11235.8798828125,20.06999969482422,82.19999694824219,1815.9000244140625,82.63690185546875
2022-12-23,17806.80078125,16.15999984741211,28237.05078125,41667.56640625,3822.389892578125,10956.1396484375,21.96999931335449,80.9800033569336,1787.0,82.87860107421875
2022-12-27,18132.30078125,15.289999961853027,28636.25,42859.0,3844.820068359375,10985.4501953125,20.8700008392334,83.91999816894531,1795.9000244140625,82.6041030883789
2022-12-28,18122.5,15.399999618530272,28583.44921875,42827.203125,3829.25,10822.509765625,21.649999618530277,84.33000183105469,1814.800048828125,82.90290069580078
2022-12-29,18191.0,14.8100004196167,28687.19921875,43251.84765625,3783.219970703125,10679.33984375,22.13999938964844,83.26000213623047,1807.9000244140625,82.7761001586914
2022-12-30,18105.30078125,14.869999885559082,28621.69921875,42985.94921875,3849.280029296875,10951.0498046875,21.440000534057617,82.26000213623047,1819.5,82.85199737548828
2023-01-02,18197.44921875,14.6899995803833,28737.30078125,43203.1015625,3839.5,10939.759765625,21.670000076293945,85.91000366210938,1819.699951171875,82.83509826660156
2023-01-03,18232.55078125,14.390000343322754,28962.30078125,43425.25,3839.5,10939.759765625,21.670000076293945,85.91000366210938,1819.699951171875,82.74980163574219
2023-01-04,18042.94921875,15.199999809265137,28677.80078125,42958.80078125,3824.139892578125,10862.6396484375,22.899999618530277,82.0999984741211,1839.699951171875,82.70600128173828
2023-01-05,17992.150390625,14.979999542236328,28527.75,42608.69921875,3852.969970703125,10914.7998046875,22.01000022888184,77.83999633789062,1852.800048828125,82.78569793701172
2023-01-06,17859.44921875,15.029999732971191,27956.44921875,42188.80078125,3808.10009765625,10741.2197265625,22.459999084472656,78.69000244140625,1834.800048828125,82.66649627685547
2023-01-09,18101.19921875,14.649999618530272,28748.150390625,42582.75,3895.080078125,11040.349609375,21.1299991607666,78.56999969482422,1864.199951171875,82.64520263671875
2023-01-10,17914.150390625,15.510000228881836,28502.69921875,42014.75,3892.090087890625,11108.4501953125,21.96999931335449,79.6500015258789,1872.699951171875,82.27339935302734
2023-01-11,17895.69921875,15.4399995803833,28596.349609375,42232.69921875,3919.25,11205.7802734375,20.57999992370605,80.0999984741211,1871.5999755859373,82.18009948730469
2023-01-12,17858.19921875,15.279999732971191,28720.30078125,42082.25,3969.610107421875,11402.51953125,21.09000015258789,82.66999816894531,1874.5999755859373,81.63739776611328
2023-01-13,17956.599609375,14.460000038146973,28933.75,42371.25,3983.169921875,11459.6103515625,18.82999992370605,84.02999877929688,1895.5,81.63179779052734
2023-01-16,17894.849609375,15.020000457763672,29264.650390625,42167.55078125,3999.090087890625,11541.48046875,18.350000381469727,85.27999877929688,1918.4000244140625,81.1156005859375
2023-01-17,18053.30078125,14.59000015258789,29498.0,42235.05078125,3999.090087890625,11541.48046875,18.350000381469727,85.27999877929688,1918.4000244140625,81.27799987792969
2023-01-18,18165.349609375,14.369999885559082,29617.80078125,42458.0,3990.969970703125,11557.1904296875,19.36000061035156,85.91999816894531,1907.199951171875,81.65260314941406
2023-01-19,18107.849609375,13.960000038146973,29632.349609375,42328.8515625,3928.860107421875,11410.2900390625,20.34000015258789,84.9800033569336,1904.4000244140625,81.52549743652344
2023-01-20,18027.650390625,13.789999961853027,29529.650390625,42506.80078125,3898.85009765625,11295.669921875,20.520000457763672,86.16000366210938,1922.0999755859373,81.43599700927734
2023-01-23,18118.55078125,13.619999885559082,30086.0,42821.25,3972.610107421875,11619.0302734375,19.850000381469727,87.62999725341797,1926.4000244140625,81.23979949951172
2023-01-24,18118.30078125,13.65999984741211,30316.900390625,42733.44921875,4019.81005859375,11872.5400390625,19.809999465942383,88.19000244140625,1927.0999755859373,80.97599792480469
2023-01-25,17891.94921875,14.65999984741211,30043.900390625,41647.6484375,4016.949951171875,11846.6396484375,19.200000762939453,86.12999725341797,1933.9000244140625,81.48799896240234
2023-01-27,17604.349609375,17.31999969482422,29766.44921875,40345.30078125,4060.429931640625,12051.48046875,18.729999542236328,87.47000122070312,1929.0999755859373,81.50270080566406
2023-01-30,17648.94921875,17.709999084472656,30094.849609375,40387.44921875,4070.56005859375,12166.599609375,18.51000022888184,86.66000366210938,1928.5999755859373,81.44509887695312
2023-01-31,17662.150390625,16.8799991607666,29740.349609375,40655.05078125,4017.77001953125,11912.3896484375,19.940000534057617,84.9000015258789,1922.9000244140625,81.50800323486328
2023-02-01,17616.30078125,16.780000686645508,30018.25,40513.0,4076.60009765625,12101.9296875,19.399999618530277,84.48999786376953,1929.5,81.57990264892578
2023-02-02,17610.400390625,15.729999542236328,30566.75,40669.30078125,4119.2099609375,12363.099609375,17.8700008392334,82.83999633789062,1927.800048828125,81.76840209960938
2023-02-03,17854.05078125,14.399999618530272,30597.650390625,41499.69921875,4179.759765625,12803.1396484375,18.729999542236328,82.16999816894531,1916.300048828125,81.71029663085938
2023-02-06,17764.599609375,14.6899995803833,30411.099609375,41374.6484375,4136.47998046875,12573.3603515625,18.32999992370605,79.94000244140625,1862.9000244140625,82.0458984375
2023-02-07,17721.5,14.130000114440918,30310.69921875,41490.94921875,4111.080078125,12464.509765625,19.43000030517578,80.98999786376953,1866.199951171875,82.22599792480469
2023-02-08,17871.69921875,13.600000381469728,30774.05078125,41537.6484375,4164.0,12728.26953125,18.65999984741211,83.69000244140625,1871.699951171875,82.75499725341797
2023-02-09,17893.44921875,13.039999961853027,30990.849609375,41554.30078125,4117.85986328125,12495.3798828125,19.6299991607666,85.08999633789062,1877.4000244140625,82.74189758300781
2023-02-10,17856.5,12.75,30870.19921875,41559.3984375,4081.5,12381.169921875,20.709999084472656,84.5,1866.199951171875,82.65950012207031
2023-02-13,17770.900390625,13.68000030517578,30289.650390625,41282.19921875,4090.4599609375,12304.919921875,20.530000686645508,86.38999938964844,1862.800048828125,82.533203125
2023-02-14,17929.849609375,13.449999809265137,30588.75,41648.3515625,4137.2900390625,12502.3095703125,20.34000015258789,86.61000061035156,1851.9000244140625,82.51300048828125
2023-02-15,18015.849609375,12.859999656677246,30934.349609375,41731.05078125,4136.1298828125,12590.8896484375,18.90999984741211,85.58000183105469,1854.0,82.59739685058594
2023-02-16,18035.849609375,12.890000343322754,31434.849609375,41631.3515625,4147.60009765625,12687.8896484375,18.229999542236328,85.37999725341797,1834.199951171875,82.86759948730469
2023-02-17,17944.19921875,13.09000015258789,31054.849609375,41131.75,4090.409912109375,12442.48046875,20.170000076293945,85.13999938964844,1842.0,82.73770141601562
2023-02-20,17844.599609375,13.380000114440918,31222.349609375,40701.69921875,4079.090087890625,12358.1796875,20.020000457763672,83.0,1840.4000244140625,82.69529724121094
2023-02-21,17826.69921875,14.010000228881836,30947.25,40673.6015625,4079.090087890625,12358.1796875,20.020000457763672,83.0,1840.4000244140625,82.75800323486328
2023-02-22,17554.30078125,15.59000015258789,30608.19921875,39995.8984375,3997.340087890625,12060.2998046875,22.8700008392334,83.05000305175781,1833.0,82.69750213623047
2023-02-23,17511.25,15.079999923706056,30598.400390625,40001.55078125,3991.050048828125,12066.26953125,22.290000915527344,80.5999984741211,1832.0,82.86119842529297
2023-02-24,17465.80078125,14.1899995803833,30514.900390625,39909.3984375,4012.320068359375,12180.1396484375,21.13999938964844,82.20999908447266,1818.0,82.83529663085938
2023-02-27,17392.69921875,13.880000114440918,29919.19921875,40307.1015625,3970.0400390625,11969.650390625,21.670000076293945,83.16000366210938,1808.800048828125,82.6178970336914
2023-02-28,17303.94921875,14.020000457763672,29663.94921875,40269.05078125,3982.239990234375,12057.7900390625,20.950000762939453,82.44999694824219,1817.0,82.91799926757812
2023-03-01,17450.900390625,13.0,30097.75,40698.1484375,3970.14990234375,12042.1201171875,20.700000762939453,83.88999938964844,1828.9000244140625,82.6520004272461
2023-03-02,17321.900390625,12.970000267028809,29717.44921875,40389.80078125,3951.389892578125,11938.5703125,20.57999992370605,84.30999755859375,1837.699951171875,82.6353988647461
2023-03-03,17594.349609375,12.18000030517578,29817.05078125,41251.3515625,3981.35009765625,12044.8701171875,19.59000015258789,84.75,1833.5,82.4198989868164
2023-03-06,17711.44921875,12.270000457763672,30179.75,41350.3984375,4045.639892578125,12290.8095703125,18.489999771118164,85.83000183105469,1847.699951171875,82.35569763183594
2023-03-08,17754.400390625,12.449999809265137,30065.75,41577.1015625,3986.3701171875,12152.169921875,19.59000015258789,83.29000091552734,1813.9000244140625,81.85440063476562
2023-03-09,17589.599609375,12.729999542236328,29742.349609375,41256.75,3992.010009765625,12215.330078125,19.11000061035156,82.66000366210938,1812.699951171875,82.07460021972656
2023-03-10,17412.900390625,13.40999984741211,29545.5,40485.44921875,3918.320068359375,11995.8798828125,22.61000061035156,81.58999633789062,1829.300048828125,81.9645004272461
2023-03-13,17154.30078125,16.219999313354492,29267.0,39564.69921875,3861.590087890625,11830.2802734375,24.799999237060547,82.77999877929688,1862.0,82.01840209960938
2023-03-14,17043.30078125,16.219999313354492,28784.69921875,39411.3984375,3855.760009765625,11923.169921875,26.520000457763672,80.7699966430664,1911.699951171875,81.95800018310547
2023-03-15,16972.150390625,16.299999237060547,28716.5,39051.5,3919.2900390625,12199.7900390625,23.729999542236328,77.44999694824219,1906.199951171875,82.41739654541016
2023-03-16,16985.599609375,16.219999313354492,28517.25,39132.6015625,3891.929931640625,12251.3203125,26.13999938964844,73.69000244140625,1926.5999755859373,82.30490112304688
2023-03-17,17100.05078125,14.770000457763672,28854.44921875,39598.1015625,3960.280029296875,12581.3896484375,22.989999771118164,74.69999694824219,1919.0,82.7156982421875
2023-03-20,16988.400390625,16.010000228881836,28442.94921875,39361.94921875,3916.639892578125,12519.8798828125,25.51000022888184,72.97000122070312,1969.800048828125,82.622802734375
2023-03-21,17107.5,15.079999923706056,28164.849609375,39894.69921875,3951.570068359375,12562.6103515625,24.149999618530277,73.79000091552734,1979.199951171875,82.53299713134766
2023-03-22,17151.900390625,14.8100004196167,28217.599609375,39999.05078125,4002.8701171875,12741.4404296875,21.3799991607666,75.31999969482422,1938.0,82.52909851074219
2023-03-23,17076.900390625,14.489999771118164,27999.25,39616.8984375,3936.969970703125,12567.150390625,22.26000022888184,76.69000244140625,1946.800048828125,82.677001953125
2023-03-24,16945.05078125,15.239999771118164,27935.650390625,39395.3515625,3948.719970703125,12729.23046875,22.61000061035156,75.91000366210938,1993.800048828125,82.52580261230469
2023-03-27,16985.69921875,15.449999809265137,27948.75,39431.30078125,3970.989990234375,12767.0498046875,21.739999771118164,74.98999786376953,1982.0999755859373,82.26529693603516
2023-03-28,16951.69921875,15.100000381469728,27702.80078125,39567.8984375,3977.530029296875,12673.0703125,20.600000381469727,78.12000274658203,1952.4000244140625,82.33879852294922
2023-03-29,17080.69921875,13.630000114440918,28011.30078125,39910.1484375,3971.27001953125,12610.5703125,19.96999931335449,78.6500015258789,1972.4000244140625,82.21489715576172
2023-03-31,17359.75,12.9399995803833,28698.599609375,40608.6484375,4050.830078125,12963.1396484375,19.020000457763672,79.2699966430664,1980.300048828125,82.25540161132812
2023-04-03,17398.05078125,12.59000015258789,28633.0,40813.05078125,4109.31005859375,13181.349609375,18.700000762939453,79.7699966430664,1969.0,82.10050201416016
2023-04-05,17557.05078125,12.40999984741211,28977.19921875,40999.1484375,4100.60009765625,13100.080078125,19.0,84.94000244140625,2022.199951171875,82.14089965820312
2023-04-06,17599.150390625,11.800000190734863,28764.55078125,41041.0,4090.3798828125,12967.2001953125,19.07999992370605,84.98999786376953,2020.9000244140625,82.11479949951172
2023-04-10,17624.05078125,12.270000457763672,29041.599609375,40834.6484375,4105.02001953125,13062.599609375,18.399999618530277,85.12000274658203,2011.9000244140625,81.831298828125
2023-04-11,17722.30078125,11.979999542236328,28675.75,41366.5,4109.10986328125,13051.23046875,18.96999931335449,84.18000030517578,1989.0999755859373,81.88480377197266
2023-04-12,17812.400390625,12.270000457763672,28980.349609375,41557.94921875,4108.93994140625,12964.150390625,19.100000381469727,85.61000061035156,2004.800048828125,81.98390197753906
2023-04-13,17828.0,11.90999984741211,28342.80078125,42132.55078125,4091.949951171875,12848.349609375,19.09000015258789,87.33000183105469,2010.9000244140625,82.07009887695312
2023-04-17,17706.849609375,12.270000457763672,27008.19921875,42262.55078125,4137.64013671875,13079.51953125,17.06999969482422,86.30999755859375,2002.199951171875,81.68070220947266
2023-04-18,17660.150390625,12.079999923706056,27166.94921875,42265.19921875,4151.31982421875,13087.7099609375,16.950000762939453,84.76000213623047,1994.199951171875,81.84480285644531
2023-04-19,17618.75,12.149999618530272,26687.44921875,42154.0,4154.8701171875,13091.7900390625,16.829999923706055,84.7699966430664,2007.4000244140625,82.00370025634766
2023-04-20,17624.44921875,11.9399995803833,26637.150390625,42269.5,4154.52001953125,13088.7099609375,16.459999084472656,83.12000274658203,1995.199951171875,82.10790252685547
2023-04-21,17624.05078125,11.630000114440918,26822.099609375,42118.0,4129.7900390625,12985.98046875,17.170000076293945,81.0999984741211,2007.5999755859373,82.34010314941406
2023-04-24,17743.400390625,11.670000076293944,27013.650390625,42635.75,4133.52001953125,13000.76953125,16.770000457763672,81.66000366210938,1979.5,82.14089965820312
2023-04-25,17769.25,11.520000457763672,26985.80078125,42678.5,4137.0400390625,12969.759765625,16.889999389648438,82.7300033569336,1989.0999755859373,82.05480194091797
2023-04-26,17813.599609375,11.649999618530272,27065.0,42829.8984375,4071.6298828125,12725.1103515625,18.76000022888184,80.7699966430664,1994.0,81.85230255126953
2023-04-27,17915.05078125,11.43000030517578,27355.25,43000.8515625,4055.989990234375,12806.48046875,18.84000015258789,77.69000244140625,1985.699951171875,81.9916000366211
2023-04-28,18065.0,10.949999809265137,27708.19921875,43233.8984375,4135.35009765625,13160.0302734375,17.030000686645508,78.37000274658203,1989.9000244140625,81.76689910888672
2023-05-02,18147.650390625,11.899999618530272,28025.0,43352.1015625,4167.8701171875,13231.4697265625,16.079999923706055,79.30999755859375,1983.4000244140625,81.74479675292969
2023-05-03,18089.849609375,11.84000015258789,27743.75,43312.69921875,4119.580078125,13113.66015625,17.780000686645508,75.31999969482422,2014.300048828125,81.77469635009766
2023-05-04,18255.80078125,11.729999542236328,27883.19921875,43685.44921875,4090.75,13030.2099609375,18.34000015258789,72.33000183105469,2028.5999755859373,81.77870178222656
2023-05-05,18069.0,12.300000190734863,27719.94921875,42661.19921875,4061.219970703125,12982.48046875,20.09000015258789,72.5,2048.0,81.77999877929688
2023-05-08,18264.400390625,12.640000343322754,27920.94921875,43284.0,4136.25,13259.1298828125,17.190000534057617,75.30000305175781,2017.4000244140625,81.71610260009766
2023-05-09,18265.94921875,12.68000030517578,28125.5,43198.1484375,4138.1201171875,13291.6396484375,16.979999542236328,77.01000213623047,2026.300048828125,81.72979736328125
2023-05-10,18315.099609375,13.079999923706056,28091.75,43331.05078125,4119.169921875,13201.1103515625,17.709999084472656,77.44000244140625,2036.199951171875,81.78710174560547
2023-05-11,18297.0,13.220000267028809,28102.0,43475.30078125,4137.64013671875,13347.830078125,16.940000534057617,76.41000366210938,2030.5,82.1050033569336
2023-05-12,18314.80078125,12.850000381469728,28028.400390625,43793.55078125,4130.6201171875,13389.7802734375,16.93000030517578,74.9800033569336,2014.699951171875,81.9198989868164
2023-05-15,18398.849609375,13.170000076293944,28165.400390625,44072.1015625,4124.080078125,13340.1796875,17.030000686645508,74.16999816894531,2014.5,82.10030364990234
2023-05-16,18286.5,13.289999961853027,28216.0,43903.69921875,4136.27978515625,13413.509765625,17.1200008392334,75.2300033569336,2018.0,82.20030212402344
2023-05-17,18181.75,13.109999656677246,27942.94921875,43698.69921875,4109.89990234375,13426.009765625,17.989999771118164,74.91000366210938,1988.4000244140625,82.2667007446289
2023-05-18,18129.94921875,12.800000190734863,27892.55078125,43752.30078125,4158.77001953125,13589.259765625,16.8700008392334,76.95999908447266,1980.699951171875,82.2959976196289
2023-05-19,18203.400390625,12.300000190734863,28303.650390625,43969.3984375,4198.0498046875,13834.6201171875,16.049999237060547,75.86000061035156,1956.5,82.45030212402344
2023-05-22,18314.400390625,12.56999969482422,29007.30078125,43885.1015625,4191.97998046875,13803.490234375,16.809999465942383,75.58000183105469,1978.699951171875,82.72509765625
2023-05-23,18348.0,12.609999656677246,28873.69921875,43954.44921875,4192.6298828125,13849.740234375,17.209999084472656,75.98999786376953,1974.800048828125,82.90480041503906
2023-05-24,18285.400390625,13.109999656677246,28890.80078125,43677.8515625,4145.580078125,13672.5400390625,18.530000686645508,76.83999633789062,1972.4000244140625,82.82499694824219
2023-05-25,18321.150390625,12.520000457763672,28928.75,43681.3984375,4115.240234375,13604.48046875,20.030000686645508,78.36000061035156,1962.800048828125,82.8906021118164
2023-05-26,18499.349609375,11.899999618530272,29355.900390625,44018.0,4151.27978515625,13938.5302734375,19.13999938964844,76.26000213623047,1943.0999755859373,82.71369934082031
2023-05-29,18598.650390625,12.300000190734863,29240.19921875,44311.8984375,4205.4501953125,14298.41015625,17.950000762939453,76.94999694824219,1944.0999755859373,82.74210357666016
2023-05-30,18633.849609375,12.010000228881836,29297.650390625,44436.3515625,4205.4501953125,14298.41015625,17.950000762939453,76.94999694824219,1944.0999755859373,82.57479858398438
2023-05-31,18534.400390625,11.970000267028809,29319.75,44128.1484375,4205.52001953125,14354.990234375,17.459999084472656,73.54000091552734,1958.0,82.57969665527344
2023-06-01,18487.75,11.600000381469728,29446.25,43790.19921875,4179.830078125,14254.08984375,17.940000534057617,72.66000366210938,1963.9000244140625,82.68389892578125
2023-06-02,18534.099609375,11.130000114440918,29328.150390625,43937.8515625,4221.02001953125,14441.509765625,15.649999618530272,74.27999877929688,1978.0,82.66680145263672
2023-06-05,18593.849609375,11.140000343322754,29238.75,44101.6484375,4282.3701171875,14546.6396484375,14.600000381469728,76.12999725341797,1952.4000244140625,82.27670288085938
2023-06-06,18599.0,11.380000114440918,28689.05078125,44164.55078125,4273.7900390625,14556.5,14.729999542236328,76.70999908447266,1958.0,82.40979766845703
2023-06-07,18726.400390625,11.4399995803833,28913.69921875,44275.30078125,4283.85009765625,14558.08984375,13.960000038146973,76.29000091552734,1965.5,82.51119995117188
2023-06-08,18634.55078125,11.260000228881836,28591.099609375,43995.25,4267.52001953125,14303.2900390625,13.9399995803833,76.94999694824219,1942.699951171875,82.51719665527344
2023-06-09,18563.400390625,11.119999885559082,28355.349609375,43989.0,4293.93017578125,14484.5400390625,13.649999618530272,75.95999908447266,1963.5999755859373,82.61810302734375
2023-06-12,18601.5,11.25,28784.0,43944.19921875,4298.85986328125,14528.3603515625,13.829999923706056,74.79000091552734,1962.199951171875,82.48829650878906
2023-06-13,18716.150390625,11.109999656677246,28899.30078125,44079.8515625,4338.93017578125,14784.2998046875,15.010000228881836,71.83999633789062,1955.300048828125,82.4448013305664
2023-06-14,18755.900390625,11.15999984741211,28855.05078125,43988.0,4369.009765625,14900.849609375,14.609999656677246,74.29000091552734,1944.5999755859373,82.33719635009766
2023-06-15,18688.099609375,11.079999923706056,28699.0,43443.6015625,4372.58984375,15005.6904296875,13.880000114440918,73.19999694824219,1955.300048828125,82.29039764404297
2023-06-16,18826.0,10.84000015258789,28588.80078125,43938.1484375,4425.83984375,15185.48046875,14.5,75.66999816894531,1957.800048828125,82.04499816894531
2023-06-19,18755.44921875,11.229999542236328,28708.30078125,43633.75,4409.58984375,15083.919921875,13.539999961853027,76.61000061035156,1958.4000244140625,81.9126968383789
2023-06-20,18816.69921875,11.130000114440918,28930.80078125,43766.5,4409.58984375,15083.919921875,13.539999961853027,76.61000061035156,1958.4000244140625,81.91480255126953
2023-06-21,18856.849609375,11.289999961853027,29025.69921875,43859.19921875,4388.7099609375,15070.150390625,13.880000114440918,75.9000015258789,1935.5,81.98139953613281
2023-06-22,18771.25,11.550000190734863,28811.150390625,43724.8515625,4365.68994140625,14867.4501953125,13.199999809265137,77.12000274658203,1933.300048828125,81.9917984008789
2023-06-23,18665.5,11.239999771118164,28554.30078125,43622.8984375,4381.89013671875,15042.3203125,12.90999984741211,74.13999938964844,1912.699951171875,81.94149780273438
2023-06-26,18691.19921875,11.399999618530272,28590.099609375,43641.05078125,4348.330078125,14891.48046875,13.4399995803833,73.8499984741211,1919.0999755859373,81.91929626464844
2023-06-27,18817.400390625,10.779999732971191,28800.150390625,44121.5,4328.81982421875,14689.01953125,14.25,74.18000030517578,1923.699951171875,81.98480224609375
2023-06-28,18972.099609375,10.890000343322754,28843.0,44327.80078125,4378.41015625,14945.91015625,13.739999771118164,72.26000213623047,1914.0,82.00650024414062
2023-06-30,19189.05078125,10.800000190734863,29563.0,44747.3515625,4396.43994140625,14939.9501953125,13.539999961853027,74.33999633789062,1909.199951171875,82.02649688720703
2023-07-03,19322.55078125,11.539999961853027,29424.80078125,45158.1015625,4450.3798828125,15179.2099609375,13.59000015258789,74.9000015258789,1921.0999755859373,82.07540130615234
2023-07-04,19389.0,11.699999809265137,29729.849609375,45301.44921875,4455.58984375,15208.6904296875,13.56999969482422,74.6500015258789,1921.699951171875,82.09629821777344
2023-07-05,19398.5,11.880000114440918,29841.849609375,45151.80078125,4455.58984375,15208.6904296875,13.56999969482422,74.6500015258789,1921.699951171875,81.95010375976562
2023-07-06,19497.30078125,11.84000015258789,29805.19921875,45339.8984375,4446.81982421875,15203.7802734375,14.18000030517578,76.6500015258789,1919.5999755859373,82.0071029663086
2023-07-07,19331.80078125,11.529999732971191,29560.44921875,44925.0,4411.58984375,15089.4501953125,15.4399995803833,76.5199966430664,1908.699951171875,82.39409637451172
2023-07-10,19355.900390625,11.460000038146973,29194.75,44860.8515625,4398.9501953125,15036.849609375,14.829999923706056,78.47000122070312,1926.199951171875,82.76840209960938
2023-07-11,19439.400390625,11.010000228881836,29324.80078125,44745.05078125,4409.52978515625,15045.6396484375,15.06999969482422,77.69000244140625,1925.0,82.61530303955078
2023-07-12,19384.30078125,10.9399995803833,29118.05078125,44639.44921875,4439.259765625,15119.0595703125,14.84000015258789,79.4000015258789,1931.300048828125,82.52529907226562
2023-07-13,19413.75,10.9399995803833,29628.19921875,44665.05078125,4472.16015625,15307.23046875,13.539999961853027,80.11000061035156,1956.199951171875,82.39990234375
2023-07-14,19564.5,10.68000030517578,30945.5,44819.30078125,4510.0400390625,15571.98046875,13.609999656677246,81.36000061035156,1959.199951171875,82.00180053710938
2023-07-17,19711.44921875,11.31999969482422,31041.599609375,45449.75,4505.419921875,15565.599609375,13.34000015258789,79.87000274658203,1960.0999755859373,82.03079986572266
2023-07-18,19749.25,11.710000038146973,31371.150390625,45410.8515625,4522.7900390625,15713.2802734375,13.479999542236328,78.5,1952.4000244140625,82.07679748535156
2023-07-19,19833.150390625,11.600000381469728,31353.55078125,45669.30078125,4554.97998046875,15841.349609375,13.300000190734863,79.62999725341797,1977.199951171875,82.06159973144531
2023-07-20,19979.150390625,11.789999961853027,31145.94921875,46186.8984375,4565.72021484375,15826.349609375,13.760000228881836,79.45999908447266,1977.5,82.07540130615234
2023-07-21,19745.0,11.489999771118164,29871.05078125,46075.19921875,4534.8701171875,15466.08984375,13.989999771118164,79.63999938964844,1968.300048828125,82.06169891357422
2023-07-24,19672.349609375,11.649999618530272,29843.44921875,45923.05078125,4536.33984375,15425.669921875,13.600000381469728,81.06999969482422,1964.300048828125,82.0823974609375
2023-07-25,19680.599609375,10.239999771118164,29761.150390625,45845.0,4554.64013671875,15448.01953125,13.90999984741211,82.73999786376953,1960.300048828125,81.99030303955078
2023-07-26,19778.30078125,10.460000038146973,29800.400390625,46062.3515625,4567.4599609375,15561.419921875,13.859999656677246,83.63999938964844,1962.0999755859373,81.81420135498047
2023-07-27,19659.900390625,10.510000228881836,29745.0,45679.30078125,4566.75,15499.259765625,13.1899995803833,82.91999816894531,1968.9000244140625,81.95010375976562
2023-07-28,19646.05078125,10.140000343322754,29490.25,45468.1015625,4537.41015625,15464.9296875,14.40999984741211,84.23999786376953,1945.4000244140625,81.97550201416016
2023-07-31,19753.80078125,10.40999984741211,29928.44921875,45651.1015625,4582.22998046875,15750.9296875,13.329999923706056,84.98999786376953,1960.4000244140625,82.3749008178711
2023-08-01,19733.55078125,10.279999732971191,30288.650390625,45592.5,4588.9599609375,15757.0,13.630000114440918,85.55999755859375,1970.5,82.25279998779297
2023-08-02,19526.55078125,11.279999732971191,30043.599609375,44995.69921875,4576.72998046875,15718.009765625,13.93000030517578,84.91000366210938,1940.699951171875,82.2332992553711
2023-08-03,19381.650390625,11.1899995803833,29971.150390625,44513.44921875,4513.39013671875,15370.740234375,16.09000015258789,83.19999694824219,1937.4000244140625,82.30729675292969
2023-08-04,19517.0,10.56999969482422,30436.099609375,44879.5,4501.89013671875,15353.5400390625,15.920000076293944,85.13999938964844,1932.0,82.7332992553711
2023-08-07,19597.30078125,11.100000381469728,30779.25,44837.5,4478.02978515625,15274.919921875,17.100000381469727,86.23999786376953,1939.5999755859373,82.7843017578125
2023-08-08,19570.849609375,11.329999923706056,30824.94921875,44964.44921875,4518.43994140625,15407.849609375,15.770000457763672,85.33999633789062,1933.5,82.69529724121094
2023-08-09,19632.55078125,11.140000343322754,30940.05078125,44880.69921875,4499.3798828125,15273.0498046875,15.989999771118164,86.16999816894531,1924.0999755859373,82.74829864501953
2023-08-10,19543.099609375,11.399999618530272,30867.0,44541.80078125,4467.7099609375,15101.7099609375,15.960000038146973,87.55000305175781,1915.4000244140625,82.84500122070312
2023-08-11,19428.30078125,11.520000457763672,30819.150390625,44199.1015625,4468.830078125,15128.83984375,15.850000381469728,86.4000015258789,1914.4000244140625,82.86630249023438
2023-08-14,19434.55078125,12.0,31028.900390625,44090.94921875,4464.0498046875,15028.0703125,14.84000015258789,86.80999755859375,1912.9000244140625,82.79989624023438
2023-08-16,19465.0,12.130000114440918,31212.099609375,43946.3984375,4437.85986328125,15037.650390625,16.459999084472656,84.88999938964844,1902.5,83.2333984375
2023-08-17,19365.25,12.239999771118164,31060.19921875,43891.3515625,4404.330078125,14876.4697265625,16.780000686645508,83.44999694824219,1896.0999755859373,83.19419860839844
2023-08-18,19310.150390625,12.140000343322754,30604.05078125,43851.05078125,4370.35986328125,14715.8095703125,17.889999389648438,84.12000274658203,1884.0999755859373,83.23699951171875
2023-08-21,19393.599609375,11.960000038146973,30937.599609375,44002.0,4369.7099609375,14694.83984375,17.299999237060547,84.80000305175781,1886.0999755859373,83.09829711914062
2023-08-22,19396.44921875,11.75,30902.400390625,43993.25,4399.77001953125,14936.6904296875,17.1299991607666,84.45999908447266,1893.300048828125,83.16729736328125
2023-08-23,19444.0,11.729999542236328,30924.099609375,44479.05078125,4387.5498046875,14908.9599609375,16.969999313354492,84.02999877929688,1896.4000244140625,83.1135025024414
2023-08-24,19386.69921875,11.699999809265137,31112.150390625,44496.19921875,4436.009765625,15148.0595703125,15.979999542236328,83.20999908447266,1918.5,83.07330322265625
2023-08-25,19265.80078125,12.079999923706056,30914.55078125,44231.44921875,4376.31005859375,14816.4404296875,17.200000762939453,83.36000061035156,1918.199951171875,82.5447006225586
2023-08-28,19306.05078125,12.399999618530272,30773.599609375,44494.6484375,4405.7099609375,14941.830078125,15.68000030517578,84.4800033569336,1911.0999755859373,82.64140319824219
2023-08-29,19342.650390625,12.229999542236328,30866.05078125,44495.25,4433.31005859375,15052.4599609375,15.079999923706056,84.41999816894531,1917.9000244140625,82.66429901123047
2023-08-30,19347.44921875,11.800000190734863,31103.900390625,44232.6015625,4497.6298828125,15376.5498046875,14.449999809265137,85.48999786376953,1936.5,82.69149780273438
2023-08-31,19253.80078125,12.0600004196167,31164.900390625,43989.1484375,4514.8701171875,15462.4296875,13.880000114440918,85.86000061035156,1944.300048828125,82.49469757080078
2023-09-01,19435.30078125,11.369999885559082,31514.349609375,44436.1015625,4507.66015625,15501.0703125,13.56999969482422,86.86000061035156,1938.199951171875,82.70040130615234
2023-09-04,19528.80078125,10.960000038146973,32163.94921875,44578.30078125,4515.77001953125,15490.8603515625,13.09000015258789,88.55000305175781,1939.800048828125,82.68240356445312
2023-09-05,19574.900390625,10.81999969482422,32365.30078125,44532.1484375,4515.77001953125,15490.8603515625,13.09000015258789,88.55000305175781,1939.800048828125,82.6969985961914
2023-09-06,19611.05078125,10.68000030517578,32312.30078125,44409.1015625,4496.830078125,15508.240234375,14.010000228881836,90.04000091552734,1926.199951171875,82.7345962524414
2023-09-07,19727.05078125,10.869999885559082,32448.349609375,44878.3515625,4465.47998046875,15371.4404296875,14.449999809265137,90.5999984741211,1918.0999755859373,83.08609771728516
2023-09-08,19819.94921875,10.779999732971191,32415.650390625,45156.3984375,4451.14013671875,15258.51953125,14.399999618530272,89.91999816894531,1917.5,83.25740051269531
2023-09-11,19996.349609375,11.350000381469728,32642.80078125,45570.69921875,4457.490234375,15280.23046875,13.84000015258789,90.6500015258789,1918.4000244140625,83.24150085449219
2023-09-12,19993.19921875,11.6899995803833,32977.8984375,45511.3515625,4487.4599609375,15461.8701171875,13.800000190734863,90.63999938964844,1923.300048828125,83.03130340576172
2023-09-13,20070.0,11.829999923706056,32886.69921875,45909.44921875,4461.89990234375,15289.740234375,14.229999542236328,92.05999755859376,1911.300048828125,82.94329833984375
2023-09-14,20103.099609375,11.31999969482422,33045.3984375,46000.8515625,4467.43994140625,15348.5302734375,13.479999542236328,91.87999725341795,1909.0999755859373,82.84300231933594
2023-09-15,20192.349609375,10.899999618530272,33355.05078125,46231.5,4505.10009765625,15473.8896484375,12.81999969482422,93.6999969482422,1910.0,82.93679809570312
2023-09-18,20133.30078125,10.84000015258789,33129.5,45979.8515625,4450.31982421875,15202.400390625,13.789999961853027,93.93000030517578,1923.699951171875,83.0282974243164
2023-09-20,19901.400390625,11.130000114440918,32949.19921875,45384.6015625,4443.9501953125,15191.23046875,14.109999656677246,94.33999633789062,1932.0,83.25489807128906
2023-09-21,19742.349609375,10.81999969482422,32919.94921875,44623.8515625,4402.2001953125,14969.919921875,15.140000343322754,93.52999877929688,1945.5999755859373,83.19499969482422
2023-09-22,19674.25,10.65999984741211,32906.30078125,44612.05078125,4330.0,14694.240234375,17.540000915527344,93.3000030517578,1919.199951171875,83.08699798583984
2023-09-25,19674.55078125,10.899999618530272,32648.599609375,44766.1015625,4320.06005859375,14701.099609375,17.200000762939453,93.2699966430664,1925.4000244140625,82.89129638671875
2023-09-26,19664.69921875,11.1899995803833,32471.0,44624.19921875,4337.43994140625,14768.900390625,16.899999618530273,93.29000091552734,1916.5999755859373,82.97480010986328
2023-09-27,19716.44921875,11.59000015258789,32594.650390625,44588.30078125,4273.52978515625,14545.830078125,18.940000534057617,93.95999908447266,1900.4000244140625,83.0282974243164
2023-09-28,19523.55078125,12.81999969482422,31879.599609375,44300.94921875,4274.509765625,14580.16015625,18.21999931335449,96.5500030517578,1871.5999755859373,83.29869842529297
2023-09-29,19638.30078125,11.449999809265137,31784.400390625,44584.55078125,4299.7001953125,14702.76953125,17.34000015258789,95.37999725341795,1860.4000244140625,83.22270202636719
2023-10-03,19528.75,11.789999961853027,31717.25,44399.05078125,4288.39013671875,14837.5703125,17.610000610351562,90.70999908447266,1830.0,83.03479766845703
2023-10-04,19436.099609375,11.65999984741211,31811.5,43964.05078125,4229.4501953125,14565.6201171875,19.780000686645508,90.91999816894533,1824.5999755859373,83.3593978881836
2023-10-05,19545.75,10.9399995803833,32125.400390625,44213.3515625,4263.75,14776.25,18.57999992370605,85.80999755859375,1818.5,83.22979736328125
2023-10-06,19653.5,10.300000190734863,32341.69921875,44360.6015625,4258.18994140625,14723.2197265625,18.489999771118164,84.06999969482422,1816.5999755859373,83.44979858398438
2023-10-09,19512.349609375,11.399999618530272,32308.55078125,43886.5,4308.5,14973.240234375,17.450000762939453,84.58000183105469,1830.199951171875,83.22489929199219
2023-10-10,19689.849609375,11.270000457763672,32569.44921875,44360.1484375,4335.66015625,15047.150390625,17.700000762939453,88.1500015258789,1849.5,83.12460327148438
2023-10-11,19811.349609375,10.989999771118164,32548.05078125,44516.8984375,4358.240234375,15131.51953125,17.030000686645508,87.6500015258789,1861.0,83.27030181884766
2023-10-12,19794.0,10.619999885559082,32003.650390625,44599.19921875,4376.9501953125,15241.1201171875,16.09000015258789,85.81999969482422,1872.800048828125,83.25029754638672
2023-10-13,19751.05078125,10.619999885559082,31807.94921875,44287.94921875,4349.60986328125,15184.099609375,16.690000534057617,86.0,1869.300048828125,83.21800231933594
2023-10-16,19731.75,11.06999969482422,31750.400390625,44225.8984375,4327.77978515625,14995.1201171875,19.31999969482422,90.88999938964844,1927.4000244140625,83.26239776611328
2023-10-17,19811.5,10.699999809265137,31794.900390625,44409.5,4373.6298828125,15172.73046875,17.209999084472656,89.6500015258789,1921.0999755859373,83.28230285644531
2023-10-18,19671.099609375,10.970000267028809,31606.650390625,43888.69921875,4373.2001953125,15122.009765625,17.8799991607666,89.9000015258789,1922.699951171875,83.19950103759766
2023-10-19,19624.69921875,10.899999618530272,31540.05078125,43754.5,4314.60009765625,14909.259765625,19.21999931335449,91.5,1955.300048828125,83.26429748535156
2023-10-20,19542.650390625,10.81999969482422,31469.349609375,43723.05078125,4278.0,14783.1298828125,21.399999618530277,92.37999725341795,1968.4000244140625,83.26860046386719
2023-10-23,19281.75,10.90999984741211,30848.400390625,43151.19921875,4224.16015625,14560.8798828125,21.709999084472656,92.16000366210938,1982.5,83.12229919433594
2023-10-25,19122.150390625,11.3100004196167,30530.5,42832.0,4247.68017578125,14745.8603515625,18.96999931335449,88.06999969482422,1975.0,83.02940368652344
2023-10-26,18857.25,11.729999542236328,30225.650390625,42280.1484375,4186.77001953125,14381.6396484375,20.190000534057617,90.12999725341795,1984.0999755859373,82.98780059814453
2023-10-27,19047.25,10.90999984741211,30599.69921875,42782.0,4137.22998046875,14109.5703125,20.68000030517578,87.93000030517578,1987.199951171875,83.1709976196289
2023-10-30,19140.900390625,11.489999771118164,30641.0,43039.1484375,4117.3701171875,14180.419921875,21.270000457763672,90.4800033569336,1988.5999755859373,83.28250122070312
2023-10-31,19079.599609375,11.829999923706056,30582.25,42845.94921875,4166.81982421875,14335.509765625,19.75,87.44999694824219,1996.199951171875,83.41339874267578
2023-11-01,18989.150390625,12.050000190734863,30344.849609375,42700.94921875,4193.7998046875,14409.7802734375,18.13999938964844,87.41000366210938,1985.199951171875,83.29650115966797
2023-11-02,19133.25,11.079999923706056,30582.75,43017.19921875,4237.85986328125,14664.91015625,16.8700008392334,84.62999725341797,1978.800048828125,83.2771987915039
2023-11-03,19230.599609375,10.880000114440918,30779.94921875,43318.25,4317.77978515625,14919.5498046875,15.65999984741211,86.8499984741211,1985.5999755859373,85.19400024414062
2023-11-06,19411.75,11.109999656677246,30972.94921875,43619.3984375,4358.33984375,15099.490234375,14.90999984741211,84.88999938964844,1991.5,83.24729919433594
2023-11-07,19406.69921875,11.1899995803833,30981.599609375,43737.8984375,4365.97998046875,15154.9296875,14.890000343322754,85.18000030517578,1981.5999755859373,83.15850067138672
2023-11-08,19443.5,11.039999961853027,30917.19921875,43658.6484375,4378.3798828125,15296.01953125,14.8100004196167,81.61000061035156,1966.800048828125,83.2228012084961
2023-11-09,19395.30078125,10.979999542236328,30717.69921875,43683.6015625,4382.77978515625,15313.240234375,14.449999809265137,79.54000091552734,1951.5,83.23269653320312
2023-11-10,19425.349609375,11.109999656677246,30639.05078125,43820.1015625,4347.35009765625,15187.900390625,15.289999961853027,80.01000213623047,1964.199951171875,83.21769714355469
2023-11-13,19443.55078125,11.1899995803833,30635.849609375,43891.25,4415.240234375,15529.1201171875,14.170000076293944,81.43000030517578,1932.5999755859373,83.31939697265625
2023-11-15,19675.44921875,11.140000343322754,31429.349609375,44201.69921875,4495.7001953125,15812.4697265625,14.15999984741211,82.47000122070312,1961.800048828125,83.19760131835938
2023-11-16,19765.19921875,11.649999618530272,32273.349609375,44161.55078125,4502.8798828125,15817.1796875,14.18000030517578,81.18000030517578,1960.0999755859373,82.98159790039062
2023-11-17,19731.80078125,11.829999923706056,32191.349609375,43583.94921875,4508.240234375,15833.169921875,14.31999969482422,77.41999816894531,1983.9000244140625,83.18620300292969
2023-11-20,19694.0,12.149999618530272,32383.19921875,43584.94921875,4514.02001953125,15837.990234375,13.800000190734863,80.61000061035156,1981.5999755859373,83.12030029296875
2023-11-21,19783.400390625,12.229999542236328,32325.69921875,43689.1484375,4547.3798828125,16027.0595703125,13.40999984741211,82.31999969482422,1977.699951171875,83.29149627685547
2023-11-22,19811.849609375,11.869999885559082,32564.400390625,43449.6015625,4538.18994140625,15933.6201171875,13.350000381469728,82.44999694824219,1999.300048828125,83.32219696044922
2023-11-23,19802.0,11.31999969482422,32370.650390625,43577.5,4556.6201171875,16001.3896484375,12.850000381469728,81.95999908447266,1991.4000244140625,83.345703125
2023-11-24,19794.69921875,11.329999923706056,32055.150390625,43769.1015625,4556.6201171875,16001.3896484375,12.850000381469728,81.37000274658203,1991.4000244140625,83.54830169677734
2023-11-28,19889.69921875,12.18000030517578,32118.5,43880.94921875,4550.43017578125,15961.98046875,12.6899995803833,79.9800033569336,2011.800048828125,83.31449890136719
2023-11-29,20096.599609375,12.710000038146973,32608.400390625,44566.44921875,4554.89013671875,16010.4296875,12.6899995803833,81.68000030517578,2039.699951171875,83.364501953125
2023-11-30,20133.150390625,12.6899995803833,32582.19921875,44481.75,4550.580078125,15987.599609375,12.979999542236328,83.0999984741211,2047.0999755859373,83.41809844970703
2023-12-01,20267.900390625,12.380000114440918,32598.69921875,44814.19921875,4567.7998046875,15947.8701171875,12.920000076293944,82.83000183105469,2038.0999755859373,83.3302993774414
2023-12-04,20686.80078125,12.989999771118164,32665.55078125,46431.3984375,4594.6298828125,15997.580078125,12.630000114440918,78.87999725341797,2071.0,83.35269927978516
2023-12-05,20855.099609375,13.460000038146973,32479.150390625,47012.25,4569.77978515625,15839.669921875,13.079999923706056,78.02999877929688,2024.0999755859373,83.21859741210938
2023-12-06,20937.69921875,13.739999771118164,33022.6015625,46834.55078125,4567.18017578125,15877.7099609375,12.850000381469728,77.19999694824219,2018.5,83.41709899902344
2023-12-07,20901.150390625,12.670000076293944,32961.6015625,46841.3984375,4549.33984375,15788.0498046875,12.970000267028809,74.30000305175781,2030.5,83.31590270996094
2023-12-08,20969.400390625,12.470000267028809,33392.8984375,47262.0,4585.58984375,16022.490234375,13.0600004196167,74.05000305175781,2029.9000244140625,83.28959655761719
2023-12-11,20997.099609375,12.760000228881836,33514.25,47314.25,4604.3701171875,16084.6904296875,12.350000381469728,75.83999633789062,1998.300048828125,83.35489654541016
2023-12-12,20906.400390625,12.710000038146973,33493.8984375,47097.55078125,4622.43994140625,16221.73046875,12.630000114440918,76.02999877929688,1978.0,83.43009948730469
2023-12-13,20926.349609375,12.06999969482422,33066.6484375,47092.25,4643.7001953125,16354.25,12.06999969482422,73.23999786376953,1977.800048828125,83.34349822998047
2023-12-14,21182.69921875,12.31999969482422,34223.3515625,47732.30078125,4707.08984375,16562.369140625,12.1899995803833,74.26000213623047,1982.300048828125,83.39600372314453
2023-12-15,21456.650390625,13.130000114440918,35782.44921875,48143.55078125,4719.5498046875,16537.830078125,12.479999542236328,76.61000061035156,2030.199951171875,83.2853012084961
2023-12-18,21418.650390625,13.899999618530272,35685.55078125,47867.69921875,4719.18994140625,16623.44921875,12.279999732971191,76.55000305175781,2021.0999755859373,83.29660034179688
2023-12-19,21453.099609375,13.869999885559082,35345.0,47870.8984375,4740.56005859375,16729.80078125,12.5600004196167,77.94999694824219,2026.300048828125,83.04170227050781
2023-12-20,21150.150390625,14.449999809265137,34741.05078125,47445.30078125,4768.3701171875,16811.849609375,12.529999732971191,79.2300033569336,2038.4000244140625,83.11119842529297
2023-12-21,21255.05078125,13.760000228881836,34846.05078125,47840.1484375,4698.35009765625,16554.16015625,13.670000076293944,79.69999694824219,2034.5,83.09159851074219
2023-12-22,21349.400390625,13.710000038146973,35637.80078125,47491.8515625,4746.75,16757.41015625,13.649999618530272,79.38999938964844,2039.0999755859373,83.26719665527344
2023-12-26,21441.349609375,14.68000030517578,35493.44921875,47724.8515625,4754.6298828125,16777.400390625,13.029999732971191,79.06999969482422,2057.10009765625,83.16500091552734
2023-12-27,21654.75,15.5600004196167,35741.0,48282.19921875,4774.75,16878.4609375,12.989999771118164,81.06999969482422,2058.199951171875,83.17230224609375
2023-12-28,21778.69921875,15.140000343322754,35691.6484375,48508.55078125,4781.580078125,16906.80078125,12.43000030517578,79.6500015258789,2081.89990234375,83.18280029296875
2023-12-29,21731.400390625,14.5,35515.0,48292.25,4783.35009765625,16898.470703125,12.470000267028809,78.38999938964844,2073.89990234375,83.26719665527344
2024-01-02,21665.80078125,14.579999923706056,35283.1015625,47761.6484375,4769.830078125,16825.9296875,12.449999809265137,77.04000091552734,2062.39990234375,83.24859619140625
2024-01-03,21517.349609375,14.100000381469728,34395.44921875,47704.94921875,4742.830078125,16543.939453125,13.199999809265137,75.88999938964844,2064.39990234375,83.20259857177734
2024-01-04,21658.599609375,13.329999923706056,34409.3984375,48195.8515625,4704.81005859375,16368.490234375,14.039999961853027,78.25,2034.199951171875,83.25700378417969
2024-01-05,21710.80078125,12.630000114440918,34851.75,48159.0,4688.68017578125,16282.009765625,14.130000114440918,77.58999633789062,2042.300048828125,83.31809997558594
2024-01-08,21513.0,13.460000038146973,34514.6484375,47450.25,4697.240234375,16305.98046875,13.350000381469728,78.76000213623047,2042.4000244140625,83.2406005859375
2024-01-09,21544.849609375,13.260000228881836,34662.44921875,47242.6484375,4763.5400390625,16649.869140625,13.079999923706056,76.12000274658203,2026.5999755859373,83.19110107421875
2024-01-10,21618.69921875,12.970000267028809,34834.3515625,47360.8515625,4756.5,16678.69921875,12.760000228881836,77.58999633789062,2026.4000244140625,83.05069732666016
2024-01-11,21647.19921875,12.770000457763672,34735.25,47438.3515625,4783.4501953125,16793.05078125,12.6899995803833,76.80000305175781,2021.699951171875,83.131103515625
2024-01-12,21894.55078125,13.100000381469728,36521.69921875,47709.80078125,4780.240234375,16820.900390625,12.4399995803833,77.41000366210938,2014.300048828125,83.02559661865234
2024-01-15,22097.44921875,13.789999961853027,37201.94921875,48158.30078125,4783.830078125,16832.919921875,12.699999809265137,78.29000091552734,2046.699951171875,83.07610321044922
2024-01-16,22032.30078125,13.56999969482422,36727.1015625,48125.1015625,4783.830078125,16832.919921875,12.699999809265137,78.29000091552734,2046.699951171875,82.87210083007812
2024-01-17,21571.94921875,15.079999923706056,36960.3984375,46064.44921875,4765.97998046875,16830.7109375,13.84000015258789,78.29000091552734,2026.0,82.8593978881836
2024-01-18,21462.25,14.06999969482422,36730.5,45713.55078125,4739.2099609375,16736.279296875,14.789999961853027,77.87999725341797,2002.5999755859373,83.08899688720703
2024-01-19,21622.400390625,13.880000114440918,37069.25,45701.1484375,4780.93994140625,16982.2890625,14.130000114440918,79.0999984741211,2018.5999755859373,83.17759704589844
2024-01-23,21238.80078125,14.850000381469728,36521.3515625,45015.05078125,4850.43017578125,17330.380859375,13.1899995803833,80.05999755859375,2019.800048828125,83.12470245361328
2024-01-24,21453.94921875,14.380000114440918,37090.1484375,45082.3984375,4864.60009765625,17404.2109375,12.550000190734863,79.55000305175781,2023.699951171875,83.09510040283203
2024-01-25,21352.599609375,13.869999885559082,36496.19921875,44866.1484375,4868.5498046875,17499.30078125,13.140000343322754,80.04000091552734,2013.9000244140625,83.22139739990234
2024-01-29,21737.599609375,15.68000030517578,36531.8984375,45442.3515625,4890.97021484375,17421.009765625,13.260000228881836,83.55000305175781,2016.800048828125,83.14610290527344
2024-01-30,21522.099609375,16.100000381469727,36381.94921875,45367.75,4927.93017578125,17596.26953125,13.600000381469728,82.4000015258789,2025.199951171875,83.12129974365234
2024-01-31,21725.69921875,16.049999237060547,36638.3984375,45996.80078125,4924.97021484375,17476.7109375,13.3100004196167,82.87000274658203,2031.5,83.1530990600586
2024-02-01,21697.44921875,14.460000038146973,36534.55078125,46188.6484375,4845.64990234375,17137.240234375,14.350000381469728,81.70999908447266,2048.39990234375,83.10970306396484
2024-02-02,21853.80078125,14.699999809265137,37323.25,45970.94921875,4906.18994140625,17344.7109375,13.880000114440918,78.69999694824219,2053.0,83.05359649658203
2024-02-05,21771.69921875,15.619999885559082,37162.1484375,45825.55078125,4958.60986328125,17642.73046875,13.850000381469728,77.33000183105469,2036.0999755859373,82.92759704589844
2024-02-06,21929.400390625,15.789999961853027,38246.30078125,45690.80078125,4942.81005859375,17613.0390625,13.670000076293944,77.98999786376953,2025.699951171875,82.99929809570312
2024-02-07,21930.5,15.510000228881836,37767.75,45818.5,4954.22998046875,17572.73046875,13.0600004196167,78.58999633789062,2034.5,83.10369873046875
2024-02-08,21717.94921875,15.829999923706056,37851.6015625,45012.0,4995.06005859375,17755.0703125,12.829999923706056,79.20999908447266,2035.199951171875,83.07060241699219
2024-02-09,21782.5,15.449999809265137,37699.25,45634.55078125,4997.91015625,17783.169921875,12.789999961853027,81.62999725341797,2032.199951171875,83.01260375976562
2024-02-12,21616.05078125,16.059999465942383,37998.0,44882.25,5026.60986328125,17962.41015625,12.93000030517578,82.19000244140625,2023.300048828125,82.98529815673828
2024-02-13,21743.25,15.8100004196167,38204.0,45502.3984375,5021.83984375,17882.66015625,13.93000030517578,82.0,2018.199951171875,83.0145034790039
2024-02-14,21840.05078125,15.4399995803833,37775.3984375,45908.30078125,4953.169921875,17600.419921875,15.850000381469728,82.7699966430664,1992.9000244140625,82.99019622802734
2024-02-15,21910.75,15.229999542236328,37999.55078125,46218.8984375,5000.6201171875,17807.630859375,14.380000114440918,81.5999984741211,1990.300048828125,83.07460021972656
2024-02-16,22040.69921875,15.220000267028809,38477.05078125,46384.8515625,5029.72998046875,17845.720703125,14.010000228881836,82.86000061035156,2002.0999755859373,83.04309844970703
2024-02-20,22196.94921875,16.06999969482422,38029.69921875,47094.19921875,5005.56982421875,17685.98046875,14.239999771118164,83.47000122070312,2011.5,83.01599884033203
2024-02-21,22055.05078125,15.93000030517578,37405.8984375,47019.69921875,4975.509765625,17546.099609375,15.420000076293944,82.33999633789062,2027.5,83.02100372314453
2024-02-22,22217.44921875,15.199999809265137,38130.1484375,46919.80078125,4981.7998046875,17478.91015625,15.34000015258789,83.02999877929688,2022.300048828125,82.8291015625
2024-02-23,22212.69921875,14.970000267028809,38045.6484375,46811.75,5087.02978515625,18004.69921875,14.539999961853027,83.66999816894531,2019.699951171875,82.93840026855469
2024-02-26,22122.05078125,15.600000381469728,37598.6484375,46576.5,5088.7998046875,17937.609375,13.75,81.62000274658203,2038.5999755859373,82.87229919433594
2024-02-27,22198.349609375,15.729999542236328,37870.25,46588.05078125,5069.52978515625,17933.330078125,13.739999771118164,82.52999877929688,2028.5,82.88179779052734
2024-02-28,21951.150390625,16.329999923706055,37741.75,45963.1484375,5078.18017578125,17971.05078125,13.43000030517578,83.6500015258789,2034.0,82.85199737548828
2024-02-29,21982.80078125,15.56999969482422,37720.3984375,46120.8984375,5069.759765625,17874.5,13.84000015258789,83.68000030517578,2033.0,82.94819641113281
2024-03-01,22338.75,15.239999771118164,37516.05078125,47286.8984375,5096.27001953125,18043.849609375,13.399999618530272,83.62000274658203,2045.699951171875,82.91190338134766
2024-03-04,22405.599609375,14.920000076293944,37314.80078125,47456.1015625,5137.080078125,18302.91015625,13.109999656677246,83.55000305175781,2086.89990234375,82.910400390625
2024-03-05,22356.30078125,14.380000114440918,36720.75,47581.0,5130.9501953125,18226.48046875,13.489999771118164,82.80000305175781,2117.699951171875,82.84609985351562
2024-03-06,22474.05078125,14.300000190734863,37001.80078125,47965.3984375,5078.64990234375,17897.869140625,14.460000038146973,82.04000091552734,2133.5,82.9104995727539
2024-03-07,22493.55078125,13.609999656677246,37099.8984375,47835.80078125,5104.759765625,18017.5703125,14.5,82.95999908447266,2150.300048828125,82.88480377197266
2024-03-11,22332.650390625,14.0,36988.30078125,47327.8515625,5123.68994140625,18018.44921875,14.739999771118164,82.08000183105469,2178.60009765625,82.7522964477539
2024-03-12,22335.69921875,13.640000343322754,37224.25,47282.3984375,5117.93994140625,17951.689453125,15.220000267028809,82.20999908447266,2182.5,82.7520980834961
2024-03-13,21997.69921875,14.43000030517578,36946.44921875,46981.30078125,5175.27001953125,18219.109375,13.84000015258789,81.91999816894531,2160.39990234375,82.7782974243164
2024-03-14,22146.650390625,13.619999885559082,37679.6015625,46789.94921875,5165.31005859375,18068.470703125,13.75,84.02999877929688,2175.39990234375,82.83509826660156
2024-03-15,22023.349609375,13.6899995803833,37500.69921875,46594.1015625,5150.47998046875,18014.810546875,14.399999618530272,85.41999816894531,2163.0,82.83110046386719
2024-03-18,22055.69921875,13.899999618530272,36886.05078125,46575.8984375,5117.08984375,17808.25,14.40999984741211,85.33999633789062,2157.300048828125,82.9655990600586
2024-03-19,21817.44921875,14.109999656677246,35814.6484375,46384.80078125,5149.419921875,17985.009765625,14.329999923706056,86.88999938964844,2160.699951171875,82.88890075683594
2024-03-20,21839.099609375,13.470000267028809,35748.8984375,46310.8984375,5178.509765625,18032.19921875,13.81999969482422,87.37999725341797,2156.300048828125,82.86360168457031
2024-03-21,22011.94921875,12.510000228881836,36026.80078125,46684.8984375,5224.6201171875,18240.109375,13.039999961853027,85.94999694824219,2157.89990234375,83.04239654541016
2024-03-22,22096.75,12.220000267028809,35188.3984375,46863.75,5241.52978515625,18320.380859375,12.920000076293944,85.77999877929688,2182.39990234375,83.05460357666016
2024-03-26,22004.69921875,12.81999969482422,34969.1015625,46600.19921875,5218.18994140625,18277.060546875,13.1899995803833,86.75,2174.800048828125,83.59359741210938
2024-03-27,22123.650390625,12.699999809265137,34744.3515625,46785.94921875,5203.580078125,18210.5390625,13.239999771118164,86.25,2175.60009765625,83.41739654541016
2024-03-28,22326.900390625,12.829999923706056,34898.1484375,47124.6015625,5248.490234375,18280.83984375,12.779999732971191,86.08999633789062,2190.60009765625,83.34549713134766
2024-04-01,22462.0,12.079999923706056,35042.80078125,47578.25,5254.35009765625,18254.689453125,13.010000228881836,87.4800033569336,2217.39990234375,83.39299774169922
2024-04-02,22453.30078125,11.649999618530272,34793.94921875,47545.44921875,5243.77001953125,18293.19921875,13.649999618530272,87.41999816894531,2236.5,83.36479949951172
2024-04-03,22434.650390625,11.369999885559082,35047.3984375,47624.25,5205.81005859375,18121.779296875,14.609999656677246,88.91999816894531,2261.0,83.40969848632812
2024-04-04,22514.650390625,11.220000267028809,35426.69921875,48060.80078125,5211.490234375,18160.189453125,14.329999923706056,89.3499984741211,2294.39990234375,83.35030364990234
2024-04-05,22513.69921875,11.34000015258789,35247.8984375,48493.05078125,5147.2099609375,17878.779296875,16.350000381469727,90.6500015258789,2288.800048828125,83.37329864501953
2024-04-08,22666.30078125,11.609999656677246,35064.1484375,48581.69921875,5204.33984375,18108.4609375,16.030000686645508,91.16999816894533,2325.699951171875,83.47779846191406
2024-04-09,22642.75,11.359999656677246,35079.3515625,48730.55078125,5202.39013671875,18100.189453125,15.1899995803833,90.37999725341795,2331.699951171875,83.29679870605469
2024-04-10,22753.80078125,11.109999656677246,35293.1484375,48986.6015625,5209.91015625,18169.900390625,14.979999542236328,89.41999816894531,2343.5,83.26959991455078
2024-04-12,22519.400390625,11.529999732971191,35018.1015625,48564.55078125,5199.06005859375,18307.98046875,14.90999984741211,89.73999786376953,2354.800048828125,83.4126968383789
2024-04-15,22272.5,12.470000267028809,34463.6015625,47773.25,5123.41015625,18003.490234375,17.309999465942383,90.4499969482422,2356.199951171875,83.34929656982422
2024-04-16,22147.900390625,12.619999885559082,33574.94921875,47484.80078125,5061.81982421875,17706.830078125,19.229999542236328,90.0999984741211,2365.800048828125,83.61109924316406
2024-04-18,21995.849609375,13.039999961853027,33498.6484375,47069.44921875,5022.2099609375,17493.619140625,18.209999084472656,87.29000091552734,2371.699951171875,83.6675033569336
2024-04-19,22147.0,13.460000038146973,33368.30078125,47574.1484375,5011.1201171875,17394.310546875,18.0,87.11000061035156,2382.300048828125,83.5958023071289
2024-04-22,22336.400390625,12.699999809265137,33538.80078125,47924.8984375,4967.22998046875,17037.650390625,18.709999084472656,87.29000091552734,2398.39990234375,83.54499816894531
2024-04-23,22368.0,10.199999809265137,33714.55078125,47970.44921875,5010.60009765625,17210.890625,16.940000534057617,87.0,2332.199951171875,83.38529968261719
2024-04-24,22402.400390625,10.279999732971191,33442.55078125,48189.0,5070.5498046875,17471.470703125,15.6899995803833,88.41999816894531,2327.699951171875,83.38619995117188
2024-04-25,22570.349609375,10.729999542236328,33554.44921875,48494.94921875,5071.6298828125,17526.80078125,15.970000267028809,88.0199966430664,2324.5,83.2833023071289
2024-04-26,22419.94921875,10.93000030517578,33666.25,48201.05078125,5048.419921875,17430.5,15.369999885559082,89.01000213623047,2329.800048828125,83.3405990600586
2024-04-29,22643.400390625,12.239999771118164,33579.3984375,49424.05078125,5099.9599609375,17718.30078125,15.029999732971191,89.5,2334.800048828125,83.30180358886719
2024-04-30,22604.849609375,12.869999885559082,33200.94921875,49396.75,5116.169921875,17782.720703125,14.670000076293944,88.4000015258789,2345.39990234375,83.40229797363281
2024-05-02,22648.19921875,13.449999809265137,33203.3515625,49231.05078125,5018.39013671875,17318.55078125,15.390000343322754,83.44000244140625,2299.89990234375,83.49839782714844
2024-05-03,22475.849609375,14.619999885559082,32908.3984375,48923.55078125,5064.2001953125,17541.5390625,14.68000030517578,83.66999816894531,2299.199951171875,83.40640258789062
2024-05-06,22442.69921875,16.600000381469727,33217.1484375,48895.30078125,5127.7900390625,17890.80078125,13.489999771118164,82.95999908447266,2299.0,83.40630340576172
2024-05-07,22302.5,17.010000228881836,33473.0,48285.3515625,5180.740234375,18093.5703125,13.489999771118164,83.33000183105469,2321.60009765625,83.37999725341797
2024-05-08,22302.5,17.079999923706055,33335.1484375,48021.1015625,5187.7001953125,18091.44921875,13.229999542236328,83.16000366210938,2315.199951171875,83.4728012084961
2024-05-09,21957.5,18.200000762939453,33205.8515625,47487.8984375,5187.669921875,18085.009765625,13.0,83.58000183105469,2313.60009765625,83.46990203857422
2024-05-10,22055.19921875,18.46999931335449,32935.1484375,47421.1015625,5214.080078125,18113.4609375,12.6899995803833,83.87999725341797,2332.10009765625,83.46430206298828
2024-05-13,22104.05078125,20.600000381469727,33074.6015625,47754.1015625,5222.68017578125,18161.1796875,12.550000190734863,82.79000091552734,2367.300048828125,83.45939636230469
2024-05-14,22217.849609375,20.200000762939453,33122.8515625,47859.44921875,5221.419921875,18198.609375,13.600000381469728,83.36000061035156,2336.10009765625,83.5248031616211
2024-05-15,22200.55078125,20.270000457763672,33117.3984375,47687.44921875,5246.68017578125,18322.76953125,13.420000076293944,82.37999725341797,2353.39990234375,83.50550079345703
2024-05-16,22403.849609375,20.0,33668.44921875,47977.05078125,5308.14990234375,18596.650390625,12.449999809265137,82.75,2388.699951171875,83.52420043945312
2024-05-17,22466.099609375,19.799999237060547,33381.8515625,48115.6484375,5297.10009765625,18557.9609375,12.420000076293944,83.2699966430664,2380.0,83.40509796142578
2024-05-21,22529.05078125,21.809999465942383,33379.75,48048.19921875,5308.1298828125,18674.189453125,12.149999618530272,83.70999908447266,2433.89990234375,83.30039978027344
2024-05-22,22597.80078125,21.46999931335449,33613.1015625,47781.94921875,5321.41015625,18713.80078125,11.859999656677246,82.87999725341797,2421.699951171875,83.31500244140625
2024-05-23,22967.650390625,21.3799991607666,34042.8515625,48768.6015625,5307.009765625,18705.19921875,12.289999961853027,81.9000015258789,2389.199951171875,83.31680297851562
2024-05-24,22957.099609375,21.709999084472656,33824.30078125,48971.6484375,5267.83984375,18623.390625,12.770000457763672,81.36000061035156,2335.0,83.26709747314453
2024-05-27,22932.44921875,23.190000534057617,33995.25,49281.80078125,5304.72021484375,18808.349609375,11.93000030517578,82.12000274658203,2332.5,83.2863998413086
2024-05-28,22888.150390625,24.200000762939453,33880.8515625,49142.1484375,5304.72021484375,18808.349609375,11.93000030517578,82.12000274658203,2332.5,83.05220031738281
2024-05-29,22704.69921875,24.18000030517578,33542.69921875,48501.3515625,5306.0400390625,18869.439453125,12.920000076293944,84.22000122070312,2355.199951171875,83.14569854736328
2024-05-30,22488.650390625,24.18000030517578,32806.75,48682.3515625,5266.9501953125,18736.75,14.279999732971191,83.5999984741211,2340.300048828125,83.20649719238281
2024-05-31,22530.69921875,24.600000381469727,32386.099609375,48983.94921875,5235.47998046875,18538.66015625,14.470000267028809,81.86000061035156,2342.89990234375,83.3656005859375
2024-06-03,23263.900390625,20.940000534057617,32511.400390625,50979.94921875,5277.509765625,18536.650390625,12.920000076293944,81.62000274658203,2322.89990234375,83.3208999633789
2024-06-04,21884.5,26.75,32315.55078125,46928.6015625,5283.39990234375,18600.970703125,13.109999656677246,78.36000061035156,2346.60009765625,83.45079803466797
2024-06-05,22620.349609375,18.88999938964844,33087.94921875,49054.6015625,5291.33984375,18654.83984375,13.15999984741211,77.5199966430664,2325.5,83.09339904785156
2024-06-06,22821.400390625,16.799999237060547,34023.80078125,49291.8984375,5354.02978515625,19035.05078125,12.630000114440918,78.41000366210938,2354.10009765625,83.62940216064453
2024-06-07,23290.150390625,16.8799991607666,35169.8984375,49803.19921875,5352.9599609375,19021.189453125,12.579999923706056,79.87000274658203,2370.300048828125,83.38079833984375
2024-06-10,23259.19921875,16.399999618530273,34526.25,49780.8984375,5346.990234375,19000.94921875,12.220000267028809,79.62000274658203,2305.199951171875,83.47309875488281
2024-06-11,23264.849609375,14.770000457763672,34531.44921875,49705.75,5360.7900390625,19074.669921875,12.739999771118164,81.62999725341797,2307.699951171875,83.52760314941406
2024-06-12,23322.94921875,14.390000343322754,34547.44921875,49895.1015625,5375.31982421875,19210.1796875,12.850000381469728,81.91999816894531,2307.5,83.52980041503906
2024-06-13,23398.900390625,13.489999771118164,34902.05078125,49846.69921875,5421.02978515625,19465.1796875,12.039999961853027,82.5999984741211,2336.0,83.5968017578125
2024-06-14,23465.599609375,12.81999969482422,34598.55078125,50002.0,5433.740234375,19576.919921875,11.9399995803833,82.75,2300.199951171875,83.5343017578125
2024-06-18,23557.900390625,12.970000267028809,34802.94921875,50440.8984375,5473.22998046875,19902.75,12.75,84.25,2312.39990234375,83.55180358886719
2024-06-19,23516.0,13.710000038146973,34927.1015625,51398.05078125,5487.02978515625,19908.859375,12.300000190734863,85.33000183105469,2330.39990234375,83.51010131835938
2024-06-20,23567.0,13.350000381469728,34936.44921875,51783.25,5487.02978515625,19908.859375,12.300000190734863,85.33000183105469,2330.39990234375,83.37409973144531
2024-06-21,23501.099609375,13.18000030517578,35200.30078125,51661.44921875,5473.169921875,19752.30078125,13.279999732971191,85.70999908447266,2353.800048828125,83.41950225830078
2024-06-24,23537.849609375,14.0600004196167,35143.80078125,51703.94921875,5464.6201171875,19700.4296875,13.199999809265137,85.23999786376953,2316.39990234375,83.60160064697266
2024-06-25,23721.30078125,14.3100004196167,35426.8984375,52606.0,5447.8701171875,19474.619140625,13.329999923706056,86.01000213623047,2330.0,83.5625
2024-06-26,23868.80078125,14.050000190734863,35406.6015625,52870.5,5469.2998046875,19701.130859375,12.84000015258789,85.01000213623047,2316.60009765625,83.46040344238281
2024-06-27,24044.5,14.149999618530272,36123.69921875,52811.30078125,5477.89990234375,19751.05078125,12.550000190734863,85.25,2299.199951171875,83.41459655761719
2024-06-28,24010.599609375,13.800000190734863,36157.5,52342.25,5482.8701171875,19789.029296875,12.239999771118164,86.38999938964844,2324.5,83.58039855957031
2024-07-01,24141.94921875,13.829999923706056,36869.19921875,52574.75,5460.47998046875,19682.869140625,12.4399995803833,86.41000366210938,2327.699951171875,83.45089721679688
2024-07-02,24123.849609375,13.640000343322754,37299.1484375,52168.1015625,5475.08984375,19812.220703125,12.220000267028809,86.5999984741211,2327.60009765625,83.36750030517578
2024-07-03,24286.5,13.210000038146973,37314.3515625,53089.25,5509.009765625,20011.890625,12.029999732971191,86.23999786376953,2323.0,83.44129943847656
2024-07-04,24302.150390625,12.859999656677246,37725.8984375,53103.69921875,5537.02001953125,20186.630859375,12.09000015258789,87.33999633789062,2359.800048828125,83.4791030883789
2024-07-05,24323.849609375,12.699999809265137,37720.75,52660.3515625,5537.02001953125,20186.630859375,12.09000015258789,87.33999633789062,2359.800048828125,83.49120330810547
2024-07-08,24320.55078125,13.600000381469728,37742.25,52425.80078125,5567.18994140625,20391.970703125,12.479999542236328,86.54000091552734,2388.5,83.49340057373047
2024-07-09,24433.19921875,14.279999732971191,37668.6484375,52568.80078125,5572.85009765625,20439.5390625,12.369999885559082,85.75,2355.199951171875,83.47209930419922
2024-07-10,24324.44921875,14.43000030517578,37280.75,52189.30078125,5576.97998046875,20453.01953125,12.510000228881836,84.66000366210938,2360.10009765625,83.45760345458984
2024-07-11,24315.94921875,14.0,37332.6015625,52270.6484375,5633.91015625,20675.380859375,12.850000381469728,85.08000183105469,2372.199951171875,83.49299621582031
2024-07-12,24502.150390625,13.729999542236328,39023.0,52278.8984375,5584.5400390625,20211.359375,12.920000076293944,85.4000015258789,2415.0,83.49590301513672
2024-07-15,24586.69921875,14.1899995803833,38911.3515625,52455.8984375,5615.35009765625,20331.490234375,12.460000038146973,85.02999877929688,2414.0,83.51850128173828
2024-07-16,24613.0,14.220000267028809,39141.5,52396.80078125,5631.22021484375,20386.880859375,13.119999885559082,84.8499984741211,2422.89990234375,83.52030181884766
2024-07-18,24800.849609375,14.510000228881836,40010.3984375,52620.69921875,5588.27001953125,19799.140625,14.479999542236328,85.08000183105469,2454.800048828125,83.52960205078125
2024-07-19,24530.900390625,14.829999923706056,39923.30078125,52265.6015625,5544.58984375,19705.08984375,15.93000030517578,85.11000061035156,2451.800048828125,83.57209777832031
2024-07-22,24509.25,15.4399995803833,39773.1484375,52280.3984375,5505.0,19522.619140625,16.520000457763672,82.62999725341797,2395.5,83.67430114746094
2024-07-23,24479.05078125,12.75,40044.69921875,51778.30078125,5564.41015625,19822.869140625,14.90999984741211,82.4000015258789,2392.0,83.73030090332031
2024-07-24,24413.5,11.760000228881836,40115.05078125,51317.0,5555.740234375,19754.33984375,14.720000267028809,81.01000213623047,2404.60009765625,83.67130279541016
2024-07-25,24406.099609375,12.619999885559082,40055.5,50888.75,5427.1298828125,19032.390625,18.040000915527344,81.70999908447266,2413.300048828125,83.70680236816406
2024-07-26,24834.849609375,12.25,40977.3515625,51295.94921875,5399.22021484375,18830.580078125,18.459999084472656,82.37000274658203,2351.89990234375,83.74299621582031
2024-07-29,24836.099609375,12.949999809265137,40820.1015625,51406.25,5459.10009765625,19023.66015625,16.389999389648438,81.12999725341797,2380.0,83.73760223388672
2024-07-30,24857.30078125,12.880000114440918,40776.3515625,51499.30078125,5463.5400390625,19059.490234375,16.600000381469727,79.77999877929688,2377.300048828125,83.72779846191406
2024-07-31,24951.150390625,13.25,40851.1015625,51553.3984375,5436.43994140625,18796.26953125,17.690000534057617,78.62999725341797,2405.0,83.75050354003906
2024-08-01,25010.900390625,12.93000030517578,40709.3984375,51564.0,5522.2998046875,19362.4296875,16.360000610351562,80.72000122070312,2426.5,83.73899841308594
2024-08-02,24717.69921875,14.31999969482422,39730.30078125,51350.1484375,5446.68017578125,18890.390625,18.59000015258789,79.5199966430664,2435.0,83.7177963256836
2024-08-05,24055.599609375,20.3700008392334,38435.94921875,50092.1015625,5346.56005859375,18440.849609375,23.38999938964844,76.80999755859375,2425.699951171875,83.743896484375
2024-08-06,23992.55078125,18.739999771118164,38624.19921875,49748.30078125,5186.330078125,17895.16015625,38.56999969482422,76.30000305175781,2401.699951171875,83.73529815673828
2024-08-07,24297.5,16.170000076293945,39194.80078125,50119.0,5240.02978515625,18077.919921875,27.709999084472656,76.4800033569336,2389.10009765625,84.00260162353516
2024-08-08,24117.0,16.600000381469727,38448.30078125,50156.69921875,5199.5,17867.369140625,27.850000381469727,78.33000183105469,2390.5,83.93489837646484
2024-08-09,24367.5,15.34000015258789,39043.30078125,50484.5,5319.31005859375,18413.8203125,23.790000915527344,79.16000366210938,2422.199951171875,83.94239807128906
2024-08-12,24347.0,15.869999885559082,39109.55078125,50577.94921875,5344.16015625,18513.099609375,20.3700008392334,79.66000366210938,2432.10009765625,83.98899841308594
2024-08-13,24139.0,16.170000076293945,39114.8515625,49831.8515625,5344.39013671875,18542.029296875,20.709999084472656,82.30000305175781,2462.39990234375,83.94979858398438
2024-08-14,24143.75,15.4399995803833,39731.25,49727.30078125,5434.43017578125,19006.4296875,18.1200008392334,80.69000244140625,2466.699951171875,83.88999938964844
2024-08-16,24541.150390625,14.399999618530272,40878.25,50516.8984375,5543.22021484375,19490.150390625,15.229999542236328,81.04000091552734,2453.10009765625,83.97149658203125
2024-08-19,24572.650390625,14.31999969482422,41236.8515625,50368.3515625,5554.25,19508.51953125,14.800000190734863,79.68000030517578,2498.60009765625,83.94830322265625
2024-08-20,24698.849609375,13.81999969482422,41572.80078125,50803.1484375,5608.25,19766.490234375,14.649999618530272,77.66000366210938,2501.800048828125,83.88980102539062
2024-08-21,24770.19921875,13.329999923706056,41570.8515625,50685.55078125,5597.1201171875,19719.8203125,15.880000114440918,77.19999694824219,2511.300048828125,83.87860107421875
2024-08-22,24811.5,13.0,41506.19921875,50985.69921875,5620.85009765625,19824.83984375,16.270000457763672,76.05000305175781,2508.39990234375,83.77940368652344
2024-08-23,24823.150390625,13.550000190734863,41089.8515625,50933.44921875,5570.64013671875,19491.83984375,17.549999237060547,77.22000122070312,2478.89990234375,83.88860321044922
2024-08-26,25010.599609375,13.800000190734863,41662.1015625,51148.1015625,5634.60986328125,19720.869140625,15.859999656677246,79.0199966430664,2508.39990234375,83.94059753417969
2024-08-27,25017.75,13.630000114440918,41709.25,51278.75,5616.83984375,19516.439453125,16.149999618530273,81.43000030517578,2517.699951171875,83.81379699707031
2024-08-28,25052.349609375,13.949999809265137,42394.3984375,51143.8515625,5625.7998046875,19581.51953125,15.43000030517578,79.55000305175781,2516.0,83.88369750976562
2024-08-29,25151.94921875,13.789999961853027,42591.6484375,51152.75,5592.18017578125,19350.779296875,17.110000610351562,78.6500015258789,2501.0,83.92160034179688
2024-08-30,25235.900390625,13.390000343322754,42787.80078125,51351.0,5591.9599609375,19325.44921875,15.649999618530272,79.94000244140625,2525.699951171875,83.94149780273438
2024-09-02,25278.69921875,14.0600004196167,42975.6015625,51439.55078125,5648.39990234375,19574.640625,15.0,78.80000305175781,2493.800048828125,83.89510345458984
2024-09-03,25279.849609375,13.84000015258789,42851.30078125,51689.1015625,5648.39990234375,19574.640625,15.0,78.80000305175781,2493.800048828125,83.86380004882812
2024-09-04,25198.69921875,14.380000114440918,42450.5,51400.25,5528.93017578125,18958.740234375,20.71999931335449,73.75,2489.89990234375,83.92729949951172
2024-09-05,25145.099609375,14.210000038146973,42644.6484375,51473.05078125,5520.06982421875,18921.400390625,21.31999969482422,72.69999694824219,2493.39990234375,83.95030212402344
2024-09-06,24852.150390625,15.220000267028809,42228.8984375,50576.8515625,5503.41015625,18930.330078125,19.899999618530277,72.69000244140625,2511.39990234375,83.98249816894531
2024-09-09,24936.400390625,14.239999771118164,41919.05078125,51117.80078125,5408.419921875,18421.310546875,22.3799991607666,71.05999755859375,2493.5,83.98359680175781
2024-09-10,25041.099609375,13.359999656677246,42644.19921875,51272.30078125,5471.0498046875,18660.779296875,19.450000762939453,71.83999633789062,2501.800048828125,83.98259735107422
2024-09-11,24918.44921875,13.630000114440918,42473.30078125,51010.0,5495.52001953125,18829.140625,19.07999992370605,69.19000244140625,2512.300048828125,83.98090362548828
2024-09-12,25388.900390625,13.18000030517578,43152.1015625,51772.3984375,5554.1298828125,19237.30078125,17.690000534057617,70.61000061035156,2512.10009765625,83.98200225830078
2024-09-13,25356.5,12.550000190734863,43394.3515625,51938.05078125,5595.759765625,19423.0703125,17.06999969482422,71.97000122070312,2551.199951171875,83.99259948730469
2024-09-16,25383.75,12.460000038146973,43352.6484375,52153.1484375,5626.02001953125,19514.58984375,16.559999465942383,71.61000061035156,2581.300048828125,83.93479919433594
2024-09-17,25418.55078125,12.59000015258789,43415.0,52188.6484375,5633.08984375,19423.060546875,17.139999389648438,72.75,2580.39990234375,83.88480377197266
2024-09-18,25377.55078125,13.369999885559082,42089.30078125,52750.3984375,5634.580078125,19432.400390625,17.610000610351562,73.69999694824219,2564.300048828125,83.88400268554688
2024-09-19,25415.80078125,12.470000267028809,41945.6015625,53037.6015625,5618.259765625,19344.490234375,18.229999542236328,73.6500015258789,2570.699951171875,83.77059936523438
2024-09-20,25790.94921875,12.789999961853027,42204.3984375,53793.19921875,5713.64013671875,19839.830078125,16.329999923706055,74.87999725341797,2588.0,83.69170379638672
2024-09-23,25939.05078125,13.789999961853027,41987.44921875,54105.80078125,5702.5498046875,19791.490234375,16.149999618530273,74.48999786376953,2619.89990234375,83.61470031738281
2024-09-24,25940.400390625,13.390000343322754,42243.94921875,53968.6015625,5718.56982421875,19852.19921875,15.890000343322754,73.9000015258789,2626.5,83.48709869384766
2024-09-25,26004.150390625,12.739999771118164,41960.94921875,54101.6484375,5732.93017578125,19944.83984375,15.390000343322754,75.16999816894531,2651.199951171875,83.55960083007812
2024-09-26,26216.05078125,12.0,42160.8984375,54375.3515625,5722.259765625,19972.609375,15.40999984741211,73.45999908447266,2659.199951171875,83.56759643554688
2024-09-27,26178.94921875,11.960000038146973,42312.6015625,53834.30078125,5745.3701171875,20115.5390625,15.369999885559082,71.5999984741211,2669.89990234375,83.62409973144531
2024-09-30,25810.849609375,12.789999961853027,41946.1015625,52978.1015625,5738.169921875,20008.619140625,16.959999084472656,71.9800033569336,2644.300048828125,83.61710357666016
2024-10-01,25796.900390625,11.989999771118164,42434.80078125,52922.6015625,5762.47998046875,20060.689453125,16.729999542236328,71.7699966430664,2636.10009765625,83.71640014648438
2024-10-03,25250.099609375,13.170000076293944,41762.6015625,51845.19921875,5709.5400390625,19802.58984375,18.899999618530277,73.9000015258789,2647.10009765625,83.87210083007812
2024-10-04,25014.599609375,14.130000114440918,41912.5,51462.05078125,5699.93994140625,19793.33984375,20.489999771118164,77.62000274658203,2657.10009765625,83.91960144042969
2024-10-07,24795.75,15.079999923706056,42190.6015625,50478.8984375,5751.06982421875,20035.01953125,19.209999084472656,78.05000305175781,2645.800048828125,84.0093994140625
2024-10-08,25013.150390625,14.59000015258789,42387.55078125,51021.0,5695.93994140625,19800.740234375,22.63999938964844,80.93000030517578,2644.800048828125,84.02780151367188
2024-10-09,24981.94921875,14.119999885559082,42622.75,51007.0,5751.1298828125,20107.779296875,21.420000076293945,77.18000030517578,2615.0,83.96410369873047
2024-10-10,24998.44921875,13.5,42088.80078125,51530.8984375,5792.0400390625,20268.859375,20.86000061035156,76.58000183105469,2606.0,83.91459655761719
2024-10-11,24964.25,13.220000267028809,42335.69921875,51172.30078125,5780.0498046875,20241.759765625,20.93000030517578,79.4000015258789,2620.60009765625,83.94219970703125
2024-10-14,25127.94921875,13.0,42872.75,51816.8984375,5815.02978515625,20271.970703125,20.459999084472656,79.04000091552734,2657.60009765625,83.94599914550781
2024-10-15,25057.349609375,13.0,42731.30078125,51906.0,5859.85009765625,20439.05078125,19.700000762939453,77.45999908447266,2647.800048828125,84.16829681396484
2024-10-16,24971.30078125,13.050000190734863,42230.69921875,51801.05078125,5815.259765625,20159.830078125,20.63999938964844,74.25,2661.39990234375,84.04850006103516
2024-10-17,24749.849609375,13.390000343322754,42734.3515625,51288.80078125,5842.47021484375,20174.05078125,19.57999992370605,74.22000122070312,2674.0,84.05619812011719
2024-10-18,24854.05078125,13.039999961853027,42106.5,52094.19921875,5841.47021484375,20190.419921875,19.11000061035156,74.44999694824219,2691.0,84.03929901123047
2024-10-21,24781.099609375,13.760000228881836,41562.69921875,51962.69921875,5864.669921875,20324.0390625,18.030000686645508,73.05999755859375,2713.699951171875,84.05380249023438
2024-10-22,24472.099609375,14.399999618530272,41238.80078125,51257.1484375,5853.97998046875,20361.470703125,18.3700008392334,74.29000091552734,2723.10009765625,84.0687026977539
2024-10-23,24435.5,14.619999885559082,42222.1015625,51239.0,5851.2001953125,20390.4609375,18.200000762939453,76.04000091552734,2744.199951171875,84.07350158691406
2024-10-24,24399.400390625,13.970000267028809,42139.8515625,51531.1484375,5797.419921875,20066.9609375,19.239999771118164,74.95999908447266,2714.39990234375,84.08399963378906
2024-10-25,24180.80078125,14.630000114440918,42038.8515625,50787.44921875,5809.85986328125,20232.869140625,19.07999992370605,74.37999725341797,2734.89990234375,84.06759643554688
2024-10-28,24339.150390625,14.289999961853027,42205.3984375,51259.30078125,5808.1201171875,20352.01953125,20.32999992370605,76.05000305175781,2740.89990234375,84.08180236816406
2024-10-29,24466.849609375,14.520000457763672,42031.44921875,52320.69921875,5823.52001953125,20351.0703125,19.799999237060547,71.41999816894531,2742.89990234375,84.10199737548828
2024-10-30,24340.849609375,15.510000228881836,41668.6015625,51807.5,5832.919921875,20550.650390625,19.34000015258789,71.12000274658203,2768.39990234375,84.10279846191406
2024-10-31,24205.349609375,15.550000190734863,40407.55078125,51475.3515625,5813.669921875,20387.69921875,20.350000381469727,72.55000305175781,2788.5,84.08930206298828
2024-11-01,24304.349609375,15.899999618530272,40433.6484375,51673.8984375,5705.4501953125,19890.419921875,23.15999984741211,73.16000366210938,2738.300048828125,84.08910369873047
2024-11-04,23995.349609375,16.690000534057617,40421.80078125,51215.25,5728.7998046875,20033.140625,21.8799991607666,73.0999984741211,2738.60009765625,84.09149932861328
2024-11-05,24213.30078125,16.1200008392334,40424.6015625,52207.25,5712.68994140625,19963.599609375,21.979999542236328,75.08000183105469,2736.10009765625,84.13359832763672
2024-11-06,24484.05078125,14.869999885559082,42039.5,52317.3984375,5782.759765625,20227.4609375,20.489999771118164,75.52999877929688,2740.300048828125,84.15249633789062
2024-11-07,24199.349609375,14.9399995803833,41752.3984375,51916.5,5929.0400390625,20781.330078125,16.270000457763672,74.91999816894531,2667.60009765625,84.11630249023438
2024-11-08,24148.19921875,14.470000267028809,42050.1484375,51561.19921875,5973.10009765625,21101.5703125,15.199999809265137,75.62999725341797,2698.39990234375,84.2511978149414
2024-11-11,24141.30078125,14.270000457763672,42590.30078125,51876.75,5995.5400390625,21117.1796875,14.9399995803833,73.87000274658203,2687.5,84.306396484375
2024-11-12,23883.44921875,14.59000015258789,42609.55078125,51157.80078125,6001.35009765625,21106.58984375,14.970000267028809,71.83000183105469,2611.199951171875,84.38289642333984
2024-11-13,23559.05078125,15.4399995803833,42369.5,50088.3515625,5983.990234375,21070.7890625,14.710000038146973,71.88999938964844,2600.0,84.39649963378906
2024-11-14,23532.69921875,14.779999732971191,42390.8515625,50179.55078125,5985.3798828125,21036.16015625,14.020000457763672,72.27999877929688,2580.800048828125,84.39530181884766
2024-11-18,23453.80078125,15.170000076293944,41406.55078125,50363.80078125,5870.6201171875,20394.130859375,16.139999389648438,71.04000091552734,2565.699951171875,84.47380065917969
2024-11-19,23518.5,15.65999984741211,41748.3515625,50626.5,5893.6201171875,20539.189453125,15.579999923706056,73.30000305175781,2610.60009765625,84.47750091552734
2024-11-21,23349.900390625,15.989999771118164,41952.80078125,50372.8984375,5917.10986328125,20667.099609375,17.15999984741211,72.80999755859375,2648.199951171875,84.39759826660156
2024-11-22,23907.25,16.100000381469727,43332.1015625,51135.3984375,5948.7099609375,20740.779296875,16.8700008392334,74.2300033569336,2672.10009765625,84.38310241699219
2024-11-25,24221.900390625,15.300000190734863,43618.1484375,52207.5,5969.33984375,20776.23046875,15.239999771118164,75.16999816894531,2709.89990234375,84.48829650878906
2024-11-26,24194.5,15.3100004196167,44085.94921875,52191.5,5987.3701171875,20804.890625,14.600000381469728,73.01000213623047,2616.800048828125,84.43599700927734
2024-11-27,24274.900390625,14.630000114440918,44018.69921875,52301.80078125,6021.6298828125,20922.900390625,14.100000381469728,72.80999755859375,2620.300048828125,84.37750244140625
2024-11-28,23914.150390625,15.210000038146973,42968.75,51906.8515625,5998.740234375,20744.490234375,14.100000381469728,72.83000183105469,2639.89990234375,84.33910369873047
2024-11-29,24131.099609375,14.43000030517578,43146.25,52055.6015625,5998.740234375,20744.490234375,14.100000381469728,72.83000183105469,2639.89990234375,84.42030334472656
2024-12-02,24276.05078125,14.699999809265137,43547.0,52109.0,6032.3798828125,20930.369140625,13.510000228881836,72.94000244140625,2657.0,84.47160339355469
2024-12-03,24457.150390625,14.369999885559082,43754.94921875,52695.75,6047.14990234375,21164.599609375,13.34000015258789,71.83000183105469,2634.89990234375,84.55699920654297
2024-12-04,24467.44921875,14.449999809265137,43949.25,53266.8984375,6049.8798828125,21229.3203125,13.300000190734863,73.62000274658203,2644.699951171875,84.73709869384766
2024-12-05,24708.400390625,14.529999732971191,44806.3984375,53603.55078125,6086.490234375,21492.359375,13.449999809265137,72.30999755859375,2653.800048828125,84.68309783935547
2024-12-06,24677.80078125,14.140000343322754,44716.05078125,53509.5,6075.10986328125,21425.220703125,13.539999961853027,72.08999633789062,2626.60009765625,84.70700073242188
2024-12-09,24619.0,14.109999656677246,44832.0,53407.75,6090.27001953125,21622.25,12.770000457763672,71.12000274658203,2638.60009765625,84.68379974365234
2024-12-10,24610.05078125,13.779999732971191,45199.75,53577.69921875,6052.85009765625,21440.8203125,14.1899995803833,72.13999938964844,2664.89990234375,84.66600036621094
2024-12-11,24641.80078125,13.270000457763672,45350.3515625,53391.3515625,6034.91015625,21368.1796875,14.18000030517578,72.19000244140625,2697.60009765625,84.84729766845703
2024-12-12,24548.69921875,13.1899995803833,45701.6484375,53216.44921875,6084.18994140625,21763.98046875,13.579999923706056,73.5199966430664,2733.800048828125,84.8740005493164
2024-12-13,24768.30078125,13.050000190734863,45995.80078125,53583.80078125,6051.25,21615.26953125,13.920000076293944,73.41000366210938,2687.5,84.85710144042969
2024-12-16,24668.25,14.020000457763672,45653.6015625,53581.3515625,6051.08984375,21780.25,13.8100004196167,74.48999786376953,2656.0,84.83920288085938
2024-12-17,24336.0,14.489999771118164,45413.75,52834.80078125,6074.080078125,22096.66015625,14.6899995803833,73.91000366210938,2651.39990234375,84.802001953125
2024-12-18,24198.849609375,14.369999885559082,45526.8515625,52139.55078125,6050.60986328125,22001.080078125,15.869999885559082,73.19000244140625,2644.39990234375,84.91729736328125
2024-12-19,23951.69921875,14.510000228881836,44954.19921875,51575.69921875,5872.16015625,21209.3203125,27.6200008392334,73.38999938964844,2636.5,84.91539764404297
2024-12-20,23587.5,15.06999969482422,43771.05078125,50759.19921875,5867.080078125,21110.509765625,24.09000015258789,72.87999725341797,2592.199951171875,85.16549682617188
2024-12-23,23753.44921875,13.520000457763672,43828.3515625,51317.6015625,5930.85009765625,21289.150390625,18.36000061035156,72.94000244140625,2628.699951171875,85.27940368652344
2024-12-24,23727.650390625,13.18000030517578,43668.8984375,51233.0,5974.06982421875,21503.169921875,16.780000686645508,72.62999725341797,2612.300048828125,84.94499969482422
2024-12-26,23750.19921875,14.039999961853027,43664.25,51170.69921875,6040.0400390625,21797.650390625,14.270000457763672,73.58000183105469,2620.0,85.18150329589844
2024-12-27,23813.400390625,13.239999771118164,43721.3984375,51311.30078125,6037.58984375,21768.310546875,14.729999542236328,73.26000213623047,2638.800048828125,85.41339874267578
2024-12-30,23644.900390625,13.970000267028809,43971.44921875,50952.75,5970.83984375,21473.01953125,15.949999809265137,74.16999816894531,2617.199951171875,85.26090240478516
2024-12-31,23644.80078125,14.449999809265137,43337.80078125,50860.19921875,5906.93994140625,21197.08984375,17.399999618530273,74.38999938964844,2606.10009765625,85.38600158691406
2025-01-02,24188.650390625,13.739999771118164,44351.75,51605.55078125,5881.6298828125,21012.169921875,17.350000381469727,74.63999938964844,2629.199951171875,85.7865982055664
2025-01-03,24004.75,13.539999961853027,43726.55078125,50988.80078125,5868.5498046875,20975.619140625,17.93000030517578,75.93000030517578,2658.89990234375,85.78569793701172
2025-01-06,23616.05078125,15.649999618530272,43674.8515625,49922.0,5942.47021484375,21326.16015625,16.1299991607666,76.51000213623047,2645.0,85.80400085449219
2025-01-07,23707.900390625,14.65999984741211,43375.8515625,50202.1484375,5975.3798828125,21559.5,16.040000915527344,76.30000305175781,2638.39990234375,85.75900268554688
2025-01-08,23688.94921875,14.470000267028809,43634.25,49835.05078125,5909.02978515625,21173.0390625,17.81999969482422,77.05000305175781,2656.699951171875,85.68070220947266
2025-01-09,23526.5,14.65999984741211,43126.44921875,49503.5,5918.25,21180.970703125,17.700000762939453,76.16000366210938,2664.5,85.80650329589844
2025-01-10,23431.5,14.920000076293944,44609.5,48734.1484375,5918.25,21180.970703125,17.700000762939453,76.91999816894531,2683.800048828125,85.90750122070312
2025-01-13,23085.94921875,16.0,43999.1015625,48041.25,5827.0400390625,20847.580078125,19.540000915527344,79.76000213623047,2708.5,85.91999816894531
2025-01-14,23176.05078125,15.470000267028809,43061.19921875,48729.1484375,5836.22021484375,20784.720703125,19.190000534057617,81.01000213623047,2673.5,86.18800354003906
2025-01-15,23213.19921875,15.260000228881836,43401.25,48751.69921875,5842.91015625,20757.41015625,18.709999084472656,79.91999816894531,2677.5,86.65059661865234
2025-01-16,23311.80078125,15.470000267028809,43188.8515625,49278.69921875,5949.91015625,21237.849609375,16.1200008392334,82.02999877929688,2712.5,86.535400390625
2025-01-17,23203.19921875,15.75,42032.19921875,48540.6015625,5937.33984375,21091.25,16.600000381469727,81.29000091552734,2746.39990234375,86.43099975585938
2025-01-20,23344.75,16.420000076293945,42192.80078125,49350.80078125,5996.66015625,21441.16015625,15.970000267028809,80.79000091552734,2744.300048828125,86.6061019897461
2025-01-21,23024.650390625,17.059999465942383,41697.94921875,48570.8984375,5996.66015625,21441.16015625,15.970000267028809,80.79000091552734,2744.300048828125,86.56900024414062
2025-01-22,23155.349609375,16.770000457763672,42590.69921875,48724.3984375,6049.240234375,21566.509765625,15.0600004196167,79.29000091552734,2755.0,86.21109771728516
2025-01-23,23205.349609375,16.700000762939453,43351.75,48589.0,6086.3701171875,21853.0,15.100000381469728,79.0,2767.60009765625,86.45189666748047
2025-01-24,23092.19921875,16.75,43524.1015625,48367.80078125,6118.7099609375,21900.9296875,15.020000457763672,78.29000091552734,2763.10009765625,86.47270202636719
2025-01-27,22829.150390625,18.1299991607666,42060.69921875,48064.6484375,6101.240234375,21774.009765625,14.850000381469728,78.5,2777.300048828125,86.44020080566406
2025-01-28,22957.25,18.200000762939453,41820.6484375,48866.8515625,6012.27978515625,21127.279296875,17.899999618530273,77.08000183105469,2737.5,86.2030029296875
2025-01-29,23163.099609375,18.63999938964844,42914.5,49165.94921875,6067.7001953125,21463.0390625,16.40999984741211,77.48999786376953,2766.800048828125,86.46839904785156
2025-01-30,23249.5,17.389999389648438,42426.6484375,49311.94921875,6039.31005859375,21411.4609375,16.559999465942383,76.58000183105469,2769.10009765625,86.58460235595703
2025-01-31,23508.400390625,16.25,42662.75,49587.19921875,6071.169921875,21508.119140625,15.84000015258789,76.87000274658203,2823.0,86.6406021118164
2025-02-03,23361.05078125,14.350000381469728,42314.25,49210.55078125,6040.52978515625,21478.05078125,16.43000030517578,76.76000213623047,2812.5,86.64700317382812
2025-02-04,23739.25,14.020000457763672,42860.19921875,50157.94921875,5994.56982421875,21297.580078125,18.6200008392334,75.95999908447266,2833.89990234375,86.55400085449219
2025-02-05,23696.30078125,14.079999923706056,42888.30078125,50343.05078125,6037.8798828125,21566.919921875,17.209999084472656,76.19999694824219,2853.300048828125,86.94339752197266
2025-02-06,23603.349609375,14.18000030517578,43020.94921875,50382.1015625,6061.47998046875,21658.16015625,15.770000457763672,74.61000061035156,2871.60009765625,87.13009643554688
2025-02-07,23559.94921875,13.6899995803833,42921.6484375,50158.8515625,6083.56982421875,21774.0703125,15.5,74.29000091552734,2856.0,87.33409881591797
2025-02-10,23381.599609375,14.449999809265137,42596.55078125,49981.0,6025.990234375,21491.310546875,16.540000915527344,74.66000366210938,2867.300048828125,87.58830261230469
2025-02-11,23071.80078125,14.869999885559082,41968.30078125,49403.3984375,6066.43994140625,21756.73046875,15.8100004196167,75.87000274658203,2914.300048828125,87.51309967041016
2025-02-12,23045.25,14.899999618530272,41733.0,49479.44921875,6068.5,21693.51953125,16.020000457763672,77.0,2912.5,87.49009704589844
2025-02-13,23031.400390625,14.960000038146973,41315.55078125,49359.8515625,6051.97021484375,21719.259765625,15.890000343322754,75.18000030517578,2909.0,86.81120300292969
2025-02-14,22929.25,15.020000457763672,41311.1484375,49099.44921875,6115.06982421875,22030.7109375,15.100000381469728,75.0199966430664,2925.89990234375,86.8740005493164
2025-02-17,22959.5,15.720000267028809,41073.19921875,49258.8984375,6114.6298828125,22114.689453125,14.770000457763672,74.73999786376953,2883.60009765625,86.75409698486328
2025-02-18,22945.30078125,15.670000076293944,41464.3515625,49087.30078125,6114.6298828125,22114.689453125,14.770000457763672,74.73999786376953,2883.60009765625,86.43460083007812
2025-02-19,22932.900390625,15.420000076293944,40924.25,49570.1015625,6129.580078125,22164.609375,15.350000381469728,75.83999633789062,2931.60009765625,86.85479736328125
2025-02-20,22913.150390625,14.68000030517578,40865.94921875,49334.55078125,6144.14990234375,22175.599609375,15.270000457763672,76.04000091552734,2919.39990234375,86.88719940185547
2025-02-21,22795.900390625,14.529999732971191,40544.55078125,48981.19921875,6117.52001953125,22068.060546875,15.65999984741211,76.4800033569336,2940.0,86.872802734375
2025-02-24,22553.349609375,14.4399995803833,39446.6015625,48651.94921875,6013.1298828125,21614.080078125,18.209999084472656,74.43000030517578,2937.60009765625,86.45120239257812
2025-02-25,22547.55078125,13.720000267028809,39131.30078125,48608.3515625,5983.25,21352.080078125,18.979999542236328,74.77999877929688,2947.89990234375,86.52940368652344
2025-02-27,22545.05078125,13.3100004196167,38946.6484375,48743.80078125,5956.06005859375,21132.919921875,19.100000381469727,72.52999877929688,2916.800048828125,87.0811996459961
2025-02-28,22124.69921875,13.90999984741211,37318.30078125,48344.69921875,5861.56982421875,20550.94921875,21.1299991607666,74.04000091552734,2883.199951171875,87.16220092773438
2025-03-03,22119.30078125,13.760000228881836,37614.44921875,48114.30078125,5954.5,20884.41015625,19.6299991607666,73.18000030517578,2836.800048828125,87.3270034790039
2025-03-04,22082.650390625,13.829999923706056,37276.94921875,48245.19921875,5849.72021484375,20425.580078125,22.780000686645508,71.62000274658203,2890.199951171875,87.46399688720703
2025-03-05,22337.30078125,13.670000076293944,38072.30078125,48489.94921875,5778.14990234375,20352.529296875,23.51000022888184,71.04000091552734,2909.60009765625,87.32959747314453
2025-03-06,22544.69921875,13.729999542236328,38145.30078125,48627.69921875,5842.6298828125,20628.4609375,21.93000030517578,69.30000305175781,2915.300048828125,87.21700286865234
2025-03-07,22552.5,13.470000267028809,37820.44921875,48497.5,5738.52001953125,20052.630859375,24.8700008392334,69.45999908447266,2916.60009765625,86.88929748535156
2025-03-10,22460.30078125,13.989999771118164,37644.3984375,48216.80078125,5770.2001953125,20201.369140625,23.3700008392334,70.36000061035156,2904.699951171875,87.12879943847656
2025-03-11,22497.900390625,14.06999969482422,37400.1015625,47853.94921875,5614.56005859375,19430.94921875,27.86000061035156,69.27999877929688,2891.0,87.07379913330078
2025-03-12,22470.5,13.6899995803833,36310.6484375,48056.6484375,5572.06982421875,19376.9609375,26.920000076293945,69.55999755859375,2912.89990234375,87.3551025390625
2025-03-13,22397.19921875,13.279999732971191,36122.5,48060.3984375,5599.2998046875,19596.01953125,24.229999542236328,70.94999694824219,2939.10009765625,87.20010375976562
2025-03-17,22508.75,13.420000076293944,36137.19921875,48354.1484375,5638.93994140625,19704.640625,21.770000457763672,70.58000183105469,2994.5,86.9220962524414
2025-03-18,22834.30078125,13.210000038146973,36619.3515625,49314.5,5675.1201171875,19812.240234375,20.51000022888184,71.06999969482422,3000.0,86.93900299072266
2025-03-19,22907.599609375,13.300000190734863,36223.5,49702.6015625,5614.66015625,19483.359375,21.700000762939453,70.55999755859375,3035.10009765625,86.91639709472656
2025-03-20,23190.650390625,12.600000381469728,36676.6484375,50062.8515625,5675.2900390625,19736.66015625,19.899999618530277,70.77999877929688,3035.89990234375,86.57610321044922
2025-03-21,23350.400390625,12.579999923706056,36702.80078125,50593.55078125,5662.89013671875,19677.609375,19.799999237060547,72.0,3040.0,86.33709716796875
2025-03-24,23658.349609375,13.699999809265137,37217.05078125,51704.94921875,5667.56005859375,19753.970703125,19.280000686645508,72.16000366210938,3018.199951171875,86.33609771728516
2025-03-25,23668.650390625,13.640000343322754,37706.8984375,51607.94921875,5767.56982421875,20180.44921875,17.479999542236328,73.0,3013.10009765625,85.98699951171875
2025-03-26,23486.849609375,13.470000267028809,37336.69921875,51209.0,5776.64990234375,20287.830078125,17.149999618530273,73.0199966430664,3023.699951171875,85.53209686279297
2025-03-27,23591.94921875,13.300000190734863,37548.30078125,51575.8515625,5712.2001953125,19916.990234375,18.32999992370605,73.79000091552734,3020.89990234375,85.59040069580078
2025-03-28,23519.349609375,12.720000267028809,36886.1484375,51564.8515625,5693.31005859375,19798.619140625,18.690000534057617,74.02999877929688,3060.199951171875,86.09539794921875
2025-04-01,23165.69921875,13.779999732971191,35980.6484375,50827.5,5611.85009765625,19278.44921875,22.280000686645508,74.73999786376953,3122.800048828125,85.53880310058594
2025-04-02,23332.349609375,13.720000267028809,36283.5,51348.05078125,5633.06982421875,19436.419921875,21.770000457763672,74.48999786376953,3118.89990234375,85.46810150146484
2025-04-03,23250.099609375,13.600000381469728,34757.25,51597.3515625,5670.97021484375,19581.779296875,21.51000022888184,74.94999694824219,3139.89990234375,85.61009979248047
2025-04-04,22904.44921875,13.760000228881836,33511.44921875,51502.69921875,5396.52001953125,18521.470703125,30.020000457763672,70.13999938964844,3097.0,85.65119934082031
2025-04-07,22161.599609375,22.790000915527344,32668.80078125,49860.1015625,5074.080078125,17397.69921875,45.310001373291016,65.58000183105469,3012.0,85.28289794921875
2025-04-08,22535.849609375,20.440000534057617,33244.3984375,50511.0,5062.25,17430.6796875,46.97999954223633,64.20999908447266,2951.300048828125,85.529296875
2025-04-09,22399.150390625,21.43000030517578,32517.349609375,50240.1484375,4982.77001953125,17090.400390625,52.33000183105469,62.81999969482422,2968.39990234375,86.0270004272461
2025-04-11,22828.55078125,20.11000061035156,32740.849609375,51002.3515625,5268.0498046875,18343.5703125,40.720001220703125,63.33000183105469,3155.199951171875,86.20929718017578
2025-04-15,23328.55078125,16.1299991607666,33275.30078125,52379.5,5405.97021484375,18796.01953125,30.88999938964844,64.87999725341797,3204.800048828125,86.19300079345703
2025-04-16,23437.19921875,15.869999885559082,33295.5,53117.75,5396.6298828125,18830.23046875,30.1200008392334,64.66999816894531,3218.699951171875,86.0447998046875
2025-04-17,23851.650390625,15.470000267028809,33372.3515625,54290.19921875,5275.7001953125,18257.640625,32.63999938964844,65.8499984741211,3326.60009765625,85.72669982910156
2025-04-21,24125.55078125,15.520000457763672,34135.05078125,55304.5,5282.7001953125,18258.08984375,29.649999618530277,67.95999908447266,3308.699951171875,85.62049865722656
2025-04-22,24167.25,15.229999542236328,33941.05078125,55647.19921875,5158.2001953125,17808.30078125,33.81999969482422,66.26000213623047,3406.199951171875,85.62049865722656
2025-04-23,24328.94921875,15.960000038146973,35414.6484375,55370.05078125,5287.759765625,18276.41015625,30.56999969482422,67.44000244140625,3400.800048828125,85.15889739990234
2025-04-24,24246.69921875,16.25,35307.1015625,55201.3984375,5375.85986328125,18693.259765625,28.450000762939453,66.12000274658203,3276.300048828125,85.2323989868164
2025-04-25,24039.349609375,17.15999984741211,35562.25,54664.05078125,5484.77001953125,19214.400390625,26.46999931335449,66.55000305175781,3332.0,85.4999008178711
2025-04-28,24328.5,16.940000534057617,35482.94921875,55432.80078125,5525.2099609375,19432.560546875,24.84000015258789,66.87000274658203,3282.39990234375,85.2573013305664
2025-04-29,24335.94921875,17.3700008392334,35920.3984375,55391.25,5528.75,19427.2890625,25.149999618530277,65.86000061035156,3332.5,85.38490295410156
2025-04-30,24334.19921875,18.21999931335449,35794.94921875,55087.1484375,5560.830078125,19544.94921875,24.170000076293945,64.25,3318.800048828125,85.1603012084961
2025-05-02,24346.69921875,18.26000022888184,35891.8515625,55115.3515625,5604.14013671875,19786.7109375,24.600000381469727,62.130001068115234,3210.0,84.53119659423828
2025-05-05,24461.150390625,18.34000015258789,35991.25,54919.5,5686.669921875,20102.609375,22.68000030517578,61.290000915527344,3231.89990234375,84.69670104980469
2025-05-06,24379.599609375,19.0,35869.19921875,54271.3984375,5650.3798828125,19967.939453125,23.63999938964844,60.22999954223633,3311.300048828125,84.52629852294922
2025-05-07,24414.400390625,19.059999465942383,35920.30078125,54610.8984375,5606.91015625,19791.349609375,24.76000022888184,62.150001525878906,3411.39990234375,84.2208023071289
2025-05-08,24273.80078125,21.01000022888184,36002.44921875,54365.6484375,5631.27978515625,19867.970703125,23.549999237060547,61.119998931884766,3381.39990234375,84.79319763183594
2025-05-09,24008.0,21.6299991607666,35880.1015625,53595.25,5663.93994140625,20063.560546875,22.479999542236328,62.84000015258789,3296.60009765625,84.81719970703125
2025-05-12,24924.69921875,18.38999938964844,38282.55078125,55382.8515625,5659.91015625,20061.44921875,21.899999618530277,63.90999984741211,3335.39990234375,86.08219909667969
2025-05-13,24578.349609375,18.200000762939453,37354.6015625,54940.8515625,5844.18994140625,20868.150390625,18.38999938964844,64.95999908447266,3220.0,85.4083023071289
2025-05-14,24666.900390625,17.229999542236328,37853.55078125,54801.30078125,5886.5498046875,21197.69921875,18.21999931335449,66.62999725341797,3240.300048828125,84.9656982421875
2025-05-15,25062.099609375,16.889999389648438,38293.80078125,55355.6015625,5892.580078125,21319.2109375,18.6200008392334,66.08999633789062,3181.39990234375,85.060302734375
2025-05-16,25019.80078125,16.549999237060547,37972.3515625,55354.8984375,5916.93017578125,21335.8203125,17.829999923706055,64.52999877929688,3220.699951171875,85.48760223388672
2025-05-19,24945.44921875,17.360000610351562,37477.80078125,55420.69921875,5958.3798828125,21427.939453125,17.239999771118164,65.41000366210938,3182.0,85.44490051269531
2025-05-20,24683.900390625,17.389999389648438,37283.5,54877.3515625,5963.60009765625,21447.05078125,18.13999938964844,65.54000091552734,3228.89990234375,85.50029754638672
2025-05-21,24813.44921875,17.549999237060547,37540.1015625,55075.1015625,5940.4599609375,21367.369140625,18.09000015258789,65.37999725341797,3280.300048828125,85.37210083007812
2025-05-22,24609.69921875,17.260000228881836,37050.1484375,54941.30078125,5844.60986328125,21080.359375,20.8700008392334,64.91000366210938,3309.300048828125,85.53610229492188
2025-05-23,24853.150390625,17.280000686645508,37403.55078125,55398.25,5842.009765625,21112.470703125,20.280000686645508,64.44000244140625,3292.300048828125,85.60030364990234
2025-05-26,25001.150390625,18.020000457763672,37785.8984375,55572.0,5802.81982421875,20915.66015625,22.290000915527344,64.77999877929688,3363.60009765625,85.97489929199219
2025-05-27,24826.19921875,18.540000915527344,37501.44921875,55352.80078125,5802.81982421875,20915.66015625,22.290000915527344,64.77999877929688,3363.60009765625,85.19930267333984
2025-05-28,24752.44921875,18.020000457763672,37465.75,55417.0,5921.5400390625,21414.990234375,18.959999084472656,64.08999633789062,3299.10009765625,85.158203125
2025-05-29,24833.599609375,16.420000076293945,37754.1484375,55546.05078125,5888.5498046875,21318.169921875,19.309999465942383,64.9000015258789,3293.60009765625,85.3604965209961
2025-05-30,24750.69921875,16.079999923706055,37321.75,55749.69921875,5912.169921875,21363.94921875,19.18000030517578,64.1500015258789,3317.10009765625,85.38590240478516
2025-06-02,24716.599609375,17.15999984741211,37061.8515625,55903.3984375,5911.68994140625,21340.990234375,18.56999969482422,63.900001525878906,3288.89990234375,85.36129760742188
2025-06-03,24542.5,16.559999465942383,36814.8984375,55599.94921875,5935.93994140625,21491.75,18.36000061035156,64.62999725341797,3370.60009765625,85.52429962158203
2025-06-04,24620.19921875,15.75,36938.1015625,55676.8515625,5970.3701171875,21662.580078125,17.690000534057617,65.62999725341797,3350.199951171875,85.36370086669922
2025-06-05,24750.900390625,15.079999923706056,37107.94921875,55760.8515625,5970.81005859375,21721.919921875,17.610000610351562,64.86000061035156,3373.5,85.70880126953125
2025-06-06,25003.05078125,14.630000114440918,37294.8515625,56578.3984375,5939.2998046875,21547.4296875,18.479999542236328,65.33999633789062,3350.699951171875,85.9041976928711
2025-06-09,25103.19921875,14.6899995803833,37669.19921875,56839.6015625,6000.35986328125,21761.7890625,16.770000457763672,66.47000122070312,3322.699951171875,85.87750244140625
2025-06-10,25104.25,14.020000457763672,38300.0,56629.1015625,6005.8798828125,21797.869140625,17.15999984741211,67.04000091552734,3332.10009765625,85.7853012084961
2025-06-11,25141.400390625,13.670000076293944,38784.30078125,56459.75,6038.81005859375,21941.919921875,16.950000762939453,66.87000274658203,3320.89990234375,85.75599670410156
2025-06-12,24888.19921875,14.020000457763672,38460.30078125,56082.55078125,6022.240234375,21860.80078125,17.260000228881836,69.7699966430664,3321.300048828125,85.65280151367188
2025-06-13,24718.599609375,15.079999923706056,38469.25,55527.3515625,6045.259765625,21913.3203125,18.020000457763672,69.36000061035156,3380.89990234375,85.46980285644531
2025-06-16,24946.5,14.84000015258789,39073.05078125,55944.8984375,5976.97021484375,21631.0390625,20.81999969482422,74.2300033569336,3431.199951171875,85.68840026855469
2025-06-17,24853.400390625,14.399999618530272,39356.1015625,55714.1484375,6033.10986328125,21937.5703125,19.11000061035156,73.2300033569336,3396.39990234375,86.24919891357422
2025-06-18,24812.05078125,14.279999732971191,39030.8984375,55828.75,5982.72021484375,21719.080078125,21.600000381469727,76.44999694824219,3386.60009765625,86.10420227050781
2025-06-19,24793.25,14.260000228881836,38664.94921875,55577.44921875,5980.8701171875,21719.689453125,20.13999938964844,76.69999694824219,3389.800048828125,86.36270141601562
2025-06-20,25112.400390625,13.670000076293944,38991.44921875,56252.8515625,5980.8701171875,21719.689453125,20.13999938964844,76.69999694824219,3389.800048828125,86.61360168457031
2025-06-23,24971.900390625,14.050000190734863,38414.1015625,56059.3515625,5967.83984375,21626.390625,20.6200008392334,77.01000213623047,3368.10009765625,86.58380126953125
2025-06-24,25044.349609375,13.640000343322754,38417.94921875,56461.8984375,6025.169921875,21856.330078125,19.82999992370605,71.4800033569336,3377.699951171875,86.5802993774414
2025-06-25,25244.75,12.960000038146973,39046.30078125,56621.1484375,6092.18017578125,22190.51953125,17.479999542236328,67.13999938964844,3317.39990234375,86.23300170898438
2025-06-26,25549.0,12.59000015258789,38996.25,57206.69921875,6092.16015625,22237.740234375,16.760000228881836,67.68000030517578,3327.10009765625,85.90480041503906
2025-06-27,25637.80078125,12.390000343322754,38822.94921875,57443.8984375,6141.02001953125,22447.2890625,16.59000015258789,67.7300033569336,3333.5,86.006103515625
2025-06-30,25517.05078125,12.789999961853027,38950.0,57312.75,6173.06982421875,22534.19921875,16.31999969482422,67.7699966430664,3273.699951171875,85.66639709472656
2025-07-01,25541.80078125,12.529999732971191,38833.1484375,57459.44921875,6204.9501953125,22679.009765625,16.729999542236328,67.61000061035156,3294.39990234375,85.4552993774414
2025-07-02,25453.400390625,12.449999809265137,38879.1015625,56999.19921875,6198.009765625,22478.130859375,16.829999923706055,67.11000061035156,3336.699951171875,85.71399688720703
2025-07-03,25405.30078125,12.390000343322754,38854.30078125,56791.94921875,6227.419921875,22641.890625,16.639999389648438,69.11000061035156,3348.0,85.6427993774414
2025-07-04,25461.0,12.31999969482422,39166.55078125,57031.8984375,6279.35009765625,22866.970703125,16.3799991607666,68.80000305175781,3331.60009765625,85.69409942626953
2025-07-07,25461.30078125,12.5600004196167,38866.94921875,56949.19921875,6279.35009765625,22866.970703125,16.3799991607666,68.29000091552734,3332.5,85.31909942626953
2025-07-08,25522.5,12.199999809265137,38983.25,57256.30078125,6229.97998046875,22685.5703125,17.790000915527344,69.58000183105469,3332.199951171875,85.49629974365234
2025-07-09,25476.099609375,11.9399995803833,38680.8515625,57213.55078125,6225.52001953125,22702.25,16.809999465942383,70.1500015258789,3307.0,85.89199829101562
2025-07-10,25355.25,11.670000076293944,38376.6484375,56956.0,6263.259765625,22864.91015625,15.9399995803833,70.19000244140625,3311.60009765625,85.7073974609375
2025-07-11,25149.849609375,11.81999969482422,37693.25,56754.69921875,6280.4599609375,22829.259765625,15.779999732971191,68.63999938964844,3317.39990234375,85.70850372314453
2025-07-14,25082.30078125,11.979999542236328,37273.69921875,56765.3515625,6259.75,22780.599609375,16.399999618530273,70.36000061035156,3356.0,85.73480224609375
2025-07-15,25195.80078125,11.479999542236328,37424.6015625,57006.6484375,6268.56005859375,22855.630859375,17.200000762939453,69.20999908447266,3351.5,85.82129669189453
2025-07-16,25212.05078125,11.239999771118164,37660.75,57168.94921875,6243.759765625,22884.58984375,17.3799991607666,68.70999908447266,3329.800048828125,85.96839904785156
2025-07-17,25111.44921875,11.239999771118164,37138.55078125,56828.80078125,6263.7001953125,22907.970703125,17.15999984741211,68.5199966430664,3352.5,85.99310302734375
2025-07-18,24968.400390625,11.390000343322754,37141.8984375,56283.0,6297.35986328125,23081.05078125,16.520000457763672,69.5199966430664,3340.10009765625,85.88520050048828
2025-07-21,25090.69921875,11.199999809265137,37031.75,56952.75,6296.7900390625,23065.470703125,16.40999984741211,69.27999877929688,3353.0,86.04650115966797
2025-07-22,25060.900390625,10.75,36858.8984375,56756.0,6305.60009765625,23180.060546875,16.649999618530273,69.20999908447266,3401.89990234375,86.14859771728516
2025-07-23,25219.900390625,10.520000457763672,36951.5,57210.44921875,6309.6201171875,23063.580078125,16.5,68.58999633789062,3439.199951171875,86.19529724121094
2025-07-24,25062.099609375,10.720000267028809,36135.80078125,57066.05078125,6358.91015625,23162.41015625,15.369999885559082,68.51000213623047,3394.10009765625,86.3427963256836
2025-07-25,24837.0,11.279999732971191,35623.75,56528.8984375,6363.35009765625,23219.869140625,15.390000343322754,69.18000030517578,3371.0,86.39869689941406
2025-07-28,24680.900390625,12.0600004196167,35370.05078125,56084.8984375,6388.64013671875,23272.25,14.93000030517578,68.44000244140625,3334.0,86.4302978515625
2025-07-29,24821.099609375,11.529999732971191,35373.25,56222.0,6389.77001953125,23356.26953125,15.029999732971191,70.04000091552734,3309.10009765625,86.506103515625
2025-07-30,24855.05078125,11.210000038146973,35481.69921875,56150.69921875,6370.85986328125,23308.30078125,15.979999542236328,72.51000213623047,3323.39990234375,86.77760314941406
2025-07-31,24768.349609375,11.539999961853027,35301.6484375,55961.94921875,6362.89990234375,23345.41015625,15.479999542236328,73.23999786376953,3295.800048828125,87.06320190429688
2025-08-01,24565.349609375,11.979999542236328,34649.6015625,55617.6015625,6339.39013671875,23218.119140625,16.719999313354492,72.52999877929688,3293.199951171875,87.714599609375
2025-08-04,24722.75,11.970000267028809,35203.3515625,55619.3515625,6238.009765625,22763.310546875,20.3799991607666,69.66999816894531,3347.699951171875,87.4894027709961
2025-08-05,24649.55078125,11.710000038146973,35034.5,55360.25,6329.93994140625,23188.609375,17.520000457763672,68.76000213623047,3374.39990234375,87.24530029296875
2025-08-06,24574.19921875,11.960000038146973,34426.25,55411.1484375,6299.18994140625,23018.560546875,17.850000381469727,67.63999938964844,3381.89990234375,87.89330291748047
2025-08-07,24596.150390625,11.6899995803833,34726.80078125,55521.1484375,6345.06005859375,23315.0390625,16.770000457763672,66.88999938964844,3380.0,87.72309875488281
2025-08-08,24363.30078125,12.029999732971191,34398.5,55004.8984375,6340.0,23389.529296875,16.56999969482422,66.43000030517578,3400.300048828125,87.76249694824219
2025-08-11,24585.05078125,12.220000267028809,34544.6484375,55510.75,6389.4501953125,23611.26953125,15.149999618530272,66.58999633789062,3439.10009765625,87.43319702148438
2025-08-12,24487.400390625,12.229999542236328,34674.30078125,55043.69921875,6373.4501953125,23526.630859375,16.25,66.62999725341797,3353.10009765625,87.48829650878906
2025-08-13,24619.349609375,12.140000343322754,34692.94921875,55181.44921875,6445.759765625,23839.19921875,14.729999542236328,66.12000274658203,3348.89990234375,87.66449737548828
2025-08-14,24631.30078125,12.359999656677246,34833.19921875,55341.8515625,6466.580078125,23849.0390625,14.489999771118164,65.62999725341797,3358.699951171875,87.59559631347656
2025-08-18,24876.94921875,12.34000015258789,34634.94921875,55734.8984375,6449.7998046875,23712.0703125,15.09000015258789,65.8499984741211,3336.0,87.69180297851562
2025-08-19,24980.650390625,11.789999961853027,34756.69921875,55865.1484375,6449.14990234375,23713.759765625,14.989999771118164,66.5999984741211,3331.699951171875,87.51280212402344
2025-08-20,25050.55078125,11.789999961853027,35690.05078125,55698.5,6411.3701171875,23384.76953125,15.56999969482422,65.79000091552734,3313.39990234375,87.29509735107422
2025-08-21,25083.75,11.369999885559082,35723.8984375,55755.44921875,6395.77978515625,23249.5703125,15.6899995803833,66.83999633789062,3343.39990234375,87.0791015625
2025-08-22,24870.099609375,11.729999542236328,35440.8515625,55149.3984375,6370.169921875,23142.580078125,16.600000381469727,67.66999816894531,3336.89990234375,87.01820373535156
2025-08-25,24967.75,11.760000228881836,36280.1015625,55139.30078125,6466.91015625,23498.119140625,14.220000267028809,67.7300033569336,3374.39990234375,87.29340362548828
2025-08-26,24712.05078125,12.1899995803833,36063.19921875,54450.44921875,6439.31982421875,23425.609375,14.789999961853027,68.80000305175781,3373.800048828125,87.3301010131836
2025-08-28,24500.900390625,12.18000030517578,35488.80078125,53820.3515625,6481.39990234375,23565.849609375,14.850000381469728,68.05000305175781,3404.60009765625,87.60070037841797
2025-08-29,24426.849609375,11.75,35181.25,53655.6484375,6501.85986328125,23703.44921875,14.43000030517578,68.62000274658203,3431.800048828125,87.65910339355469
2025-09-01,24625.05078125,11.289999961853027,35740.6484375,54002.44921875,6460.259765625,23415.419921875,15.359999656677246,68.12000274658203,3473.699951171875,87.5916976928711
2025-09-02,24579.599609375,11.399999618530272,35737.8984375,53661.0,6460.259765625,23415.419921875,15.359999656677246,68.12000274658203,3473.699951171875,88.17430114746094
2025-09-03,24715.05078125,10.93000030517578,35474.94921875,54067.55078125,6415.5400390625,23231.109375,17.170000076293945,69.13999938964844,3549.39990234375,88.00140380859375
2025-09-04,24734.30078125,10.850000381469728,35143.1015625,54075.44921875,6448.259765625,23414.83984375,16.350000381469727,67.5999984741211,3593.199951171875,87.99829864501953
2025-09-05,24741.0,10.779999732971191,34635.8515625,54114.55078125,6502.080078125,23633.009765625,15.300000190734863,66.98999786376953,3565.800048828125,88.072998046875
2025-09-08,24773.150390625,10.84000015258789,34310.44921875,54186.8984375,6481.5,23652.439453125,15.18000030517578,65.5,3613.199951171875,88.19290161132812
2025-09-09,24868.599609375,10.6899995803833,35255.94921875,54216.1015625,6495.14990234375,23762.30078125,15.109999656677246,66.0199966430664,3638.10009765625,88.1863021850586
2025-09-10,24973.099609375,10.539999961853027,36183.80078125,54536.0,6512.60986328125,23839.80078125,15.039999961853027,66.38999938964844,3643.300048828125,87.98049926757812
2025-09-11,25005.5,10.359999656677246,36003.5,54669.6015625,6532.0400390625,23849.26953125,15.350000381469728,67.48999786376953,3643.60009765625,88.21829986572266
2025-09-12,25114.0,10.119999885559082,36110.75,54809.30078125,6587.47021484375,23992.560546875,14.710000038146973,66.37000274658203,3636.89990234375,88.05339813232422
2025-09-15,25069.19921875,10.399999618530272,35902.19921875,54887.8515625,6584.2900390625,24092.189453125,14.760000228881836,66.98999786376953,3649.39990234375,88.2676010131836
2025-09-16,25239.099609375,10.270000457763672,36212.1484375,55147.6015625,6615.27978515625,24293.779296875,15.6899995803833,67.44000244140625,3682.199951171875,88.27729797363281
2025-09-17,25330.25,10.25,36447.1484375,55493.30078125,6606.759765625,24274.25,16.360000610351562,68.47000122070312,3688.89990234375,88.12349700927734
2025-09-18,25423.599609375,9.890000343322754,36750.25,55727.44921875,6600.35009765625,24223.689453125,15.720000267028809,67.94999694824219,3681.800048828125,87.88459777832031
2025-09-19,25327.05078125,9.970000267028809,36578.25,55458.8515625,6631.9599609375,24454.890625,15.699999809265137,67.44000244140625,3643.699951171875,87.91069793701172
2025-09-22,25202.349609375,10.5600004196167,35500.1484375,55284.75,6664.35986328125,24626.25,15.449999809265137,66.68000030517578,3671.5,88.20690155029297
2025-09-23,25169.5,10.630000114440918,35249.1015625,55509.75,6693.75,24761.0703125,16.100000381469727,66.56999969482422,3740.699951171875,88.09919738769531
2025-09-24,25056.900390625,10.520000457763672,34994.30078125,55121.5,6656.919921875,24580.169921875,16.639999389648438,67.62999725341797,3780.60009765625,88.30439758300781
2025-09-25,24890.849609375,10.779999732971191,34548.30078125,54976.19921875,6637.97021484375,24503.5703125,16.18000030517578,69.30999755859375,3732.10009765625,88.80799865722656
2025-09-26,24654.69921875,11.43000030517578,33702.0,54389.3515625,6604.72021484375,24397.310546875,16.739999771118164,69.41999816894531,3736.89990234375,88.77860260009766
2025-09-29,24634.900390625,11.369999885559082,33693.1015625,54461.0,6643.7001953125,24503.849609375,15.289999961853027,70.12999725341797,3775.300048828125,88.77310180664062
2025-09-30,24611.099609375,11.06999969482422,33655.1015625,54635.8515625,6661.2099609375,24611.349609375,16.1200008392334,67.97000122070312,3820.89990234375,88.67680358886719
2025-10-01,24836.30078125,10.289999961853027,33905.19921875,55347.94921875,6688.4599609375,24679.990234375,16.280000686645508,67.0199966430664,3840.800048828125,88.70449829101562
2025-10-03,24894.25,10.0600004196167,33949.75,55589.25,6715.35009765625,24892.759765625,16.6299991607666,64.11000061035156,3839.699951171875,88.68299865722656
2025-10-06,25077.650390625,10.1899995803833,34722.55078125,56104.8515625,6715.7900390625,24785.51953125,16.649999618530273,64.52999877929688,3880.800048828125,88.72019958496094
2025-10-07,25108.30078125,10.050000190734863,34709.44921875,56239.3515625,6740.27978515625,24978.560546875,16.3700008392334,65.47000122070312,3948.5,88.73509979248047
2025-10-08,25046.150390625,10.3100004196167,35232.25,56018.25,6714.58984375,24840.23046875,17.239999771118164,65.44999694824219,3976.60009765625,88.72109985351562
2025-10-09,25181.80078125,10.119999885559082,35628.5,56192.05078125,6753.72021484375,25136.619140625,16.299999237060547,66.25,4043.300048828125,88.74259948730469
2025-10-10,25285.349609375,10.100000381469728,35609.05078125,56609.75,6735.10986328125,25098.1796875,16.43000030517578,65.22000122070312,3946.300048828125,88.7771987915039
2025-10-13,25227.349609375,11.010000228881836,35330.80078125,56625.0,6552.509765625,24221.740234375,21.65999984741211,62.72999954223633,3975.89990234375,88.86540222167969
2025-10-14,25145.5,11.15999984741211,35214.8515625,56496.44921875,6654.72021484375,24750.25,19.030000686645508,63.31999969482422,4108.60009765625,88.7573013305664
2025-10-15,25323.55078125,10.529999732971191,35401.80078125,56799.8984375,6644.31005859375,24579.3203125,20.809999465942383,62.38999938964844,4138.7001953125,88.66510009765625
2025-10-16,25585.30078125,10.869999885559082,35531.05078125,57422.55078125,6671.06005859375,24745.359375,20.63999938964844,61.90999984741211,4176.89990234375,88.78250122070312
2025-10-17,25709.849609375,11.630000114440918,34950.69921875,57713.3515625,6629.06982421875,24657.240234375,25.309999465942383,61.060001373291016,4280.2001953125,87.80950164794922
2025-10-20,25843.150390625,11.359999656677246,35292.6015625,58033.19921875,6664.009765625,24817.94921875,20.780000686645508,61.290000915527344,4189.89990234375,87.9906997680664
2025-10-21,25868.599609375,11.300000190734863,35299.75,58007.19921875,6735.1298828125,25141.01953125,18.229999542236328,61.0099983215332,4336.39990234375,88.0022964477539
2025-10-23,25891.400390625,11.729999542236328,36078.6484375,58078.05078125,6699.39990234375,24879.009765625,18.600000381469727,62.59000015258789,4044.39990234375,88.00160217285156
2025-10-24,25795.150390625,11.59000015258789,35986.3515625,57699.6015625,6738.43994140625,25097.41015625,17.299999237060547,65.98999786376953,4125.5,87.74030303955078
2025-10-27,25966.05078125,11.859999656677246,36129.1015625,58114.25,6791.68994140625,25358.16015625,16.3700008392334,65.94000244140625,4118.39990234375,87.77899932861328
2025-10-28,25936.19921875,11.949999809265137,35860.3984375,58214.1015625,6875.16015625,25821.55078125,15.789999961853027,65.62000274658203,4001.89990234375,87.8290023803711
2025-10-29,26053.900390625,11.970000267028809,36090.1015625,58385.25,6890.89013671875,26012.150390625,16.420000076293945,64.4000015258789,3966.199951171875,88.22209930419922
2025-10-30,25877.849609375,12.06999969482422,35906.3984375,58031.1015625,6890.58984375,26119.849609375,16.920000076293945,64.91999816894531,3983.699951171875,88.22550201416016
2025-10-31,25722.099609375,12.149999618530272,35712.3515625,57776.3515625,6822.33984375,25734.810546875,16.90999984741211,65.0,4001.300048828125,88.34559631347656
2025-11-03,25763.349609375,12.670000076293944,35653.1015625,58101.44921875,6840.2001953125,25858.130859375,17.440000534057617,65.06999969482422,3982.199951171875,88.6344985961914
2025-11-04,25597.650390625,12.649999618530272,35274.55078125,57827.05078125,6851.97021484375,25972.939453125,17.170000076293945,64.88999938964844,4000.300048828125,88.77539825439453
2025-11-06,25509.69921875,12.40999984741211,35337.6015625,57554.25,6796.2900390625,25620.029296875,18.010000228881836,63.52000045776367,3980.300048828125,88.73200225830078
2025-11-07,25492.30078125,12.5600004196167,35117.6484375,57876.80078125,6720.31982421875,25130.0390625,19.5,63.380001068115234,3979.89990234375,88.55690002441406
2025-11-10,25574.349609375,12.300000190734863,35688.25,57937.55078125,6728.7998046875,25059.810546875,19.07999992370605,63.630001068115234,3999.39990234375,88.6729965209961
2025-11-11,25694.94921875,12.489999771118164,36116.8984375,58138.1484375,6832.43017578125,25611.740234375,17.600000381469727,64.05999755859375,4111.7998046875,88.65799713134766
2025-11-12,25875.80078125,12.109999656677246,36855.3984375,58274.6484375,6846.60986328125,25533.490234375,17.280000686645508,65.16000366210938,4106.7998046875,88.70709991455078
2025-11-13,25879.150390625,12.15999984741211,36679.5,58381.94921875,6850.919921875,25517.330078125,17.510000228881836,62.709999084472656,4204.39990234375,88.46649932861328
2025-11-14,25910.05078125,11.9399995803833,36301.25,58517.55078125,6737.490234375,24993.4609375,20.0,63.0099983215332,4186.89990234375,88.59400177001953
2025-11-17,26013.44921875,11.789999961853027,36375.19921875,58962.69921875,6734.10986328125,25008.240234375,19.82999992370605,64.38999938964844,4087.60009765625,88.81610107421875
2025-11-18,25910.05078125,12.100000381469728,35975.19921875,58899.25,6672.41015625,24799.919921875,22.3799991607666,64.19999694824219,4068.300048828125,88.68199920654297
2025-11-19,26052.650390625,11.970000267028809,37044.6484375,59216.05078125,6617.31982421875,24503.099609375,24.690000534057617,64.88999938964844,4061.300048828125,88.63590240478516
2025-11-20,26192.150390625,12.140000343322754,37043.30078125,59347.69921875,6642.16015625,24640.51953125,23.65999984741211,63.5099983215332,4077.699951171875,88.55680084228516
2025-11-21,26068.150390625,13.630000114440918,36885.3515625,58867.69921875,6538.759765625,24054.380859375,26.420000076293945,63.380001068115234,4056.5,88.48719787597656
2025-11-24,25959.5,13.239999771118164,37037.94921875,58835.3515625,6602.990234375,24239.5703125,23.43000030517578,62.560001373291016,4076.699951171875,88.69219970703125
2025-11-25,25884.80078125,12.239999771118164,36826.8984375,58820.30078125,6705.1201171875,24873.849609375,20.520000457763672,63.369998931884766,4091.89990234375,89.63400268554688
2025-11-26,26205.30078125,11.970000267028809,37364.6015625,59528.05078125,6765.8798828125,25018.359375,18.559999465942383,62.47999954223633,4139.2001953125,89.14779663085938
2025-11-27,26215.55078125,11.789999961853027,37446.30078125,59737.30078125,6812.60986328125,25236.939453125,17.190000534057617,63.130001068115234,4165.2001953125,89.15059661865234
2025-11-28,26202.94921875,11.619999885559082,37405.5,59752.69921875,6812.60986328125,25236.939453125,17.190000534057617,63.130001068115234,4165.2001953125,89.16300201416016
2025-12-01,26175.75,11.630000114440918,37549.75,59681.3515625,6849.08984375,25434.890625,16.350000381469727,63.20000076293945,4218.2998046875,89.36479949951172
2025-12-02,26032.19921875,11.229999542236328,37541.25,59273.80078125,6812.6298828125,25342.849609375,17.239999771118164,63.16999816894531,4239.2998046875,89.3499984741211
2025-12-03,25986.0,11.210000038146973,37825.25,59348.25,6829.3701171875,25555.859375,16.59000015258789,62.45000076293945,4186.60009765625,89.61270141601562
2025-12-04,26033.75,10.81999969482422,38360.25,59288.69921875,6849.72021484375,25606.5390625,16.079999923706055,62.66999816894531,4199.2998046875,89.91719818115234
2025-12-05,26186.44921875,10.31999969482422,38703.6484375,59777.19921875,6857.1201171875,25581.69921875,15.779999732971191,63.2599983215332,4211.7998046875,90.17050170898438
2025-12-08,25960.55078125,11.130000114440918,38590.69921875,59238.55078125,6870.39990234375,25692.05078125,15.40999984741211,63.75,4212.89990234375,89.8364028930664
2025-12-09,25839.650390625,10.949999809265137,38130.6015625,59222.3515625,6846.509765625,25627.94921875,16.65999984741211,62.4900016784668,4187.2001953125,89.93800354003906
2025-12-10,25758.0,10.90999984741211,37789.8984375,58960.3984375,6840.509765625,25668.689453125,16.93000030517578,61.93999862670898,4206.7001953125,90.12999725341795
2025-12-11,25898.55078125,10.399999618530272,38097.0,59209.8515625,6886.68017578125,25776.439453125,15.770000457763672,62.209999084472656,4196.39990234375,89.91690063476562
2025-12-12,26046.94921875,10.109999656677246,38274.75,59389.94921875,6901.0,25686.689453125,14.850000381469728,61.27999877929688,4285.5,89.79299926757812
2025-12-15,26027.30078125,10.25,38386.30078125,59461.80078125,6827.41015625,25196.73046875,15.739999771118164,61.119998931884766,4300.10009765625,90.25299835205078
2025-12-16,25860.099609375,10.0600004196167,38062.5,59034.6015625,6816.509765625,25067.26953125,16.5,60.560001373291016,4306.7001953125,90.5770034790039
2025-12-17,25818.55078125,9.84000015258789,38172.05078125,58926.75,6800.259765625,25132.939453125,16.479999542236328,58.91999816894531,4304.5,90.7769012451172
2025-12-18,25815.55078125,9.710000038146973,38633.3515625,58912.8515625,6721.43017578125,24647.609375,17.6200008392334,59.68000030517578,4347.5,90.94889831542967
2025-12-19,25966.400390625,9.520000457763672,38691.6015625,59069.19921875,6774.759765625,25019.369140625,16.8700008392334,59.81999969482422,4339.5,90.4136962890625
2025-12-22,26172.400390625,9.68000030517578,39488.0,59304.0,6834.5,25346.1796875,14.90999984741211,60.470001220703125,4361.39990234375,90.25579833984376
2025-12-23,26177.150390625,9.380000114440918,39173.69921875,59299.55078125,6878.490234375,25461.69921875,14.079999923706056,62.06999969482422,4444.60009765625,89.56999969482422
2025-12-24,26142.099609375,9.1899995803833,38974.80078125,59183.6015625,6909.7900390625,25587.830078125,14.0,62.380001068115234,4482.7998046875,89.60389709472656
2025-12-26,26042.30078125,9.149999618530272,38572.30078125,59011.3515625,6932.0498046875,25656.150390625,13.470000267028809,62.2400016784668,4480.60009765625,89.50789642333984
2025-12-29,25942.099609375,9.720000267028809,38282.69921875,58932.3515625,6929.93994140625,25644.390625,13.600000381469728,60.63999938964844,4529.10009765625,90.10590362548828
2025-12-30,25938.849609375,9.68000030517578,37998.6015625,59171.25,6905.740234375,25525.560546875,14.199999809265137,61.93999862670898,4325.10009765625,89.82929992675781
2025-12-31,26129.599609375,9.479999542236328,37884.05078125,59581.8515625,6896.240234375,25462.560546875,14.329999923706056,61.91999816894531,4370.10009765625,89.9000015258789
2026-01-02,26328.55078125,9.449999809265137,38320.30078125,60150.94921875,6845.5,25249.849609375,14.949999809265137,60.84999847412109,4325.60009765625,89.76940155029297
2026-01-05,26250.30078125,10.020000457763672,37771.1484375,60044.19921875,6858.47021484375,25206.169921875,14.510000228881836,60.75,4314.39990234375,89.96189880371094
2026-01-06,26178.69921875,10.020000457763672,37977.3984375,60118.3984375,6902.0498046875,25401.3203125,14.899999618530272,61.7599983215332,4436.89990234375,90.00700378417969
2026-01-07,26140.75,9.949999809265137,38688.80078125,59990.8515625,6944.81982421875,25639.7109375,14.75,60.70000076293945,4482.2001953125,90.23300170898438
2026-01-08,25876.849609375,10.600000381469728,37920.30078125,59686.5,6920.93017578125,25653.900390625,15.380000114440918,59.959999084472656,4449.2998046875,90.16609954833984
2026-01-09,25683.30078125,10.93000030517578,38027.19921875,59251.55078125,6921.4599609375,25507.099609375,15.449999809265137,61.9900016784668,4449.7001953125,89.8644027709961
2026-01-12,25790.25,11.369999885559082,37988.25,59450.5,6966.27978515625,25766.259765625,14.489999771118164,63.34000015258789,4490.2998046875,89.90540313720703
2026-01-13,25732.30078125,11.199999809265137,38236.6015625,59578.80078125,6977.27001953125,25787.66015625,15.119999885559082,63.869998931884766,4604.2998046875,90.23600006103516
2026-01-14,25665.599609375,11.31999969482422,37822.69921875,59580.1484375,6963.740234375,25741.94921875,15.979999542236328,65.47000122070312,4589.2001953125,90.13269805908205
2026-01-16,25694.349609375,11.369999885559082,39086.6484375,60095.1484375,6944.47021484375,25547.0703125,15.84000015258789,63.7599983215332,4616.2998046875,90.18319702148438
2026-01-19,25585.5,11.829999923706056,38902.5,59891.3515625,6940.009765625,25529.259765625,15.859999656677246,64.12999725341797,4588.39990234375,90.36160278320312
2026-01-20,25232.5,12.729999542236328,38101.05078125,59404.19921875,6940.009765625,25529.259765625,15.859999656677246,64.12999725341797,4588.39990234375,90.7020034790039
2026-01-21,25157.5,13.779999732971191,37992.30078125,58800.30078125,6796.85986328125,24987.5703125,20.09000015258789,64.91999816894531,4759.60009765625,90.90450286865234
2026-01-22,25289.900390625,13.350000381469728,38301.75,59200.1015625,6875.6201171875,25326.580078125,16.899999618530273,65.23999786376953,4831.7998046875,91.11840057373048
2026-01-23,25048.650390625,14.1899995803833,38238.5,58473.1015625,6913.35009765625,25518.349609375,15.640000343322754,64.05999755859375,4908.7998046875,91.53690338134766
2026-01-27,25175.400390625,14.449999809265137,38566.1015625,59205.44921875,6950.22998046875,25713.2109375,16.149999618530273,65.58999633789062,5079.7001953125,91.5009994506836
2026-01-28,25342.75,13.529999732971191,38725.3515625,59598.80078125,6978.60009765625,25939.740234375,16.350000381469727,67.56999969482422,5079.89990234375,91.71309661865234
2026-01-29,25418.900390625,13.369999885559082,38431.30078125,59957.8515625,6978.02978515625,26022.7890625,16.350000381469727,68.4000015258789,5301.60009765625,91.5343017578125
2026-01-30,25320.650390625,13.630000114440918,38036.1484375,59610.44921875,6969.009765625,25884.30078125,16.8799991607666,70.70999908447266,5318.39990234375,92.04080200195312
2026-02-02,25088.400390625,13.869999885559082,38074.1484375,58619.0,6939.02978515625,25552.390625,17.440000534057617,70.69000244140625,4713.89990234375,91.78189849853516
2026-02-03,25727.55078125,12.899999618530272,38611.75,60041.30078125,6976.43994140625,25738.609375,16.34000015258789,66.30000305175781,4622.5,91.68699645996094
2026-02-04,25776.0,12.25,36345.6484375,60238.1484375,6917.81005859375,25338.619140625,18.0,67.33000183105469,4903.7001953125,90.24559783935548
2026-02-05,25642.80078125,12.170000076293944,36143.30078125,60063.6484375,6882.72021484375,24891.240234375,18.63999938964844,69.45999908447266,4920.39990234375,90.4228973388672
2026-02-06,25693.69921875,11.9399995803833,35611.05078125,60120.55078125,6798.39990234375,24548.689453125,21.770000457763672,67.55000305175781,4861.39990234375,90.125
2026-02-09,25867.30078125,12.1899995803833,35616.6484375,60669.3515625,6932.2998046875,25075.76953125,20.3700008392334,68.05000305175781,4951.2001953125,90.3147964477539
2026-02-10,25935.150390625,11.670000076293944,35722.19921875,60626.3984375,6964.81982421875,25268.140625,17.360000610351562,69.04000091552734,5050.89990234375,90.58799743652344
2026-02-11,25953.849609375,11.550000190734863,35095.1484375,60745.3515625,6941.81005859375,25127.640625,17.790000915527344,68.80000305175781,5003.7998046875,90.8227996826172
2026-02-12,25807.19921875,11.729999542236328,33160.19921875,60739.75,6941.47021484375,25201.259765625,17.649999618530273,69.4000015258789,5071.60009765625,90.58789825439452
2026-02-13,25471.099609375,13.289999961853027,32681.5,60186.6484375,6832.759765625,24687.609375,20.81999969482422,67.5199966430664,4923.7001953125,90.73570251464844
2026-02-16,25682.75,13.329999923706056,32738.05078125,60949.1015625,6836.169921875,24732.73046875,20.600000381469727,67.75,5022.0,90.56410217285156
2026-02-17,25725.400390625,12.670000076293944,33075.05078125,61174.0,6836.169921875,24732.73046875,20.600000381469727,67.75,5022.0,90.57119750976562
2026-02-18,25819.349609375,12.220000267028809,32668.30078125,61550.80078125,6843.22021484375,24701.599609375,20.290000915527344,67.41999816894531,4882.89990234375,90.78299713134766
2026-02-19,25454.349609375,13.460000038146973,32319.400390625,60739.55078125,6881.31005859375,24898.869140625,19.6200008392334,70.3499984741211,4986.5,90.6261978149414
2026-02-20,25571.25,14.359999656677246,32004.05078125,61172.0,6861.89013671875,24797.33984375,20.229999542236328,71.66000366210938,4975.89990234375,90.7935028076172
2026-02-23,25713.0,14.170000076293944,31550.5,61264.25,6909.509765625,25012.619140625,19.09000015258789,71.76000213623047,5059.2998046875,91.04109954833984
2026-02-24,25424.650390625,14.149999618530272,30053.5,61047.30078125,6837.75,24708.939453125,21.01000022888184,71.48999786376953,5204.7001953125,90.72660064697266
2026-02-25,25482.5,13.489999771118164,30526.349609375,61043.3515625,6890.06982421875,24977.0390625,19.549999237060547,70.7699966430664,5155.7998046875,91.02010345458984
2026-02-26,25496.55078125,13.0600004196167,30554.19921875,61187.69921875,6946.1298828125,25329.0390625,17.93000030517578,70.8499984741211,5206.39990234375,90.91799926757812
2026-02-27,25178.650390625,13.699999809265137,30603.849609375,60529.0,6908.85986328125,25034.369140625,18.6299991607666,70.75,5176.5,90.95099639892578
2026-03-02,24865.69921875,17.1299991607666,30272.94921875,59839.6484375,6878.8798828125,24960.0390625,19.86000061035156,72.4800033569336,5230.5,91.00740051269533
2026-03-04,24480.5,21.13999938964844,30305.30078125,58755.25,6816.6298828125,24720.080078125,23.56999969482422,81.4000015258789,5107.39990234375,91.56340026855467
2026-03-05,24765.900390625,17.860000610351562,30126.80078125,59055.8515625,6869.5,25093.6796875,21.149999618530277,81.4000015258789,5120.2001953125,92.00859832763672
2026-03-06,24450.44921875,19.8799991607666,30138.400390625,57783.25,6830.7099609375,25020.41015625,23.75,85.41000366210938,5065.2998046875,92.1230010986328
2026-03-09,24028.05078125,23.36000061035156,30162.05078125,56019.80078125,6740.02001953125,24643.01953125,29.489999771118164,92.69000244140624,5146.10009765625,91.78690338134766
2026-03-10,24261.599609375,18.90999984741211,30024.05078125,56950.80078125,6795.990234375,24967.25,25.5,98.95999908447266,5091.5,91.93620300292967
2026-03-11,23866.849609375,21.059999465942383,29651.69921875,55735.75,6781.47998046875,24956.470703125,24.93000030517578,87.80000305175781,5229.7001953125,91.220703125
2026-03-12,23639.150390625,21.520000457763672,29579.44921875,55100.94921875,6775.7998046875,24965.009765625,24.229999542236328,91.9800033569336,5167.39990234375,92.16510009765624
2026-03-13,23151.099609375,22.649999618530277,29071.30078125,53757.8515625,6672.6201171875,24533.580078125,27.290000915527344,100.45999908447266,5115.7998046875,92.22879791259766
2026-03-16,23408.80078125,21.600000381469727,29042.55078125,54413.3984375,6632.18994140625,24380.73046875,27.190000534057617,103.13999938964844,5052.5,92.38990020751952
2026-03-17,23581.150390625,19.790000915527344,28760.900390625,54876.0,6699.3798828125,24655.33984375,23.51000022888184,100.20999908447266,4994.0,92.5635986328125
2026-03-18,23777.80078125,18.71999931335449,29559.30078125,55326.05078125,6716.08984375,24780.419921875,22.3700008392334,103.41999816894533,5001.0,92.28269958496094
2026-03-19,23002.150390625,22.799999237060547,28579.599609375,53451.0,6624.7001953125,24425.08984375,25.09000015258789,107.37999725341795,4889.89990234375,92.39129638671876
2026-03-20,23114.5,22.809999465942383,29199.599609375,53427.05078125,6606.490234375,24355.279296875,24.059999465942383,108.6500015258789,4600.7001953125,93.24659729003906
2026-03-23,22512.650390625,26.729999542236328,29147.05078125,51437.75,6506.47998046875,23898.150390625,26.780000686645508,112.19000244140624,4570.39990234375,93.0822982788086
2026-03-24,22912.400390625,24.739999771118164,29648.900390625,52605.6484375,6581.0,24188.58984375,26.149999618530277,99.94000244140624,4404.10009765625,93.89530181884766
2026-03-25,23306.44921875,24.63999938964844,29671.30078125,53708.1015625,6556.3701171875,24002.44921875,26.950000762939453,104.48999786376952,4399.2998046875,93.2436981201172
2026-03-27,22819.599609375,26.799999237060547,29541.650390625,52274.6015625,6477.16015625,23586.990234375,27.440000534057617,108.01000213623048,4375.5,94.6937026977539
2026-03-30,22331.400390625,27.88999938964844,29062.599609375,50275.3515625,6368.85009765625,23132.76953125,31.049999237060547,112.56999969482422,4492.0,94.30950164794922
2026-04-01,22679.400390625,25.01000022888184,29669.05078125,51448.6484375,6528.52001953125,23740.189453125,25.25,118.3499984741211,4647.60009765625,94.35590362548828
2026-04-02,22713.099609375,25.520000457763672,30441.44921875,51548.75,6575.31982421875,24019.990234375,24.540000915527344,101.16000366210938,4783.2001953125,93.48429870605467
2026-04-06,22968.25,25.46999931335449,30636.55078125,52609.1015625,6582.68994140625,24045.529296875,23.8700008392334,109.02999877929688,4651.5,92.97360229492188
2026-04-07,23123.650390625,24.700000762939453,31403.349609375,52716.25,6611.830078125,24192.169921875,24.170000076293945,109.7699966430664,4656.7998046875,92.97100067138672
2026-04-08,23997.349609375,19.700000762939453,31565.80078125,55703.8984375,6616.85009765625,24202.369140625,25.780000686645508,109.2699966430664,4657.10009765625,92.81659698486328
2026-04-09,23775.099609375,20.43000030517578,31636.19921875,54821.69921875,6782.81005859375,24903.169921875,21.040000915527344,94.75,4749.5,92.86019897460938
2026-04-10,24050.599609375,18.850000381469727,31030.599609375,55912.75,6824.66015625,25082.08984375,19.489999771118164,95.91999816894533,4792.2001953125,92.2748031616211
2026-04-13,23842.650390625,20.5,30669.80078125,55605.05078125,6816.89013671875,25116.33984375,19.229999542236328,95.1999969482422,4761.89990234375,92.46980285644533
2026-04-15,24231.30078125,18.670000076293945,31539.75,56301.94921875,6967.3798828125,25842.0,18.36000061035156,94.79000091552734,4825.0,94.9468002319336
2026-04-16,24196.75,18.09000015258789,31817.5,56086.3984375,7022.9501953125,26204.580078125,18.170000076293945,94.93000030517578,4800.0,93.16539764404295
2026-04-17,24353.55078125,17.209999084472656,31809.849609375,56565.69921875,7041.27978515625,26333.0,17.940000534057617,99.38999938964844,4785.39990234375,93.38680267333984
2026-04-20,24364.849609375,18.790000915527344,31585.75,56582.3515625,7126.06005859375,26672.4296875,17.479999542236328,90.37999725341795,4857.60009765625,93.0478973388672
2026-04-21,24576.599609375,17.530000686645508,31729.099609375,57371.44921875,7109.14013671875,26590.33984375,18.8700008392334,95.4800033569336,4806.60009765625,92.60330200195312
2026-04-22,24378.099609375,18.299999237060547,30496.25,57124.44921875,7064.009765625,26479.470703125,19.5,98.4800033569336,4698.39990234375,93.12359619140624
2026-04-23,24173.05078125,18.59000015258789,30124.30078125,56305.0,7137.89990234375,26937.279296875,18.920000076293945,101.91000366210938,4732.5,93.622802734375
2026-04-24,23897.94921875,19.709999084472656,28530.599609375,56089.75,7108.39990234375,26782.630859375,19.309999465942383,105.06999969482422,4705.10009765625,93.80049896240234
2026-04-27,24092.69921875,18.3799991607666,29159.150390625,56264.30078125,7165.080078125,27303.669921875,18.709999084472656,105.33000183105467,4722.2998046875,94.11289978027344
2026-04-28,23995.69921875,18.049999237060547,28959.900390625,55400.3515625,7173.91015625,27305.6796875,18.020000457763672,108.2300033569336,4675.39990234375,94.25029754638672
2026-04-29,24177.650390625,17.440000534057617,29245.25,55403.6015625,7138.7998046875,27029.009765625,17.829999923706055,111.26000213623048,4591.5,94.2584991455078
2026-04-30,23997.55078125,18.459999084472656,29353.900390625,54863.3515625,7135.9501953125,27186.98046875,18.809999465942383,118.02999877929688,4545.2001953125,94.64550018310548
2026-05-04,24119.30078125,18.299999237060547,29076.150390625,54878.5,7230.1201171875,27710.359375,16.989999771118164,108.16999816894533,4629.89990234375,94.75910186767578
2026-05-05,24032.80078125,17.90999984741211,29107.30078125,54547.05078125,7200.75,27651.8203125,18.290000915527344,114.44000244140624,4519.5,94.90299987792967
2026-05-06,24330.94921875,16.68000030517578,29267.94921875,55981.05078125,7259.22021484375,28015.060546875,17.3799991607666,109.87000274658205,4555.7998046875,95.2593994140625
2026-05-07,24326.650390625,16.6200008392334,29043.5,56047.3984375,7365.1201171875,28599.169921875,17.389999389648438,101.2699966430664,4681.89990234375,95.18299865722656
2026-05-08,24176.150390625,16.84000015258789,29394.19921875,55310.55078125,7337.10986328125,28563.94921875,17.079999923706055,100.05999755859376,4699.7998046875,94.60800170898438
2026-05-11,23815.849609375,18.549999237060547,29329.44921875,54439.8984375,7398.93017578125,29234.990234375,17.190000534057617,101.29000091552734,4720.39990234375,94.25299835205078
2026-05-12,23379.55078125,19.280000686645508,28234.900390625,53555.19921875,7412.83984375,29320.66015625,18.3799991607666,104.20999908447266,4718.7001953125,94.42530059814452
2026-05-13,23412.599609375,19.43000030517578,27916.650390625,53456.1484375,7400.9599609375,29064.80078125,17.989999771118164,107.7699966430664,4677.60009765625,95.3914031982422
2026-05-14,23689.599609375,18.61000061035156,27360.349609375,54128.94921875,7444.25,29366.939453125,17.8700008392334,105.62999725341795,4697.7001953125,95.63300323486328
2026-05-15,23643.5,18.790000915527344,27716.900390625,53710.3515625,7501.240234375,29580.30078125,17.260000228881836,105.72000122070312,4678.10009765625,95.69580078125
2026-05-18,23649.94921875,19.6299991607666,28389.80078125,53537.0,7408.5,29125.19921875,18.43000030517578,109.26000213623048,4555.7998046875,95.70989990234376
2026-05-19,23618.0,18.68000030517578,29308.0,53409.1484375,7403.0498046875,28994.369140625,17.81999969482422,112.0999984741211,4552.5,95.97029876708984
2026-05-20,23659.0,18.440000534057617,29185.150390625,53562.19921875,7353.60986328125,28818.83984375,18.059999465942383,111.27999877929688,4506.2998046875,96.27020263671876
2026-05-21,23654.69921875,17.81999969482422,29021.099609375,53439.3984375,7432.97021484375,29297.69921875,17.440000534057617,105.0199966430664,4531.2998046875,96.56580352783205
2026-05-22,23719.30078125,17.90999984741211,28912.5,54055.3515625,7445.72021484375,29357.26953125,16.760000228881836,102.58000183105467,4539.7998046875,96.5282974243164
2026-05-25,24031.69921875,16.700000762939453,28979.849609375,55293.6484375,7473.47021484375,29481.640625,16.700000762939453,103.54000091552734,4521.0,96.17389678955078
2026-05-26,23913.69921875,16.1299991607666,28978.5,55092.8984375,7473.47021484375,29481.640625,16.59000015258789,103.54000091552734,4521.0,95.71949768066406
2026-05-27,23907.150390625,14.979999542236328,28906.69921875,54853.8515625,7519.1201171875,30001.3203125,17.010000228881836,99.58000183105467,4500.39990234375,95.25279998779295
2026-05-29,23547.75,16.190000534057617,29080.150390625,54239.19921875,7563.6298828125,30223.890625,15.739999771118164,93.70999908447266,4499.2998046875,96.04889678955078
2026-06-01,23382.599609375,16.540000915527344,29854.25,53643.1015625,7580.06005859375,30333.1796875,15.31999969482422,92.0500030517578,4560.5,96.04820251464844
2026-06-02,23483.55078125,15.359999656677246,31116.55078125,53714.6484375,7599.9599609375,30513.859375,16.049999237060547,94.9800033569336,4475.2001953125,95.00299835205078
2026-06-03,23405.599609375,16.280000686645508,29384.44921875,54185.94921875,7609.77978515625,30660.599609375,15.770000457763672,96.0,4489.10009765625,95.55139923095705
2026-06-04,23416.55078125,15.890000343322754,29300.599609375,54307.8515625,7553.68017578125,30571.240234375,16.059999465942383,97.80999755859376,4436.7001953125,95.26300048828124
2026-06-05,23366.69921875,15.789999961853027,29010.30078125,54496.25,7584.31005859375,30407.810546875,15.399999618530272,95.02999877929688,4475.7998046875,96.16449737548828
2026-06-08,23123.0,17.030000686645508,28653.55078125,54063.75,7383.740234375,28957.599609375,21.51000022888184,93.08999633789062,4337.10009765625,95.79029846191406
2026-06-09,23242.099609375,15.579999923706056,28516.25,55194.5,7405.72998046875,29414.259765625,18.920000076293945,94.25,4335.89990234375,94.95030212402344
2026-06-10,23214.94921875,15.630000114440918,28279.94921875,55100.30078125,7386.64990234375,29084.5,19.8700008392334,91.4499969482422,4260.0,95.68830108642578
2026-06-11,23161.599609375,15.609999656677246,27821.05078125,55176.75,7266.990234375,28508.029296875,22.21999931335449,93.0999984741211,4108.2001953125,95.36029815673828
2026-06-12,23622.900390625,14.720000267028809,27795.75,56814.80078125,7394.2998046875,29446.1796875,19.440000534057617,90.37999725341795,4090.300048828125,95.64450073242188
2026-06-15,23853.900390625,14.350000381469728,28067.900390625,57198.80078125,7431.4599609375,29635.94921875,17.68000030517578,87.33000183105469,4215.0,95.76010131835938
2026-06-16,23989.150390625,13.359999656677246,28568.099609375,57297.1484375,7554.2900390625,30543.919921875,16.200000762939453,83.16999816894531,4328.0,95.11029815673828
2026-06-17,24085.69921875,13.1899995803833,28809.55078125,57585.05078125,7511.35009765625,29968.130859375,16.40999984741211,78.95999908447266,4330.89990234375,94.74169921875
2026-06-18,24168.0,12.670000076293944,28466.44921875,57963.80078125,7420.10009765625,29670.94921875,18.440000534057617,79.55000305175781,4358.89990234375,94.88860321044922
2026-06-19,24013.099609375,12.970000267028809,27426.849609375,57685.75,7500.580078125,30406.189453125,16.399999618530273,79.8499984741211,4224.10009765625,94.85890197753906
2026-06-22,24102.900390625,12.84000015258789,27628.55078125,57935.6015625,7500.580078125,30406.189453125,16.399999618530273,79.8499984741211,4224.10009765625,94.33989715576172
2026-06-23,23824.099609375,13.9399995803833,27012.05078125,57183.75,7472.7900390625,30347.080078125,17.280000686645508,77.9000015258789,4181.89990234375,94.3302993774414
2026-06-24,24021.650390625,13.390000343322754,27566.69921875,58150.3515625,7365.4599609375,29347.26953125,19.489999771118164,77.08000183105469,4129.89990234375,94.70059967041016
2026-06-25,24056.0,13.050000190734863,27330.849609375,58177.05078125,7358.22021484375,29220.060546875,18.6299991607666,73.73999786376953,3990.300048828125,95.18370056152344
2026-06-29,23946.25,13.609999656677246,27038.5,57727.3515625,7354.02001953125,29118.240234375,18.40999984741211,71.98999786376953,4078.699951171875,94.40039825439452
2026-06-30,23865.75,13.600000381469728,26299.05078125,57542.8984375,7440.43017578125,29774.75,17.649999618530273,73.1500015258789,4022.300048828125,94.36029815673828
2026-07-01,24005.849609375,13.239999771118164,25769.80078125,58033.05078125,7499.35986328125,30276.349609375,16.450000762939453,72.91999816894531,4022.89990234375,94.79049682617188
2026-07-02,24175.69921875,12.289999961853027,26965.05078125,58031.6484375,7483.22998046875,29809.130859375,16.59000015258789,71.56999969482422,4068.300048828125,94.91799926757812
2026-07-03,24270.849609375,11.800000190734863,27439.400390625,57938.5,7483.240234375,29329.2109375,16.149999618530273,71.80000305175781,4112.7001953125,95.4175033569336
2026-07-06,24430.349609375,11.81999969482422,27276.44921875,58291.5,7483.240234375,29329.2109375,16.149999618530273,71.80000305175781,4112.7001953125,95.527099609375
2026-07-07,24398.69921875,11.649999618530272,27939.150390625,58200.69921875,7537.43017578125,29697.869140625,15.56999969482422,71.98999786376953,4155.10009765625,95.2147979736328
2026-07-08,23882.05078125,14.68000030517578,27555.19921875,56742.6015625,7503.85009765625,29173.01953125,16.1299991607666,74.16000366210938,4145.2998046875,95.60350036621094
2026-07-09,23962.80078125,13.359999656677246,27471.25,57252.44921875,7482.7099609375,29252.560546875,16.899999618530273,78.0199966430664,4070.89990234375,95.59339904785156
2026-07-10,24206.900390625,12.25,28010.400390625,58045.8984375,7543.64013671875,29727.099609375,15.84000015258789,76.30000305175781,4130.60009765625,95.86180114746094
2026-07-13,24211.0,13.279999732971191,29015.849609375,58131.44921875,7575.39013671875,29825.109375,15.029999732971191,76.01000213623047,4104.10009765625,95.39019775390624
2026-07-14,24052.05078125,13.75,28724.75,57462.30078125,7515.33984375,29264.099609375,17.15999984741211,83.30000305175781,3997.0,95.3249969482422
2026-07-15,24078.5,13.270000457763672,28532.25,57757.8515625,7543.58984375,29586.2890625,16.5,84.7300033569336,4061.10009765625,96.29889678955078
2026-07-16,24072.75,12.880000114440918,28722.599609375,57582.25,7572.39990234375,29502.599609375,15.670000076293944,84.94999694824219,4044.0,96.42530059814452
2026-07-17,24334.30078125,13.149999618530272,29226.599609375,58521.3984375,7533.77001953125,29025.76953125,16.729999542236328,84.2300033569336,3985.60009765625,96.49859619140624
2026-07-20,24238.5,12.979999542236328,29161.900390625,57945.0,7457.68994140625,28592.66015625,18.770000457763672,88.0999984741211,4012.699951171875,96.6521987915039
2026-07-21,24187.69921875,12.600000381469728,28984.400390625,57835.3515625,7443.27978515625,28604.23046875,18.649999618530277,89.22000122070312,4010.300048828125,96.28479766845705
2026-07-22,23996.25,13.289999961853027,28549.849609375,57126.80078125,7509.2001953125,29155.1796875,17.049999237060547,91.01000213623048,4071.10009765625,96.4896011352539
2026-07-23,23869.599609375,13.479999542236328,28533.55078125,56592.0,7498.9599609375,28998.099609375,16.639999389648438,94.06999969482422,4146.89990234375,96.34089660644533
2026-07-24,23767.44921875,14.029999732971191,28767.94921875,56693.5,7408.2998046875,28454.810546875,18.700000762939453,100.69000244140624,4046.60009765625,96.55709838867188
2026-07-27,23995.94921875,12.65999984741211,29441.900390625,57087.19921875,7411.97998046875,28128.33984375,18.57999992370605,96.77999877929688,4067.60009765625,96.87689971923828
2026-07-28,23985.349609375,12.5600004196167,30418.349609375,56755.6015625,7413.18017578125,28039.2109375,18.670000076293945,88.36000061035156,4074.5,96.56729888916016
2026-07-29,24250.19921875,12.010000228881836,31123.099609375,57205.8984375,7428.77978515625,27763.130859375,18.209999084472656,84.08999633789062,4036.300048828125,95.77410125732422
2026-07-30,24317.150390625,12.15999984741211,31194.55078125,57147.5,7316.14990234375,27192.310546875,20.65999984741211,90.73999786376952,4034.699951171875,95.59870147705078
2026-07-31,24383.599609375,11.760000228881836,30708.94921875,57264.8515625,7437.6298828125,28106.349609375,17.09000015258789,89.02999877929688,4100.10009765625,95.72859954833984
2026-08-03,24774.30078125,11.93000030517578,31715.25,58247.94921875,7489.72021484375,28274.19921875,15.989999771118164,90.12000274658205,4049.10009765625,95.68479919433594
2026-08-04,24614.900390625,12.1899995803833,31454.150390625,57907.19921875,7600.5,28776.80078125,15.859999656677246,83.7699966430664,4033.699951171875,95.4021987915039
2026-08-05,24624.650390625,12.0600004196167,31404.05078125,57739.94921875,7736.52001953125,29733.16015625,16.5,79.36000061035156,4095.39990234375,95.33159637451172
2026-08-06,24636.0,12.15999984741211,31106.25,58063.6484375,7723.5498046875,29487.7890625,15.8100004196167,79.44999694824219,4245.7998046875,95.09719848632812
2026-08-07,24570.650390625,12.15999984741211,31547.69921875,57746.44921875,7709.9599609375,29373.330078125,15.149999618530272,82.48999786376953,4242.0,95.07730102539062
2026-08-10,24583.80078125,12.25,31631.44921875,57686.94921875,7757.64013671875,29722.30078125,14.899999618530272,83.55000305175781,4340.7001953125,95.31189727783205
2026-08-11,24471.69921875,11.859999656677246,31823.150390625,57446.25,7753.10986328125,29621.80078125,15.460000038146973,87.72000122070312,4361.7998046875,95.21029663085938
2026-08-12,24435.94921875,11.6899995803833,31332.55078125,57885.8515625,7728.2001953125,29525.48046875,15.279999732971191,88.91000366210938,4383.0,95.39669799804688
2026-08-13,24395.849609375,11.420000076293944,31453.900390625,57635.25,7748.5,29742.599609375,14.550000190734863,88.9800033569336,4408.89990234375,95.37989807128906
2026-08-14,24366.0,11.3100004196167,31357.75,57491.1015625,7798.990234375,30084.5,14.630000114440918,87.06999969482422,4363.60009765625,95.34429931640624
2026-08-17,24287.650390625,11.329999923706056,30807.80078125,57497.80078125,7785.759765625,30046.140625,14.25,88.5199966430664,4380.39990234375,95.40119934082033
2026-08-18,24154.900390625,11.390000343322754,30213.44921875,57262.3984375,7745.06005859375,29995.380859375,15.1899995803833,90.87000274658205,4417.7998046875,95.45030212402344
2026-08-19,24078.30078125,11.31999969482422,30433.05078125,57239.75,7691.759765625,29490.9609375,15.84000015258789,91.0199966430664,4366.0,95.69409942626952
2026-08-20,24231.849609375,10.760000228881836,30673.05078125,57495.8984375,7707.97998046875,29426.01953125,14.890000343322754,91.62000274658205,4489.39990234375,95.81639862060548
2026-08-21,24252.0,11.199999809265137,30532.25,57761.94921875,7641.16015625,29213.16015625,16.010000228881836,93.77999877929688,4516.2998046875,95.49600219726562
2026-08-24,24219.05078125,11.529999732971191,30596.900390625,57525.94921875,7674.3701171875,29308.859375,15.130000114440918,94.38999938964844,4624.10009765625,95.77220153808594
2026-08-25,24334.55078125,11.079999923706056,30771.80078125,57514.19921875,7652.85986328125,29023.1796875,15.850000381469728,92.16999816894533,4640.7998046875,95.70030212402344
2026-08-26,24207.75,10.56999969482422,30318.849609375,57783.75,7677.27978515625,29209.23046875,15.449999809265137,88.58000183105469,4638.10009765625,95.7230987548828
2026-08-27,24090.849609375,11.06999969482422,30221.150390625,57509.94921875,7675.7001953125,29224.51953125,15.210000038146973,87.83999633789062,4598.2001953125,93.5460968017578
